-- phpMyAdmin SQL Dump
-- version 5.2.1
-- https://www.phpmyadmin.net/
--
-- Máy chủ: 127.0.0.1
-- Thời gian đã tạo: Th10 20, 2023 lúc 02:19 PM
-- Phiên bản máy phục vụ: 10.4.28-MariaDB
-- Phiên bản PHP: 8.2.4

SET SQL_MODE = "NO_AUTO_VALUE_ON_ZERO";
START TRANSACTION;
SET time_zone = "+00:00";


/*!40101 SET @OLD_CHARACTER_SET_CLIENT=@@CHARACTER_SET_CLIENT */;
/*!40101 SET @OLD_CHARACTER_SET_RESULTS=@@CHARACTER_SET_RESULTS */;
/*!40101 SET @OLD_COLLATION_CONNECTION=@@COLLATION_CONNECTION */;
/*!40101 SET NAMES utf8mb4 */;

--
-- Cơ sở dữ liệu: `phongtro`
--

-- --------------------------------------------------------

--
-- Cấu trúc bảng cho bảng `admins`
--

CREATE TABLE `admins` (
  `id` int(11) NOT NULL,
  `username` varchar(255) NOT NULL,
  `password` varchar(255) NOT NULL
) ENGINE=InnoDB DEFAULT CHARSET=utf8mb4 COLLATE=utf8mb4_general_ci;

--
-- Đang đổ dữ liệu cho bảng `admins`
--

INSERT INTO `admins` (`id`, `username`, `password`) VALUES
(0, 'admin', 'admin'),
(0, 'admin123', '123456'),
(1, 'admin123456', '123456');

-- --------------------------------------------------------

--
-- Cấu trúc bảng cho bảng `areas`
--

CREATE TABLE `areas` (
  `id` int(11) NOT NULL,
  `order` int(11) DEFAULT NULL,
  `code` varchar(255) DEFAULT NULL,
  `value` varchar(255) DEFAULT NULL,
  `createdAt` datetime NOT NULL,
  `updatedAt` datetime NOT NULL
) ENGINE=InnoDB DEFAULT CHARSET=utf8mb4 COLLATE=utf8mb4_general_ci;

--
-- Đang đổ dữ liệu cho bảng `areas`
--

INSERT INTO `areas` (`id`, `order`, `code`, `value`, `createdAt`, `updatedAt`) VALUES
(1, 1, 'ON2E', 'Dưới 20m', '2023-11-05 16:36:15', '2023-11-05 16:36:15'),
(2, 2, '2UMD', 'Từ 20m - 30m', '2023-11-05 16:36:15', '2023-11-05 16:36:15'),
(3, 3, '3UMD', 'Từ 30m - 50m', '2023-11-05 16:36:15', '2023-11-05 16:36:15'),
(4, 4, '5UMD', 'Từ 50m - 70m', '2023-11-05 16:36:15', '2023-11-05 16:36:15'),
(5, 5, '7UMD', 'Từ 70m - 90m', '2023-11-05 16:36:15', '2023-11-05 16:36:15'),
(6, 6, 'EN9E', 'Trên 90m', '2023-11-05 16:36:15', '2023-11-05 16:36:15');

-- --------------------------------------------------------

--
-- Cấu trúc bảng cho bảng `attributes`
--

CREATE TABLE `attributes` (
  `id` varchar(255) NOT NULL,
  `price` varchar(255) DEFAULT NULL,
  `acreage` varchar(255) DEFAULT NULL,
  `published` varchar(255) DEFAULT NULL,
  `hashtag` varchar(255) DEFAULT NULL,
  `createdAt` datetime NOT NULL,
  `updatedAt` datetime NOT NULL
) ENGINE=InnoDB DEFAULT CHARSET=utf8mb4 COLLATE=utf8mb4_general_ci;

--
-- Đang đổ dữ liệu cho bảng `attributes`
--

INSERT INTO `attributes` (`id`, `price`, `acreage`, `published`, `hashtag`, `createdAt`, `updatedAt`) VALUES
('00a7aacc-bd22-4f1d-8406-27d129c27ada', '5 triệu/tháng', '30m2', '2 giờ trước', '594264', '2023-11-05 16:36:50', '2023-11-05 16:36:50'),
('01186186-4396-43d8-9c96-2e3069c1812c', '2.1 đồng/tháng', '21 m2', '19/11/2023', '#110790', '2023-11-18 17:21:06', '2023-11-18 17:37:49'),
('014ae630-326d-4308-86e2-fc8a8edbe678', '7 triệu/tháng', '31m2', '1 giờ trước', '605692', '2023-11-05 16:36:50', '2023-11-05 16:36:50'),
('0380098b-c20e-4c4b-9227-7695105fcec1', '100000 đồng/tháng', '12000 m2', '07/11/2023', '#780527', '2023-11-07 04:18:33', '2023-11-07 04:18:33'),
('0422dd3f-dbef-43fd-87bf-816648737d4d', '5 triệu/tháng', '48m2', 'Hôm nay', '595850', '2023-11-05 16:36:50', '2023-11-05 16:36:50'),
('06162b9c-5961-4c8d-82aa-1947096c6819', '6 triệu/tháng', '40m2', 'Hôm nay', '605655', '2023-11-05 16:36:50', '2023-11-05 16:36:50'),
('06715e50-cb30-40d2-81fd-1e16624ee8b0', '5 triệu/tháng', '30m2', 'Hôm nay', '277052', '2023-11-05 16:36:50', '2023-11-05 16:36:50'),
('07aca9c7-f1a1-4c8f-9170-b0a669126219', '20001 đồng/tháng', '20 m2', '06/11/2023', '#290259', '2023-11-06 07:19:03', '2023-11-06 07:19:03'),
('0b33cc37-101b-4efe-9c09-59c63a9b17ae', '12 triệu/tháng', '200m2', '1 ngày trước', '605610', '2023-11-05 16:36:50', '2023-11-05 16:36:50'),
('0cff329a-8aa0-47da-86de-198f24cd0777', '6.5 triệu/tháng', '64m2', '58 phút trước', '605694', '2023-11-05 16:36:50', '2023-11-05 16:36:50'),
('10d59c81-eb22-4c55-b94c-9b5a15a699bb', '3.8 triệu/tháng', '20m2', 'Hôm nay', '605027', '2023-11-05 16:36:50', '2023-11-05 16:36:50'),
('12f4e8ef-90eb-4cfe-b1a8-713640f41c8c', '7.5 triệu/tháng', '70m2', '1 giờ trước', '602514', '2023-11-05 16:36:50', '2023-11-05 16:36:50'),
('13cc5ea6-c2fb-4834-ae46-024804dcd7fe', '12000 đồng/tháng', '12000 m2', '14/11/2023', '#417504', '2023-11-14 03:25:32', '2023-11-14 03:25:32'),
('13efe2b3-c194-4fcd-87ef-50a26e9dbff3', '16 triệu/tháng', '112m2', '1 giờ trước', '602889', '2023-11-05 16:36:50', '2023-11-05 16:36:50'),
('1466fb4a-6f65-4e85-a0ed-52b31f5b4736', '120000 đồng/tháng', '12 m2', '06/11/2023', '#783686', '2023-11-05 17:58:00', '2023-11-05 17:58:00'),
('16b1a5ed-eb84-4a51-a81c-9341b3e79750', '123000 đồng/tháng', '12 m2', '06/11/2023', '#20099', '2023-11-05 17:31:00', '2023-11-05 17:31:00'),
('178ac449-d26e-4647-aa61-c1258665e47f', '12000 đồng/tháng', '20 m2', '06/11/2023', '#462614', '2023-11-05 17:19:57', '2023-11-05 17:19:57'),
('26f68bc0-0f24-447b-a590-2053019f1708', '1.2 triệu/tháng', '30m2', '6 giờ trước', '603516', '2023-11-05 16:36:50', '2023-11-05 16:36:50'),
('28780d6b-05ed-438f-ac3f-3ee364a0c5a0', '2 triệu/tháng', '16m2', 'Hôm nay', '310631', '2023-11-05 16:36:50', '2023-11-05 16:36:50'),
('297e731d-172d-438e-8b31-a2c8112e8ea5', '10 triệu/tháng', '32m2', '6 giờ trước', '605337', '2023-11-05 16:36:50', '2023-11-05 16:36:50'),
('2a314d73-33b3-427b-9565-7286fe587daf', '9000 đồng/tháng', '90 m2', '17/11/2023', '#680536', '2023-11-17 10:47:47', '2023-11-17 10:47:47'),
('2aa04d7f-7472-4e06-bdd9-3d9243a35c73', '23 đồng/tháng', '3 m2', '19/11/2023', '#534710', '2023-11-19 00:20:41', '2023-11-19 00:20:41'),
('3099cea4-e49d-4664-85bd-663b586fdd3b', '5 triệu/tháng', '1000m2', '06/08/2022', '204258', '2023-11-05 16:36:50', '2023-11-05 16:36:50'),
('30c6d66e-34e8-4665-845a-db901e5d940d', '4.5 triệu/tháng', '20m2', '49 phút trước', '598936', '2023-11-05 16:36:50', '2023-11-05 16:36:50'),
('3119521f-52b6-4ab3-8a76-87788e57b52f', '4 triệu/tháng', '102m2', '1 ngày trước', '605625', '2023-11-05 16:36:50', '2023-11-05 16:36:50'),
('3ac3143d-bda2-4aaf-a127-5d3f8d579454', '12000 đồng/tháng', '12 m2', '06/11/2023', '#997164', '2023-11-05 17:32:51', '2023-11-05 17:32:51'),
('3bfe4b90-8962-441a-94a0-35704f8ccf5d', '5 triệu/tháng', '35m2', '8 phút trước', '605467', '2023-11-05 16:36:50', '2023-11-05 16:36:50'),
('3e6aecd5-4ec8-4bfb-a732-a27c289c3b29', '40 triệu/tháng', '450m2', '1 ngày trước', '605638', '2023-11-05 16:36:50', '2023-11-05 16:36:50'),
('4a4cbd76-9bab-4bc8-b522-acd74ea53c76', '30 triệu/tháng', '105m2', '2 ngày trước', '602457', '2023-11-05 16:36:50', '2023-11-05 16:36:50'),
('4b62fbf5-3269-4b9f-8c9d-edf6517c622b', '12 triệu/tháng', '120 m2', '06/11/2023', '#37038', '2023-11-06 07:09:01', '2023-11-06 07:09:01'),
('4bb454f9-985f-4c6b-a6c8-662cbd464142', '220000 đồng/tháng', '22 m2', '17/11/2023', '#808339', '2023-11-17 07:00:00', '2023-11-17 07:00:00'),
('4e0ee4fc-5011-484f-9caf-5a4158afc6d1', '2121 đồng/tháng', '2121 m2', '17/11/2023', '#226306', '2023-11-17 08:08:49', '2023-11-17 08:08:49'),
('4ee7110a-dacd-4c4c-b2b3-ac5ce2a7545a', '3 triệu/tháng', '12 m2', '06/11/2023', '#860300', '2023-11-05 17:11:29', '2023-11-05 17:11:29'),
('4f322435-42d0-47e8-9adf-1c15212eb31e', '7 triệu/tháng', '22m2', '2 giờ trước', '605489', '2023-11-05 16:36:50', '2023-11-05 16:36:50'),
('4fd7665b-d0c1-438f-840c-809f76348259', '1231 đồng/tháng', '123 m2', '19/11/2023', '#236430', '2023-11-18 17:14:02', '2023-11-18 17:14:02'),
('517fd6f5-848c-4829-b7bb-7b6b6644d1be', '12000 đồng/tháng', '120 m2', '06/11/2023', '#751516', '2023-11-06 07:36:56', '2023-11-06 07:36:56'),
('51bba01f-c117-4d00-9a1c-a7e88db27490', '20 triệu/tháng', '150m2', '1 ngày trước', '605577', '2023-11-05 16:36:50', '2023-11-05 16:36:50'),
('5531fe1f-9b1c-4cb7-bc5b-7a316ad5b0fa', '200000 đồng/tháng', '200 m2', '06/11/2023', '#603300', '2023-11-06 06:57:18', '2023-11-06 06:57:18'),
('5573107f-632d-4d27-ae62-edf9eb0d79be', '7.5 triệu/tháng', '40m2', '2 giờ trước', '585449', '2023-11-05 16:36:50', '2023-11-05 16:36:50'),
('5b6e5954-e101-4398-a835-67e8593bf9c2', '12 đồng/tháng', '2 m2', '17/11/2023', '#929485', '2023-11-17 05:51:23', '2023-11-17 05:51:23'),
('61690931-8446-49cc-844c-f7f65721312a', '8 triệu/tháng', '30m2', '1 ngày trước', '605603', '2023-11-05 16:36:50', '2023-11-05 16:36:50'),
('620d3839-566a-43a9-aae6-182a0e2efde7', '1.7 triệu/tháng', '20m2', 'Hôm nay', '603145', '2023-11-05 16:36:50', '2023-11-05 16:36:50'),
('63469bd3-dca9-473c-ae31-6d00c45ef025', '16 triệu/tháng', '100m2', '1 ngày trước', '605576', '2023-11-05 16:36:50', '2023-11-05 16:36:50'),
('6583f1b7-f571-4202-bdda-f7f6f9b0743e', '1200 đồng/tháng', '12000000000000000 m2', '13/11/2023', '#597520', '2023-11-13 15:05:04', '2023-11-13 15:05:04'),
('6611b259-0ebe-4ad4-bfa0-d23c8681bec0', '12 đồng/tháng', '2 m2', '06/11/2023', '#136664', '2023-11-06 07:37:50', '2023-11-06 07:37:50'),
('69becda0-2232-466d-a1b6-91439d55a8d8', '1.5 triệu/tháng', '12m2', 'Hôm nay', '605551', '2023-11-05 16:36:50', '2023-11-05 16:36:50'),
('6b86d92c-ebd0-4f6f-b789-82801e32240b', '5.5 triệu/tháng', '40m2', 'Hôm nay', '605648', '2023-11-05 16:36:50', '2023-11-05 16:36:50'),
('6b97ae04-7a69-4c13-857a-6d717d7e2887', '16 triệu/tháng', '85m2', '3 ngày trước', '605510', '2023-11-05 16:36:50', '2023-11-05 16:36:50'),
('6d43da5e-02e2-4a60-9b14-324e16262c2d', '5 triệu/tháng', '120m2', 'Hôm nay', '604250', '2023-11-05 16:36:50', '2023-11-05 16:36:50'),
('6e335db0-47da-4211-9381-2dc97e75c02a', '3.5 triệu/tháng', '24m2', 'Hôm nay', '282621', '2023-11-05 16:36:50', '2023-11-05 16:36:50'),
('6e3d6a95-bd8f-4c56-9efd-e892c4cb4a90', '2555.5 đồng/tháng', '5435340 m2', '17/11/2023', '#272485', '2023-11-17 08:09:30', '2023-11-17 08:12:12'),
('7146fa10-dd08-427a-810c-746aa90811b6', '10 triệu/tháng', '200m2', 'Hôm nay', '284965', '2023-11-05 16:36:50', '2023-11-05 16:36:50'),
('7509126a-48f5-4822-bf88-34b73e381afb', '123456 triệu/tháng', '123 m2', '06/11/2023', '#286638', '2023-11-05 17:40:31', '2023-11-05 17:40:31'),
('757a2c9b-c21c-4cab-90cd-be4bf89791c1', '6 triệu/tháng', '100m2', '1 ngày trước', '605621', '2023-11-05 16:36:50', '2023-11-05 16:36:50'),
('772a23ee-87ac-421d-b953-777159645471', '1.2 triệu/tháng', '12 m2', '06/11/2023', '#385026', '2023-11-06 07:42:52', '2023-11-06 07:42:52'),
('77383207-b266-416b-afc8-f7dfa63f5cb2', '700.000 đồng/tháng', '20m2', 'Hôm nay', '294491', '2023-11-05 16:36:50', '2023-11-05 16:36:50'),
('7dac17aa-43c6-439b-8ba6-33e0dd8eae09', '20 triệu/tháng', '750m2', '06/08/2022', '242440', '2023-11-05 16:36:50', '2023-11-05 16:36:50'),
('7dc9f6c5-7893-4c65-b739-506659ae8381', '5 triệu/tháng', '30m2', '1 ngày trước', '605605', '2023-11-05 16:36:50', '2023-11-05 16:36:50'),
('7e3a7c3c-a3a5-486c-8d4f-9a97f09c81cd', '4.2 triệu/tháng', '55m2', '1 ngày trước', '599068', '2023-11-05 16:36:50', '2023-11-05 16:36:50'),
('7e7ab219-8341-46d4-844c-6d0dc6a9b054', '4.5 triệu/tháng', '22m2', 'Hôm nay', '83144', '2023-11-05 16:36:50', '2023-11-05 16:36:50'),
('822df945-f498-41c3-a8db-c790f643b487', '3 triệu/tháng', '70m2', '8 giờ trước', '605629', '2023-11-05 16:36:50', '2023-11-05 16:36:50'),
('8232ea12-1bce-4bff-85be-b564ec13fd16', '10 triệu/tháng', '48m2', '2 giờ trước', '604539', '2023-11-05 16:36:50', '2023-11-05 16:36:50'),
('83a79496-a121-4124-b9f4-41baacb858b2', '3 đồng/tháng', '23 m2', '19/11/2023', '#498749', '2023-11-19 10:00:46', '2023-11-19 10:00:46'),
('861e4bcd-118b-425d-ab6c-14aa1657b069', '3 triệu/tháng', '12 m2', '06/11/2023', '#803783', '2023-11-05 17:10:36', '2023-11-05 17:10:36'),
('86d938e1-12ee-4c52-9eab-dae694d6bc3e', '232131 đồng/tháng', '123123 m2', '07/11/2023', '#733039', '2023-11-07 04:13:44', '2023-11-07 04:13:44'),
('8a9627c6-a9be-4f3b-ada9-b97eb4d8e911', '5.8 triệu/tháng', '32m2', 'Hôm nay', '605460', '2023-11-05 16:36:50', '2023-11-05 16:36:50'),
('8ae19b23-0216-4cb4-bd2d-218011b8a6c4', '12 triệu/tháng', '12 m2', '06/11/2023', '#670946', '2023-11-06 07:00:30', '2023-11-06 07:00:30'),
('8b6b888e-be44-4e64-8dac-8cfb6c16ee7e', '1200 đồng/tháng', '12 m2', '16/11/2023', '#43454', '2023-11-16 00:35:48', '2023-11-16 00:35:48'),
('8c28ddbe-8f90-49a5-aa5c-3bc99492b245', '12000 đồng/tháng', '120 m2', '13/11/2023', '#136266', '2023-11-13 11:44:05', '2023-11-13 11:44:05'),
('8c50742e-e10b-4193-995f-30ae84b8ceae', '12332 đồng/tháng', '223 m2', '05/11/2023', '#812537', '2023-11-05 16:43:55', '2023-11-05 16:43:55'),
('94a33611-73cf-4b63-b71b-0f64a731f842', '3 triệu/tháng', '25m2', 'Hôm nay', '80204', '2023-11-05 16:36:50', '2023-11-05 16:36:50'),
('97b92358-8020-4652-85b7-dce82f0cd698', '8.8 triệu/tháng', '50m2', 'Hôm nay', '605643', '2023-11-05 16:36:50', '2023-11-05 16:36:50'),
('9a63e257-6f23-462a-8610-f337163f06b0', '5 triệu/tháng', '35m2', '1 giờ trước', '605693', '2023-11-05 16:36:50', '2023-11-05 16:36:50'),
('9f1247b2-311b-445d-93d8-962684fac1f6', '120000 đồng/tháng', '12 m2', '06/11/2023', '#545474', '2023-11-05 17:19:24', '2023-11-05 17:19:24'),
('9faac9d0-ae5e-4c33-9bc1-0d2da731375e', '7.5 triệu/tháng', '40m2', '2 giờ trước', '303794', '2023-11-05 16:36:50', '2023-11-05 16:36:50'),
('a1e30f96-5a40-4a4d-8a33-600437e933da', '12000 đồng/tháng', '12 m2', '06/11/2023', '#706305', '2023-11-06 07:34:21', '2023-11-06 07:34:21'),
('a269b6f0-4de2-4e15-bf8f-633eb5684778', '12 đồng/tháng', '12 m2', '19/11/2023', '#931440', '2023-11-18 17:30:50', '2023-11-18 17:30:50'),
('a4d2872f-0b3e-45b0-9f2a-437c19970b65', '3.9 triệu/tháng', '25m2', '5 giờ trước', '588451', '2023-11-05 16:36:50', '2023-11-05 16:36:50'),
('a8874f24-0d45-4745-af54-69e921fd157e', '12 triệu/tháng', '120000 m2', '06/11/2023', '#700611', '2023-11-06 07:39:58', '2023-11-06 07:39:58'),
('a887a97b-34b1-4822-9fc8-c03a7c19b601', '1.2 triệu/tháng', '1200000 m2', '13/11/2023', '#451365', '2023-11-13 15:06:05', '2023-11-13 15:06:05'),
('ac7cf24b-19cd-43d9-8ebe-834aa9441a61', '900.000 đồng/tháng', '28m2', 'Hôm nay', '605018', '2023-11-05 16:36:50', '2023-11-05 16:36:50'),
('acc99ecc-b5e1-4d3e-a421-76df58964c1e', '123.00000000000001 đồng/tháng', '33 m2', '18/11/2023', '#111977', '2023-11-18 16:09:41', '2023-11-18 16:09:41'),
('ae6ba768-d1f7-485e-8681-1123c978cc3b', '1.4 triệu/tháng', '25m2', 'Hôm nay', '605019', '2023-11-05 16:36:50', '2023-11-05 16:36:50'),
('ae79d008-fefb-4b8c-96d3-f377e0407123', '1.2 triệu/tháng', '12 m2', '06/11/2023', '#380221', '2023-11-05 17:51:44', '2023-11-05 17:51:44'),
('b6f5dea9-555c-42c4-b365-be81ccab1e40', '5 triệu/tháng', '90m2', '5 giờ trước', '605675', '2023-11-05 16:36:50', '2023-11-05 16:36:50'),
('b802d298-816d-48fd-8e51-9c42c67583ef', '240 triệu/tháng', '407m2', '01/08/2022', '605201', '2023-11-05 16:36:50', '2023-11-05 16:36:50'),
('b9a8dc63-b73f-46de-bfb5-c282466d7386', '4.1 triệu/tháng', '21m2', 'Hôm nay', '296453', '2023-11-05 16:36:50', '2023-11-05 16:36:50'),
('bd50e601-79d6-4714-a89f-c3ad9836cb8e', '12 đồng/tháng', '1000 m2', '17/11/2023', '#185567', '2023-11-17 06:58:30', '2023-11-17 06:58:30'),
('bd688673-f521-4bcf-b110-a09b0c6ecda1', '16 triệu/tháng', '75m2', '2 ngày trước', '605265', '2023-11-05 16:36:50', '2023-11-05 16:36:50'),
('bdd597d3-ffe3-4064-9abc-46e9954e1903', '12 đồng/tháng', '20 m2', '17/11/2023', '#315527', '2023-11-17 08:08:07', '2023-11-17 08:08:07'),
('bf476adf-37b7-4ea1-a9b5-a4b2e53d7090', '2 triệu/tháng', '20m2', 'Hôm nay', '58962', '2023-11-05 16:36:50', '2023-11-05 16:36:50'),
('c121b415-d47a-4327-b087-925f1b55c614', '1.4 triệu/tháng', '30m2', 'Hôm nay', '605017', '2023-11-05 16:36:50', '2023-11-05 16:36:50'),
('c35a4cbe-de0d-4a33-bcdf-08d60466a37c', '12000 đồng/tháng', '12 m2', '06/11/2023', '#331039', '2023-11-06 07:32:54', '2023-11-06 07:32:54'),
('c7ed2122-547e-4914-afb1-62ed25fcfe6c', '50 triệu/tháng', '110m2', '06/08/2022', '605478', '2023-11-05 16:36:50', '2023-11-05 16:36:50'),
('c88cf65c-a6af-4a63-a692-982b43242c8a', '12000 đồng/tháng', '12000 m2', '14/11/2023', '#929025', '2023-11-14 04:02:28', '2023-11-14 04:02:28'),
('c98b4dd1-93b1-43f0-9a94-399cea24d226', '3.5 triệu/tháng', '20m2', 'Hôm nay', '605646', '2023-11-05 16:36:50', '2023-11-05 16:36:50'),
('ca31b498-8691-4102-b8ad-7e140ee7c142', '2.3 triệu/tháng', '20m2', 'Hôm nay', '311800', '2023-11-05 16:36:50', '2023-11-05 16:36:50'),
('cb4231c3-a822-4532-b055-5fc55c19d100', '5 triệu/tháng', '22m2', 'Hôm nay', '59783', '2023-11-05 16:36:50', '2023-11-05 16:36:50'),
('cb745461-b3d4-4805-9b99-bfd3f64b57be', '20 triệu/tháng', '363m2', 'Hôm nay', '604998', '2023-11-05 16:36:50', '2023-11-05 16:36:50'),
('cb93761e-17f0-40cf-b4ee-aa5e56ebb3a1', '1200 đồng/tháng', '120 m2', '12/11/2023', '#551319', '2023-11-12 05:26:07', '2023-11-12 05:26:07'),
('cd1b5263-8cdb-42e5-aefc-cb936d372ec5', '4.5 triệu/tháng', '25m2', '6 giờ trước', '599644', '2023-11-05 16:36:50', '2023-11-05 16:36:50'),
('d09ce2a8-3c4d-442d-aee4-590a65ef7201', '17 triệu/tháng', '112m2', '1 giờ trước', '283266', '2023-11-05 16:36:50', '2023-11-05 16:36:50'),
('d1865d3a-d85b-433c-b4af-cf96cbf7ee38', '30 triệu/tháng', '162m2', '1 ngày trước', '605594', '2023-11-05 16:36:50', '2023-11-05 16:36:50'),
('d3a199ba-dfdf-4bbe-9235-c74bf6ce684a', '12 đồng/tháng', '12 m2', '12/11/2023', '#627203', '2023-11-12 05:18:41', '2023-11-12 05:18:41'),
('d571b561-0148-481b-867a-a3df909faa2f', '7 triệu/tháng', '40m2', 'Hôm nay', '605524', '2023-11-05 16:36:50', '2023-11-05 16:36:50'),
('d70d31f2-8c04-4c77-b072-dfc2bda6760b', '21 đồng/tháng', '12 m2', '19/11/2023', '#439550', '2023-11-18 17:20:39', '2023-11-18 17:20:39'),
('da826b71-ddc8-499b-a1d5-c2badcd20152', '350.000 đồng/tháng', '999m2', '03/08/2022', '605309', '2023-11-05 16:36:50', '2023-11-05 16:36:50'),
('db61dff3-9f5a-49da-bedc-315870d935e7', '3.2 triệu/tháng', '16m2', 'Hôm nay', '317927', '2023-11-05 16:36:50', '2023-11-05 16:36:50'),
('dc5befb0-47a6-4896-abda-7fd2744a5097', '120 đồng/tháng', '12 m2', '17/11/2023', '#611846', '2023-11-17 05:54:53', '2023-11-17 05:54:53'),
('de4094c5-ce45-441c-96b1-8245f825e0c4', '5 triệu/tháng', '25m2', '18 phút trước', '602626', '2023-11-05 16:36:50', '2023-11-05 16:36:50'),
('deb3be23-95c6-4c12-9064-4ef7eee41df0', '6 triệu/tháng', '100m2', '23 giờ trước', '605639', '2023-11-05 16:36:50', '2023-11-05 16:36:50'),
('e0dcae62-4b49-4cf8-a252-843672e74b47', '2.5 triệu/tháng', '27m2', '7 phút trước', '66857', '2023-11-05 16:36:50', '2023-11-05 16:36:50'),
('e1855036-d3b4-4445-b6f5-07b8caa89055', '12 triệu/tháng', '35m2', '2 ngày trước', '317622', '2023-11-05 16:36:50', '2023-11-05 16:36:50'),
('e4303d9e-1b83-4088-961e-31bb2037a8f9', '12 đồng/tháng', '2 m2', '19/11/2023', '#357526', '2023-11-18 21:48:42', '2023-11-18 21:48:42'),
('e4703574-a0a5-4f53-a498-15dc01948c32', '6.5 triệu/tháng', '20m2', '2 giờ trước', '605447', '2023-11-05 16:36:50', '2023-11-05 16:36:50'),
('e4e97cd3-1e9a-4d90-9338-694760b82032', '5 triệu/tháng', '30m2', '2 ngày trước', '605543', '2023-11-05 16:36:50', '2023-11-05 16:36:50'),
('e73cfc4f-fdbe-47de-9c74-a1bc612289bd', '8 triệu/tháng', '80m2', '16 giờ trước', '605654', '2023-11-05 16:36:50', '2023-11-05 16:36:50'),
('e8dbdae5-b0b5-4863-99af-3260283a6250', '12000 đồng/tháng', '120 m2', '16/11/2023', '#937599', '2023-11-16 01:11:56', '2023-11-16 01:11:56'),
('eadbec66-38fe-49c8-85c0-b05157227b72', '20 triệu/tháng', '151m2', '05/08/2022', '605411', '2023-11-05 16:36:50', '2023-11-05 16:36:50'),
('eedaee1c-aa8e-47c7-8dcb-cc0b41c556e7', '8 triệu/tháng', '100m2', '1 ngày trước', '605599', '2023-11-05 16:36:50', '2023-11-05 16:36:50'),
('effccfa4-b964-4deb-9c2d-2ae40811a2a3', '12 đồng/tháng', '12 m2', '05/11/2023', '#850639', '2023-11-05 16:39:28', '2023-11-05 16:39:28'),
('f01a84dc-b714-4194-aff4-43d0f33effc0', '3 triệu/tháng', '20m2', '03/08/2022', '316380', '2023-11-05 16:36:50', '2023-11-05 16:36:50'),
('f327434e-9c28-4b82-9dc7-5d9efbdd59c5', '123456 triệu/tháng', '123 m2', '06/11/2023', '#949026', '2023-11-05 17:40:41', '2023-11-05 17:40:41'),
('f3dda78f-0ef0-49fa-be35-2c0ce0973956', '11 triệu/tháng', '21 m2', '05/11/2023', '#10962', '2023-11-05 16:39:06', '2023-11-05 16:39:06'),
('f453c138-294f-4bec-9a4a-2f27abeeb3a3', '6.4 triệu/tháng', '30m2', '2 giờ trước', '605488', '2023-11-05 16:36:50', '2023-11-05 16:36:50'),
('f52efa43-9c8c-46a1-a910-d86605758d83', '7 triệu/tháng', '30m2', '1 ngày trước', '605585', '2023-11-05 16:36:50', '2023-11-05 16:36:50'),
('f7456670-433a-43f7-b29d-1fc1db20543e', '28 triệu/tháng', '300m2', '1 ngày trước', '605575', '2023-11-05 16:36:50', '2023-11-05 16:36:50'),
('f7656bbd-6ee8-467f-b657-bea34ebb4ee8', '18 triệu/tháng', '140m2', '01/08/2022', '605178', '2023-11-05 16:36:50', '2023-11-05 16:36:50'),
('f8459400-c94d-4413-9b9f-1e88e21f4bae', '26 triệu/tháng', '45m2', '2 ngày trước', '605565', '2023-11-05 16:36:50', '2023-11-05 16:36:50'),
('f96ad3a3-a251-4ba8-9d1c-b4466b43f2c2', '5.9 triệu/tháng', '70m2', '1 giờ trước', '276599', '2023-11-05 16:36:50', '2023-11-05 16:36:50'),
('fbe9b1df-f358-4ac9-a427-634002ba9ac8', '120000 đồng/tháng', '21 m2', '06/11/2023', '#467608', '2023-11-06 07:25:21', '2023-11-06 07:25:21'),
('fd75eefa-45a5-41e4-9438-d941e8019876', '1.2 triệu/tháng', '22 m2', '06/11/2023', '#920702', '2023-11-06 07:12:44', '2023-11-06 07:12:44'),
('ff1c20b5-031e-4a1c-8d77-994349ef3587', '222 đồng/tháng', '23 m2', '19/11/2023', '#944952', '2023-11-18 17:07:50', '2023-11-18 17:07:50'),
('ffbb0fd4-ae98-4db9-98c7-e8a43c148de1', '1200 đồng/tháng', '12 m2', '17/11/2023', '#225545', '2023-11-17 05:50:50', '2023-11-17 05:50:50');

-- --------------------------------------------------------

--
-- Cấu trúc bảng cho bảng `categories`
--

CREATE TABLE `categories` (
  `id` int(11) NOT NULL,
  `code` varchar(255) DEFAULT NULL,
  `value` varchar(255) DEFAULT NULL,
  `header` varchar(255) DEFAULT NULL,
  `subtitle` varchar(255) DEFAULT NULL,
  `createdAt` datetime NOT NULL,
  `updatedAt` datetime NOT NULL
) ENGINE=InnoDB DEFAULT CHARSET=utf8mb4 COLLATE=utf8mb4_general_ci;

--
-- Đang đổ dữ liệu cho bảng `categories`
--

INSERT INTO `categories` (`id`, `code`, `value`, `header`, `subtitle`, `createdAt`, `updatedAt`) VALUES
(1, 'CTCH', 'Cho thuê căn hộ', 'Cho Thuê Căn Hộ Chung Cư, Giá Rẻ, Mới Nhất 2022', 'Cho thuê căn hộ - Kênh đăng tin cho thuê căn hộ số 1: giá rẻ, chính chủ, đầy đủ tiện nghi. Cho thuê chung cư với nhiều mức giá, diện tích cho thuê khác nhau.', '2022-08-31 10:25:56', '2022-08-31 10:25:56'),
(2, 'CTMB', 'Cho thuê mặt bằng', 'Cho Thuê Mặt Bằng, Cho Thuê Văn Phòng, Cửa Hàng, Kiot, Mới Nhất 2022', 'Cho thuê mặt bằng - Kênh đăng tin cho thuê mặt bằng, cho thuê cửa hàng, cho thuê kiot số 1: giá rẻ, mặt tiền, khu đông dân cư, phù hợp kinh doanh.', '2022-08-31 10:25:56', '2022-08-31 10:25:56'),
(3, 'CTPT', 'Cho thuê phòng trọ', 'Cho Thuê Phòng Trọ, Giá Rẻ, Tiện Nghi, Mới Nhất 2022', 'Cho thuê phòng trọ - Kênh thông tin số 1 về phòng trọ giá rẻ, phòng trọ sinh viên, phòng trọ cao cấp mới nhất năm 2022. Tất cả nhà trọ cho thuê giá tốt nhất tại Việt Nam.', '2022-08-31 10:25:56', '2022-08-31 10:25:56'),
(4, 'NCT', 'Nhà cho thuê', 'Cho Thuê Nhà Nguyên Căn, Giá Rẻ, Chính Chủ, Mới Nhất 2022', 'Cho thuê nhà nguyên căn - Kênh đăng tin cho thuê nhà số 1: giá rẻ, chính chủ, miễn trung gian, đầy đủ tiện nghi, mức giá, diện tích cho thuê khác nhau.', '2022-08-31 10:25:56', '2022-08-31 10:25:56');

-- --------------------------------------------------------

--
-- Cấu trúc bảng cho bảng `historytransactions`
--

CREATE TABLE `historytransactions` (
  `id` varchar(255) NOT NULL,
  `transaction_id` varchar(255) NOT NULL,
  `user_id` varchar(255) NOT NULL,
  `amount` int(11) NOT NULL,
  `createdAt` date NOT NULL,
  `updatedAt` date NOT NULL
) ENGINE=InnoDB DEFAULT CHARSET=utf8mb4 COLLATE=utf8mb4_general_ci;

--
-- Đang đổ dữ liệu cho bảng `historytransactions`
--

INSERT INTO `historytransactions` (`id`, `transaction_id`, `user_id`, `amount`, `createdAt`, `updatedAt`) VALUES
('81d54371-3d48-4b7a-bbae-8ce29238098c', '12312312', '7882952d-b225-4303-aaf9-6def2f70a8fa', 100000, '2023-11-18', '2023-11-18'),
('a5684220-7e6e-4d6f-9c5c-687bca1bff63', '123123123123', '7882952d-b225-4303-aaf9-6def2f70a8fa', 100000, '2023-11-18', '2023-11-18'),
('', '12312312432115346', '6637c0c8-17d4-493f-9c36-426ec131f672', 100000, '2023-11-19', '2023-11-18'),
('', '12312312432115346123', '6637c0c8-17d4-493f-9c36-426ec131f672', 100000, '2023-11-18', '2023-11-18'),
('f3ea1940-9c55-4192-80f9-333ff4e116c6', '12312312432115346123231', '6637c0c8-17d4-493f-9c36-426ec131f672', 100000, '2023-11-18', '2023-11-18'),
('a49238e7-928c-4fd6-8434-94fe0629d2e2', '12312312432115346123231123', '6637c0c8-17d4-493f-9c36-426ec131f672', 100000, '2023-11-18', '2023-11-18'),
('532dec40-1c4c-4e11-a352-3cab4d310574', '18152248', '6637c0c8-17d4-493f-9c36-426ec131f672', 10000, '2023-11-18', '2023-11-18'),
('c001c773-4c74-466e-9a2c-dc3f6953f9a2', '18154748', '7882952d-b225-4303-aaf9-6def2f70a8fa', 1000000, '2023-11-18', '2023-11-18'),
('08e8d955-1f36-4edd-828b-13c0bf612a97', '18161306', '7882952d-b225-4303-aaf9-6def2f70a8fa', 10000, '2023-11-18', '2023-11-18'),
('4f054581-0578-4feb-8065-98940a4b07c0', '19055454', '6637c0c8-17d4-493f-9c36-426ec131f672', 100, '2023-11-18', '2023-11-18'),
('59f62508-591e-4423-b669-dfa5d1bfd5b6', '19060034', '6637c0c8-17d4-493f-9c36-426ec131f672', 100, '2023-11-18', '2023-11-18'),
('88a7498f-5263-4f98-8ce1-0bf79ce304de', '19060936', '6637c0c8-17d4-493f-9c36-426ec131f672', 100, '2023-11-18', '2023-11-18'),
('a989e330-ce2f-4a48-8393-82da932dbea7', '19061743', '6637c0c8-17d4-493f-9c36-426ec131f672', 500, '2023-11-18', '2023-11-18'),
('e7346d72-9359-406b-a5fc-c70b5cc644a6', '19062017', '6637c0c8-17d4-493f-9c36-426ec131f672', 500, '2023-11-18', '2023-11-18'),
('4bc5194f-b9d2-4907-adff-3be56a4d15c5', '19062126', '6637c0c8-17d4-493f-9c36-426ec131f672', 500, '2023-11-18', '2023-11-18'),
('a77416aa-b89f-433f-b94d-48c536fa68e7', '19062323', '6637c0c8-17d4-493f-9c36-426ec131f672', 100, '2023-11-18', '2023-11-18'),
('6c2f29de-9db3-4b7d-8a76-590191cd378d', '19063128', '6637c0c8-17d4-493f-9c36-426ec131f672', 100, '2023-11-18', '2023-11-18'),
('e15f9689-d176-4634-8eb5-e0d1d115d37e', '19063227', '6637c0c8-17d4-493f-9c36-426ec131f672', 600, '2023-11-18', '2023-11-18'),
('76e1e468-1909-4322-be12-39539db24188', '19063435', '6637c0c8-17d4-493f-9c36-426ec131f672', 30000, '2023-11-18', '2023-11-18'),
('69073054-df2e-482e-a408-8b8b947ae10b', '19063529', '6637c0c8-17d4-493f-9c36-426ec131f672', 10000, '2023-11-18', '2023-11-18'),
('a385f1fd-9731-4d94-be8f-36ae3e0b7002', '19072757', '6637c0c8-17d4-493f-9c36-426ec131f672', 10000, '2023-11-19', '2023-11-19');

-- --------------------------------------------------------

--
-- Cấu trúc bảng cho bảng `images`
--

CREATE TABLE `images` (
  `id` varchar(255) NOT NULL,
  `image` longtext DEFAULT NULL,
  `createdAt` datetime NOT NULL,
  `updatedAt` datetime NOT NULL
) ENGINE=InnoDB DEFAULT CHARSET=utf8mb4 COLLATE=utf8mb4_general_ci;

--
-- Đang đổ dữ liệu cho bảng `images`
--

INSERT INTO `images` (`id`, `image`, `createdAt`, `updatedAt`) VALUES
('0001ac79-2114-408d-9867-c0db9b8a9109', '[\"https://pt123.cdn.static123.com/images/thumbs/900x600/fit/2020/05/20/d0174e91-ec8d-4d5e-86e5-164a730409a3_1589914859.jpg\",\"https://pt123.cdn.static123.com/images/thumbs/900x600/fit/2020/01/28/3560164d-3dec-415d-9653-134bdefa11bd_1580150006.jpg\",\"https://pt123.cdn.static123.com/images/thumbs/900x600/fit/2020/01/28/65bfdd79-b2b8-42f7-8095-767886449a6e_1580150008.jpg\",\"https://pt123.cdn.static123.com/images/thumbs/900x600/fit/2020/01/28/ad1ffb63-48f0-4cb8-9fca-0866d32ccc8c_1580150008.jpg\",\"https://pt123.cdn.static123.com/images/thumbs/900x600/fit/2020/01/28/73e004cb-0cfb-4637-8051-c1bc75b05b83_1580150028.jpg\",\"https://pt123.cdn.static123.com/images/thumbs/900x600/fit/2020/01/28/48eea0e2-b68d-4fcb-a52f-9effc5b567f9_1580150057.jpg\",\"https://pt123.cdn.static123.com/images/thumbs/900x600/fit/2020/01/28/2332c387-b5d6-42be-a8e0-4f206710dbbb_1580150057.jpg\",\"https://pt123.cdn.static123.com/images/thumbs/900x600/fit/2020/01/28/743f5204-9282-434c-94ef-a3d1730e1689_1580150081.jpg\",\"https://pt123.cdn.static123.com/images/thumbs/900x600/fit/2020/05/20/284534ae-b539-4822-9601-169c4e84c4f6_1589914840.jpg\",\"https://pt123.cdn.static123.com/images/thumbs/900x600/fit/2020/05/20/d0174e91-ec8d-4d5e-86e5-164a730409a3_1589914859.jpg\",\"https://pt123.cdn.static123.com/images/thumbs/900x600/fit/2020/01/28/3560164d-3dec-415d-9653-134bdefa11bd_1580150006.jpg\"]', '2023-11-05 16:36:50', '2023-11-05 16:36:50'),
('007a593b-0924-4a94-8d49-f6505d257b51', '\"\"', '2023-11-05 17:32:51', '2023-11-05 17:32:51'),
('0097bc28-5482-4ae8-9017-d1d8f3a35cd7', '[\"https://res.cloudinary.com/daczrvoch/image/upload/v1699202641/ky8efgqiusf3cbzutm5o.jpg\"]', '2023-11-05 16:43:55', '2023-11-05 16:43:55'),
('0565d7c7-df45-4856-b54a-421a3d45ef71', '[\"https://pt123.cdn.static123.com/images/thumbs/900x600/fit/2022/08/06/54fb5059-64a6-4e24-bdaf-ac27781554a2_1659723886.jpg\",\"https://pt123.cdn.static123.com/images/thumbs/900x600/fit/2022/08/06/d97f01f1-c106-496e-96ec-478e80ef121f_1659723875.jpg\",\"https://pt123.cdn.static123.com/images/thumbs/900x600/fit/2022/08/06/b7c86f3c-8c65-48c9-a080-917de36fba56_1659723877.jpg\",\"https://pt123.cdn.static123.com/images/thumbs/900x600/fit/2022/08/06/c62cff74-2f0d-46d0-bb62-672c8a005303_1659723875.jpg\",\"https://pt123.cdn.static123.com/images/thumbs/900x600/fit/2022/08/06/625a39f5-ac30-4ee3-8667-5eb3ad91f34f_1659723877.jpg\",\"https://pt123.cdn.static123.com/images/thumbs/900x600/fit/2022/08/06/dbc10c4a-04b1-4938-b19a-f3db001eddcd_1659723879.jpg\",\"https://pt123.cdn.static123.com/images/thumbs/900x600/fit/2022/08/06/d6468178-ef22-428e-8377-6cdeaef621e5_1659723881.jpg\",\"https://pt123.cdn.static123.com/images/thumbs/900x600/fit/2022/08/06/28ce3bd4-b708-4711-bfd7-9153149a854e_1659723881.jpg\",\"https://pt123.cdn.static123.com/images/thumbs/900x600/fit/2022/08/06/3575cd52-9162-4af0-a4dc-733a43396750_1659723884.jpg\",\"https://pt123.cdn.static123.com/images/thumbs/900x600/fit/2022/08/06/bb30e9dc-8748-43a5-8f79-370577da3611_1659723884.jpg\",\"https://pt123.cdn.static123.com/images/thumbs/900x600/fit/2022/08/06/fbe1d04e-af8e-4a51-91eb-ab18b32b09bf_1659723885.jpg\",\"https://pt123.cdn.static123.com/images/thumbs/900x600/fit/2022/08/06/54fb5059-64a6-4e24-bdaf-ac27781554a2_1659723886.jpg\",\"https://pt123.cdn.static123.com/images/thumbs/900x600/fit/2022/08/06/d97f01f1-c106-496e-96ec-478e80ef121f_1659723875.jpg\"]', '2023-11-05 16:36:50', '2023-11-05 16:36:50'),
('07849661-db19-4f0c-90c6-c629c1882441', '[\"https://pt123.cdn.static123.com/images/thumbs/900x600/fit/2020/09/10/img-20200612-084030_1599722674.jpg\",\"https://pt123.cdn.static123.com/images/thumbs/900x600/fit/2020/09/10/img-20200522-080045_1599722703.jpg\",\"https://pt123.cdn.static123.com/images/thumbs/900x600/fit/2020/09/22/img-20200922-145004_1600763109.jpg\",\"https://pt123.cdn.static123.com/images/thumbs/900x600/fit/2020/09/10/img-20200507-085756_1599722711.jpg\",\"https://pt123.cdn.static123.com/images/thumbs/900x600/fit/2021/12/20/20211210-163927_1639967289.jpg\",\"https://pt123.cdn.static123.com/images/thumbs/900x600/fit/2020/09/10/img-20200522-080133_1599722724.jpg\",\"https://pt123.cdn.static123.com/images/thumbs/900x600/fit/2021/12/20/img-20200922-145007_1639967372.jpg\",\"https://pt123.cdn.static123.com/images/thumbs/900x600/fit/2020/09/10/img-20200522-080110_1599722735.jpg\",\"https://pt123.cdn.static123.com/images/thumbs/900x600/fit/2020/09/10/img-20200612-084030_1599722674.jpg\",\"https://pt123.cdn.static123.com/images/thumbs/900x600/fit/2020/09/10/img-20200522-080045_1599722703.jpg\"]', '2023-11-05 16:36:50', '2023-11-05 16:36:50'),
('0a2fd376-bcac-4a3d-b978-6a79ba925f3e', '[\"https://pt123.cdn.static123.com/images/thumbs/900x600/fit/2022/08/09/z2481579063887-ef645bffdb876dba706f36f7fa7807d3_1660016274.jpg\",\"https://pt123.cdn.static123.com/images/thumbs/900x600/fit/2022/08/09/957a0bd906d4f38aaac5_1660016271.jpg\",\"https://pt123.cdn.static123.com/images/thumbs/900x600/fit/2022/08/09/67694dcf40c2b59cecd3_1660016272.jpg\",\"https://pt123.cdn.static123.com/images/thumbs/900x600/fit/2022/08/09/f3bcdf16d21b27457e0a_1660016274.jpg\",\"https://pt123.cdn.static123.com/images/thumbs/900x600/fit/2022/08/09/z2481579063887-ef645bffdb876dba706f36f7fa7807d3_1660016274.jpg\",\"https://pt123.cdn.static123.com/images/thumbs/900x600/fit/2022/08/09/957a0bd906d4f38aaac5_1660016271.jpg\"]', '2023-11-05 16:36:50', '2023-11-05 16:36:50'),
('0a7dcb74-f43c-4226-8df6-61d5f1684043', '[\"https://pt123.cdn.static123.com/images/thumbs/900x600/fit/2020/06/01/img-1590980061476-1590980066812_1590981186.jpg\",\"https://pt123.cdn.static123.com/images/thumbs/900x600/fit/2020/06/01/img-1590980061081-1590980066620_1590981186.jpg\",\"https://pt123.cdn.static123.com/images/thumbs/900x600/fit/2020/06/01/img-1590980061867-1590980066927_1590981185.jpg\",\"https://pt123.cdn.static123.com/images/thumbs/900x600/fit/2020/06/01/img-1590980061672-1590980066865_1590981185.jpg\",\"https://pt123.cdn.static123.com/images/thumbs/900x600/fit/2020/06/01/img-1590980061257-1590980066748_1590981186.jpg\",\"https://pt123.cdn.static123.com/images/thumbs/900x600/fit/2020/06/01/img-1590980061476-1590980066812_1590981186.jpg\",\"https://pt123.cdn.static123.com/images/thumbs/900x600/fit/2020/06/01/img-1590980061081-1590980066620_1590981186.jpg\"]', '2023-11-05 16:36:50', '2023-11-05 16:36:50'),
('0d38d5d9-5f36-410a-8eff-a43e9728dc76', '\"\"', '2023-11-05 17:19:57', '2023-11-05 17:19:57'),
('0db2e19a-bd62-4894-b971-addea59503c5', '\"\"', '2023-11-18 17:07:50', '2023-11-18 17:07:50'),
('0edaecfb-fdac-45aa-ae0b-a9124b40dc6b', '[\"https://pt123.cdn.static123.com/images/thumbs/900x600/fit/2022/08/09/nha-kho-4x25-binh-hung-tuan-vo_1660012214.jpg\",\"https://pt123.cdn.static123.com/images/thumbs/900x600/fit/2022/08/09/297266415-1261827064619879-3464409040708031226-n_1660011826.jpg\",\"https://pt123.cdn.static123.com/images/thumbs/900x600/fit/2022/08/09/295974218-1256959398439979-4074236444705390993-n_1660011872.jpg\",\"https://pt123.cdn.static123.com/images/thumbs/900x600/fit/2022/08/09/nha-kho-4x25-binh-hung-tuan-vo_1660012214.jpg\",\"https://pt123.cdn.static123.com/images/thumbs/900x600/fit/2022/08/09/297266415-1261827064619879-3464409040708031226-n_1660011826.jpg\"]', '2023-11-05 16:36:50', '2023-11-05 16:36:50'),
('0f3d20bf-b593-4f21-85d1-81e580c66f31', '[\"https://pt123.cdn.static123.com/images/thumbs/900x600/fit/2020/08/27/22db9949-3f77-494e-9edf-9b9e79bab876_1598541597.jpg\",\"https://pt123.cdn.static123.com/images/thumbs/900x600/fit/2020/04/24/img-1452_1587701310.jpg\",\"https://pt123.cdn.static123.com/images/thumbs/900x600/fit/2020/04/24/img-0292_1587701336.jpg\",\"https://pt123.cdn.static123.com/images/thumbs/900x600/fit/2020/08/27/1d491b3b-c632-4b79-83ae-62313527643e_1598541590.jpg\",\"https://pt123.cdn.static123.com/images/thumbs/900x600/fit/2020/04/24/img-0256_1587701572.jpg\",\"https://pt123.cdn.static123.com/images/thumbs/900x600/fit/2020/04/24/img-0227_1587701500.jpg\",\"https://pt123.cdn.static123.com/images/thumbs/900x600/fit/2020/08/24/img-1482_1598241604.jpg\",\"https://pt123.cdn.static123.com/images/thumbs/900x600/fit/2020/08/24/img-1479_1598241620.jpg\",\"https://pt123.cdn.static123.com/images/thumbs/900x600/fit/2020/08/27/226eedbc-4c4e-4c81-967f-78e5d19d0c43_1598540842.jpg\",\"https://pt123.cdn.static123.com/images/thumbs/900x600/fit/2020/04/24/img-1487_1587701537.jpg\",\"https://pt123.cdn.static123.com/images/thumbs/900x600/fit/2020/08/27/74caf10d-ce0b-4268-a8af-d2c39039ff84_1598541596.jpg\",\"https://pt123.cdn.static123.com/images/thumbs/900x600/fit/2020/08/27/662f704c-e466-4c42-9352-5ee88f355f23_1598541590.jpg\",\"https://pt123.cdn.static123.com/images/thumbs/900x600/fit/2020/08/24/img-1468_1598241643.jpg\",\"https://pt123.cdn.static123.com/images/thumbs/900x600/fit/2020/08/27/22db9949-3f77-494e-9edf-9b9e79bab876_1598541597.jpg\",\"https://pt123.cdn.static123.com/images/thumbs/900x600/fit/2020/04/24/img-1452_1587701310.jpg\"]', '2023-11-05 16:36:50', '2023-11-05 16:36:50'),
('13860a34-c53e-4e81-8280-c5303465787c', '[]', '2023-11-05 16:36:50', '2023-11-05 16:36:50'),
('15f7dec4-a7d5-4296-8a65-bf985e8a6d43', '[]', '2023-11-05 16:36:50', '2023-11-05 16:36:50'),
('1602cca1-af49-40cc-92ec-88ef9e3af9c1', '\"\"', '2023-11-18 17:20:39', '2023-11-18 17:20:39'),
('1a77e637-d942-4b34-8267-cecca8b174d1', '[\"https://pt123.cdn.static123.com/images/thumbs/900x600/fit/2022/08/09/screenshot-20220729-163736_1660039483.png\",\"https://pt123.cdn.static123.com/images/thumbs/900x600/fit/2022/08/09/img-20220730-085144_1660039479.jpg\",\"https://pt123.cdn.static123.com/images/thumbs/900x600/fit/2022/08/09/img-1657879580490-1659145893782_1660039479.jpg\",\"https://pt123.cdn.static123.com/images/thumbs/900x600/fit/2022/08/09/screenshot-20220729-163742_1660039480.png\",\"https://pt123.cdn.static123.com/images/thumbs/900x600/fit/2022/08/09/screenshot-20220729-163739_1660039480.png\",\"https://pt123.cdn.static123.com/images/thumbs/900x600/fit/2022/08/09/screenshot-20220729-163736_1660039483.png\",\"https://pt123.cdn.static123.com/images/thumbs/900x600/fit/2022/08/09/img-20220730-085144_1660039479.jpg\"]', '2023-11-05 16:36:50', '2023-11-05 16:36:50'),
('1ad05c6c-b946-4cbc-b2fa-21193957ad10', '\"\"', '2023-11-17 08:09:30', '2023-11-17 08:12:12'),
('1c35f9b2-7abc-4591-8933-e1ddc7fc7aad', '\"\"', '2023-11-06 07:36:56', '2023-11-06 07:36:56'),
('1e6aac15-73ae-41f6-90ad-148ae0779581', '[\"https://res.cloudinary.com/daczrvoch/image/upload/v1699934503/oh9xar3ftftlb66bhiss.png\"]', '2023-11-14 04:02:28', '2023-11-14 04:02:28'),
('1f0a8ade-7f86-4914-8bd5-9e29767919f3', '[\"https://pt123.cdn.static123.com/images/thumbs/900x600/fit/2022/08/09/z2067452592060-ca1c8692a31370b08a87fa3343a89d27_1660008771.jpg\",\"https://pt123.cdn.static123.com/images/thumbs/900x600/fit/2022/07/28/z2067453014533-159e2066bc246ba87efb9724ee984819_1658996394.jpg\",\"https://pt123.cdn.static123.com/images/thumbs/900x600/fit/2022/07/28/z2067452704268-08b1ab57600b1bbd640aa9aa98d4cff7_1658996393.jpg\",\"https://pt123.cdn.static123.com/images/thumbs/900x600/fit/2022/08/09/z2067452592060-ca1c8692a31370b08a87fa3343a89d27_1660008771.jpg\",\"https://pt123.cdn.static123.com/images/thumbs/900x600/fit/2022/07/28/z2067453014533-159e2066bc246ba87efb9724ee984819_1658996394.jpg\"]', '2023-11-05 16:36:50', '2023-11-05 16:36:50'),
('1fec87d3-c99b-4206-a7ca-7168dadc88c1', '[\"https://res.cloudinary.com/daczrvoch/image/upload/v1700204399/p92lkoshv8asu0p7094u.png\"]', '2023-11-17 07:00:00', '2023-11-17 07:00:00'),
('214a13a7-ecfc-491e-b812-40d840cb7560', '[\"https://pt123.cdn.static123.com/images/thumbs/900x600/fit/2022/07/25/z3592543415619-0605b3a9b59968ad554809976e2588b4_1658740699.jpg\",\"https://pt123.cdn.static123.com/images/thumbs/900x600/fit/2022/07/25/z3592543415516-c214b26c41bdbe953b42d5e4fe9ae942_1658740699.jpg\",\"https://pt123.cdn.static123.com/images/thumbs/900x600/fit/2022/07/25/z3592543415619-0605b3a9b59968ad554809976e2588b4_1658740699.jpg\",\"https://pt123.cdn.static123.com/images/thumbs/900x600/fit/2022/07/25/z3592543415516-c214b26c41bdbe953b42d5e4fe9ae942_1658740699.jpg\"]', '2023-11-05 16:36:50', '2023-11-05 16:36:50'),
('2562720b-f59b-47fe-8c61-906aaafe6fbd', '[\"https://pt123.cdn.static123.com/images/thumbs/900x600/fit/2022/08/05/z3535814355606-b21dfcefe095d978aeed8b10ce4678d3_1659670117.jpg\",\"https://pt123.cdn.static123.com/images/thumbs/900x600/fit/2022/08/05/z3578497826109-7c34eec0caf8decd69bd9e49e623deb5_1659670112.jpg\",\"https://pt123.cdn.static123.com/images/thumbs/900x600/fit/2022/08/05/z3600993966293-d0029754f9502309032c0db64b4f5c12_1659670103.jpg\",\"https://pt123.cdn.static123.com/images/thumbs/900x600/fit/2022/08/05/z3513378490087-1ef5ada78b709ae3d482a9ddaf36720c_1659670099.jpg\",\"https://pt123.cdn.static123.com/images/thumbs/900x600/fit/2022/08/05/z3600995337855-2acb75a3b23bee8f1ba5644df439d9b8_1659670104.jpg\",\"https://pt123.cdn.static123.com/images/thumbs/900x600/fit/2022/08/05/z3600997314033-696fd795f37f1e828ba9733b326b569a_1659670106.jpg\",\"https://pt123.cdn.static123.com/images/thumbs/900x600/fit/2022/08/05/z3601002218992-060788347ec3e78a91f0df11bec307a2_1659670107.jpg\",\"https://pt123.cdn.static123.com/images/thumbs/900x600/fit/2022/08/05/z3605326683169-b88897b221438edd29a95f74e2ca0ad8_1659670102.jpg\",\"https://pt123.cdn.static123.com/images/thumbs/900x600/fit/2022/08/05/z3593344130678-25d2fc9d1b0097df9335ad5b45d51cc8_1659670110.jpg\",\"https://pt123.cdn.static123.com/images/thumbs/900x600/fit/2022/08/05/z3593344098214-2e27431803beca945d4171a55086f404_1659670107.jpg\",\"https://pt123.cdn.static123.com/images/thumbs/900x600/fit/2022/08/05/z3593343726824-a369a9919ed6271d00a9b7eb38b9268c_1659670108.jpg\",\"https://pt123.cdn.static123.com/images/thumbs/900x600/fit/2022/08/05/z3593343630973-9df13081a2a17ec79c3c9e8f4e44de9f_1659670110.jpg\",\"https://pt123.cdn.static123.com/images/thumbs/900x600/fit/2022/08/05/z3605326668723-460b6c27a57ec59f7af4b585210ef738_1659670098.jpg\",\"https://pt123.cdn.static123.com/images/thumbs/900x600/fit/2022/08/05/z3578497889506-87f02522288643611c5659db06bf0d9c_1659670114.jpg\",\"https://pt123.cdn.static123.com/images/thumbs/900x600/fit/2022/08/05/z3578497876891-c17b1dd912f9bfba9fbc6357e7f08f4d_1659670112.jpg\",\"https://pt123.cdn.static123.com/images/thumbs/900x600/fit/2022/08/05/z3557601762865-9881aee71bd06d38a5566cbb8fe7e5b3_1659670114.jpg\",\"https://pt123.cdn.static123.com/images/thumbs/900x600/fit/2022/08/05/z3535814355606-b21dfcefe095d978aeed8b10ce4678d3_1659670117.jpg\",\"https://pt123.cdn.static123.com/images/thumbs/900x600/fit/2022/08/05/z3578497826109-7c34eec0caf8decd69bd9e49e623deb5_1659670112.jpg\"]', '2023-11-05 16:36:50', '2023-11-05 16:36:50'),
('25d3aa64-9e93-4332-9200-f58ff76910a1', '[\"https://pt123.cdn.static123.com/images/thumbs/900x600/fit/2022/08/08/296469816-1665805447118539-7599363110475881569-n_1659943979.jpg\",\"https://pt123.cdn.static123.com/images/thumbs/900x600/fit/2022/08/08/296172521-600367881443341-7742697764947829969-n_1659942376.jpg\",\"https://pt123.cdn.static123.com/images/thumbs/900x600/fit/2022/08/08/296009024-439550144784881-641974713265952138-n-1_1659942381.jpg\",\"https://pt123.cdn.static123.com/images/thumbs/900x600/fit/2022/08/08/296141296-450946196887741-8243611203858466365-n_1659942386.jpg\",\"https://pt123.cdn.static123.com/images/thumbs/900x600/fit/2022/08/08/293288661-597040101908601-4876093723005646180-n_1659942393.jpg\",\"https://pt123.cdn.static123.com/images/thumbs/900x600/fit/2022/08/08/296529524-598030541693258-1493692505131350736-n-1_1659942401.jpg\",\"https://pt123.cdn.static123.com/images/thumbs/900x600/fit/2022/08/08/296009024-439550144784881-641974713265952138-n-1_1659943435.jpg\",\"https://pt123.cdn.static123.com/images/thumbs/900x600/fit/2022/08/08/296369765-3422315671332978-1606133761781524294-n_1659943974.jpg\",\"https://pt123.cdn.static123.com/images/thumbs/900x600/fit/2022/08/08/296469816-1665805447118539-7599363110475881569-n_1659943979.jpg\",\"https://pt123.cdn.static123.com/images/thumbs/900x600/fit/2022/08/08/296172521-600367881443341-7742697764947829969-n_1659942376.jpg\"]', '2023-11-05 16:36:50', '2023-11-05 16:36:50'),
('2632c6a2-79da-45c5-9c89-ea5e87237187', '[\"https://pt123.cdn.static123.com/images/thumbs/900x600/fit/2022/08/08/z3627069171908-a53f21af52445834e52df1d86a08cee4-1-result_1659959497.jpg\",\"https://pt123.cdn.static123.com/images/thumbs/900x600/fit/2022/08/08/z3627069137662-99e60fc288637c45ab6e7973c079dab4-1-result_1659959496.jpg\",\"https://pt123.cdn.static123.com/images/thumbs/900x600/fit/2022/08/08/z3627069140164-993006cbf7905523fcbe49da025b0de6-1-result_1659959496.jpg\",\"https://pt123.cdn.static123.com/images/thumbs/900x600/fit/2022/08/08/z3627069148083-03c4e16c10952f4f9996d1c2bc313a5f-1-result_1659959497.jpg\",\"https://pt123.cdn.static123.com/images/thumbs/900x600/fit/2022/08/08/z3627069150363-52dc4152884f4ad95d7291df363a0ebb-1-result_1659959497.jpg\",\"https://pt123.cdn.static123.com/images/thumbs/900x600/fit/2022/08/08/z3627069170878-8c3b2dd4722659b8a9f49121d18cfe39-1-result_1659959497.jpg\",\"https://pt123.cdn.static123.com/images/thumbs/900x600/fit/2022/08/08/z3627069171908-a53f21af52445834e52df1d86a08cee4-1-result_1659959497.jpg\",\"https://pt123.cdn.static123.com/images/thumbs/900x600/fit/2022/08/08/z3627069137662-99e60fc288637c45ab6e7973c079dab4-1-result_1659959496.jpg\"]', '2023-11-05 16:36:50', '2023-11-05 16:36:50'),
('26c6592a-9af2-49be-9c62-71e1ab176298', '[\"https://pt123.cdn.static123.com/images/thumbs/900x600/fit/2022/08/06/img-1659177688778-1659773379857_1659777936.jpg\",\"https://pt123.cdn.static123.com/images/thumbs/900x600/fit/2022/08/06/img-1659177688786-1659773379964_1659777936.jpg\",\"https://pt123.cdn.static123.com/images/thumbs/900x600/fit/2022/08/06/img-1659177688789-1659773380041_1659777934.jpg\",\"https://pt123.cdn.static123.com/images/thumbs/900x600/fit/2022/08/06/img-1659177688796-1659773380228_1659777934.jpg\",\"https://pt123.cdn.static123.com/images/thumbs/900x600/fit/2022/08/06/img-1659177688791-1659773380112_1659777934.jpg\",\"https://pt123.cdn.static123.com/images/thumbs/900x600/fit/2022/08/06/img-1659177688798-1659773380296_1659777934.jpg\",\"https://pt123.cdn.static123.com/images/thumbs/900x600/fit/2022/08/06/img-1659177688794-1659773380182_1659777935.jpg\",\"https://pt123.cdn.static123.com/images/thumbs/900x600/fit/2022/08/06/img-1659177688774-1659773379779_1659777935.jpg\",\"https://pt123.cdn.static123.com/images/thumbs/900x600/fit/2022/08/06/img-1659177688763-1659773379414_1659777935.jpg\",\"https://pt123.cdn.static123.com/images/thumbs/900x600/fit/2022/08/06/img-1659177688782-1659773379911_1659777936.jpg\",\"https://pt123.cdn.static123.com/images/thumbs/900x600/fit/2022/08/06/img-1659177688778-1659773379857_1659777936.jpg\",\"https://pt123.cdn.static123.com/images/thumbs/900x600/fit/2022/08/06/img-1659177688786-1659773379964_1659777936.jpg\"]', '2023-11-05 16:36:50', '2023-11-05 16:36:50'),
('288a74db-0d20-4a10-b6da-f853f30b5c09', '[\"https://pt123.cdn.static123.com/images/thumbs/900x600/fit/2021/01/19/img-4316_1611068535.jpg\",\"https://pt123.cdn.static123.com/images/thumbs/900x600/fit/2021/01/19/img-4249_1611068531.jpg\",\"https://pt123.cdn.static123.com/images/thumbs/900x600/fit/2022/03/14/kl_1647219522.jpg\",\"https://pt123.cdn.static123.com/images/thumbs/900x600/fit/2022/03/14/j_1647219522.jpg\",\"https://pt123.cdn.static123.com/images/thumbs/900x600/fit/2021/01/19/img-4247_1611068531.jpg\",\"https://pt123.cdn.static123.com/images/thumbs/900x600/fit/2021/01/19/img-4316_1611068535.jpg\",\"https://pt123.cdn.static123.com/images/thumbs/900x600/fit/2021/01/19/img-4249_1611068531.jpg\"]', '2023-11-05 16:36:50', '2023-11-05 16:36:50'),
('28f118e6-6211-412b-923a-b68b3d5384f4', '[\"https://pt123.cdn.static123.com/images/thumbs/900x600/fit/2022/08/08/298386668-3214785952094115-27616786622994893-n_1659966373.jpg\",\"https://pt123.cdn.static123.com/images/thumbs/900x600/fit/2022/08/08/296619073-3214786372094073-7261886583614904819-n_1659966371.jpg\",\"https://pt123.cdn.static123.com/images/thumbs/900x600/fit/2022/08/08/296773141-3214786788760698-6038263067267610107-n_1659966371.jpg\",\"https://pt123.cdn.static123.com/images/thumbs/900x600/fit/2022/08/08/296789657-3214786822094028-4341326885056365002-n_1659966371.jpg\",\"https://pt123.cdn.static123.com/images/thumbs/900x600/fit/2022/08/08/297287173-3214786785427365-4214035674552729880-n-1_1659966372.jpg\",\"https://pt123.cdn.static123.com/images/thumbs/900x600/fit/2022/08/08/297486980-3214786748760702-7244501949390307346-n_1659966372.jpg\",\"https://pt123.cdn.static123.com/images/thumbs/900x600/fit/2022/08/08/297824521-3214786815427362-643643908481901285-n_1659966372.jpg\",\"https://pt123.cdn.static123.com/images/thumbs/900x600/fit/2022/08/08/298340723-3214786762094034-253487891555598173-n_1659966372.jpg\",\"https://pt123.cdn.static123.com/images/thumbs/900x600/fit/2022/08/08/298386668-3214785952094115-27616786622994893-n_1659966373.jpg\",\"https://pt123.cdn.static123.com/images/thumbs/900x600/fit/2022/08/08/296619073-3214786372094073-7261886583614904819-n_1659966371.jpg\"]', '2023-11-05 16:36:50', '2023-11-05 16:36:50'),
('2e354ff7-b515-4a2e-9308-9b0683717b37', '\"\"', '2023-11-06 07:00:30', '2023-11-06 07:00:30'),
('2fdf2d45-7a60-4be0-b438-35856daffd21', '\"\"', '2023-11-18 17:21:06', '2023-11-18 17:37:49'),
('30cdf4a0-ca8e-485a-933b-f59a74045993', '[\"https://pt123.cdn.static123.com/images/thumbs/900x600/fit/2022/07/27/hinh-2707-sau-khi-sua-9_1658890847.jpg\",\"https://pt123.cdn.static123.com/images/thumbs/900x600/fit/2022/07/27/hinh-2707-sau-khi-sua-7_1658890843.jpg\",\"https://pt123.cdn.static123.com/images/thumbs/900x600/fit/2022/08/02/2507-2_1659407814.jpg\",\"https://pt123.cdn.static123.com/images/thumbs/900x600/fit/2022/08/02/hinh-1-2107_1659407820.jpg\",\"https://pt123.cdn.static123.com/images/thumbs/900x600/fit/2022/07/27/hinh-2707-sau-khi-sua-1_1658890831.jpg\",\"https://pt123.cdn.static123.com/images/thumbs/900x600/fit/2022/07/27/hinh-2707-sau-khi-sua-6_1658890841.jpg\",\"https://pt123.cdn.static123.com/images/thumbs/900x600/fit/2022/07/27/hinh-2707-sau-khi-sua-3_1658890834.jpg\",\"https://pt123.cdn.static123.com/images/thumbs/900x600/fit/2022/07/20/hinh-1-5_1658279087.jpg\",\"https://pt123.cdn.static123.com/images/thumbs/900x600/fit/2022/07/27/hinh-2707-sau-khi-sua-2_1658890830.jpg\",\"https://pt123.cdn.static123.com/images/thumbs/900x600/fit/2022/06/26/hinh-1-2_1656206427.jpg\",\"https://pt123.cdn.static123.com/images/thumbs/900x600/fit/2022/06/26/hinh-1-3_1656206428.jpg\",\"https://pt123.cdn.static123.com/images/thumbs/900x600/fit/2022/07/20/hinh-1-6_1658279088.jpg\",\"https://pt123.cdn.static123.com/images/thumbs/900x600/fit/2022/07/27/hinh-2707-sau-khi-sua-4_1658890837.jpg\",\"https://pt123.cdn.static123.com/images/thumbs/900x600/fit/2022/07/27/hinh-2707-sau-khi-sua-5_1658890839.jpg\",\"https://pt123.cdn.static123.com/images/thumbs/900x600/fit/2022/07/27/hinh-2707-sau-khi-sua-8_1658890845.jpg\",\"https://pt123.cdn.static123.com/images/thumbs/900x600/fit/2022/07/27/hinh-2707-sau-khi-sua-9_1658890847.jpg\"]', '2023-11-05 16:36:50', '2023-11-05 16:36:50'),
('3511cec2-c910-422b-816b-dbbad7fdcb3b', '[]', '2023-11-05 16:36:50', '2023-11-05 16:36:50'),
('38ef7b43-d67e-41f6-9539-3c02a520d1ed', '\"\"', '2023-11-17 05:50:50', '2023-11-17 05:50:50'),
('3a72fa8d-3805-49ef-ab25-c92e9e5a746f', '[\"https://pt123.cdn.static123.com/images/thumbs/900x600/fit/2022/05/16/1ee31478-d6a4-4d40-a09a-7ce01e44df6a_1652684859.jpg\",\"https://pt123.cdn.static123.com/images/thumbs/900x600/fit/2020/09/30/b1bb98e2-e0ce-462d-a5a2-d407cdffd0ac_1601433829.jpg\",\"https://pt123.cdn.static123.com/images/thumbs/900x600/fit/2020/10/09/42e51ace-c065-45af-9abd-9b05dda51fc2_1602188781.jpg\",\"https://pt123.cdn.static123.com/images/thumbs/900x600/fit/2022/05/16/5e42751f-0ed8-40df-828a-6bff6d9ea7db_1652684858.jpg\",\"https://pt123.cdn.static123.com/images/thumbs/900x600/fit/2022/05/16/2ebb6e64-b951-453c-96e1-f33f93866771_1652684858.jpg\",\"https://pt123.cdn.static123.com/images/thumbs/900x600/fit/2022/05/16/1ee31478-d6a4-4d40-a09a-7ce01e44df6a_1652684859.jpg\",\"https://pt123.cdn.static123.com/images/thumbs/900x600/fit/2020/09/30/b1bb98e2-e0ce-462d-a5a2-d407cdffd0ac_1601433829.jpg\"]', '2023-11-05 16:36:50', '2023-11-05 16:36:50'),
('3b0ef22b-c0c6-43d6-926e-b0fbcc56cac5', '[\"https://pt123.cdn.static123.com/images/thumbs/900x600/fit/2022/07/03/507ce676-0681-4fe6-bac3-55a7eef70fc3_1656803285.jpg\",\"https://pt123.cdn.static123.com/images/thumbs/900x600/fit/2022/07/03/f6480ee4-11fc-453b-882b-25f03a2bd77e_1656803279.jpg\",\"https://pt123.cdn.static123.com/images/thumbs/900x600/fit/2022/07/03/1b8acfac-f2ef-40c1-962a-d3343d29aca6_1656803278.jpg\",\"https://pt123.cdn.static123.com/images/thumbs/900x600/fit/2022/07/03/1af022b3-1701-4eae-9135-0c56a334a015_1656803279.jpg\",\"https://pt123.cdn.static123.com/images/thumbs/900x600/fit/2022/07/03/e1eab3db-98f4-480c-9047-7fb50da53b9b_1656803280.jpg\",\"https://pt123.cdn.static123.com/images/thumbs/900x600/fit/2022/07/03/80c5cde0-03f7-4b49-ad17-f6f00463154d_1656803280.jpg\",\"https://pt123.cdn.static123.com/images/thumbs/900x600/fit/2022/07/03/8c08f95c-3ec2-438d-8099-701bf3790788_1656803281.jpg\",\"https://pt123.cdn.static123.com/images/thumbs/900x600/fit/2022/07/03/f8974d57-4ac5-4e4f-b133-b333efbda094_1656803283.jpg\",\"https://pt123.cdn.static123.com/images/thumbs/900x600/fit/2022/07/03/507ce676-0681-4fe6-bac3-55a7eef70fc3_1656803285.jpg\",\"https://pt123.cdn.static123.com/images/thumbs/900x600/fit/2022/07/03/f6480ee4-11fc-453b-882b-25f03a2bd77e_1656803279.jpg\"]', '2023-11-05 16:36:50', '2023-11-05 16:36:50'),
('3b34ace5-43d0-419f-aa4f-298535eb38ae', '\"\"', '2023-11-07 04:13:44', '2023-11-07 04:13:44'),
('3bda7432-1c41-457b-b9e3-8170a902ddab', '[\"https://pt123.cdn.static123.com/images/thumbs/900x600/fit/2022/08/08/kinh-nghiem-xay-nha-tro-ben-dep-gia-re-3-370x260_1659940179.jpg\",\"https://pt123.cdn.static123.com/images/thumbs/900x600/fit/2022/08/08/20220401214710-nr5mc_1659940176.jpg\",\"https://pt123.cdn.static123.com/images/thumbs/900x600/fit/2022/08/08/kinh-nghiem-xay-nha-tro-ben-dep-gia-re-3-370x260_1659940179.jpg\",\"https://pt123.cdn.static123.com/images/thumbs/900x600/fit/2022/08/08/20220401214710-nr5mc_1659940176.jpg\"]', '2023-11-05 16:36:50', '2023-11-05 16:36:50'),
('3c438361-3cd2-41cb-ada7-f3ed66e151a7', '[\"https://pt123.cdn.static123.com/images/thumbs/900x600/fit/2022/06/16/top-10-van-phong-dep-nhat-viet-nam_1655343998.jpg\",\"https://pt123.cdn.static123.com/images/thumbs/900x600/fit/2022/06/16/50268082-378400752736547-3757042536464515072-n_1655343971.jpg\",\"https://pt123.cdn.static123.com/images/thumbs/900x600/fit/2022/06/16/50418419-924720557733929-3708392149117566976-n_1655343971.jpg\",\"https://pt123.cdn.static123.com/images/thumbs/900x600/fit/2022/06/16/img-7648-7323_1655343972.jpg\",\"https://pt123.cdn.static123.com/images/thumbs/900x600/fit/2022/06/16/top-10-van-phong-dep-nhat-viet-nam_1655343998.jpg\",\"https://pt123.cdn.static123.com/images/thumbs/900x600/fit/2022/06/16/50268082-378400752736547-3757042536464515072-n_1655343971.jpg\"]', '2023-11-05 16:36:50', '2023-11-05 16:36:50'),
('3e948a5a-646e-402c-a536-996497ee1362', '[\"https://pt123.cdn.static123.com/images/thumbs/900x600/fit/2018/11/23/wp-20161225-11-09-36-pro_1542975423.jpg\",\"https://pt123.cdn.static123.com/images/thumbs/900x600/fit/2018/11/23/wp-20151110-10-52-08-pro-1_1542975371.jpg\",\"https://pt123.cdn.static123.com/images/thumbs/900x600/fit/2018/11/23/wp-20151110-15-00-53-pro_1542975380.jpg\",\"https://pt123.cdn.static123.com/images/thumbs/900x600/fit/2018/11/23/wp-20161225-11-08-21-pro_1542975393.jpg\",\"https://pt123.cdn.static123.com/images/thumbs/900x600/fit/2018/11/23/wp-20161225-11-07-52-pro_1542975407.jpg\",\"https://pt123.cdn.static123.com/images/thumbs/900x600/fit/2018/11/23/wp-20161225-11-09-36-pro_1542975423.jpg\",\"https://pt123.cdn.static123.com/images/thumbs/900x600/fit/2018/11/23/wp-20151110-10-52-08-pro-1_1542975371.jpg\"]', '2023-11-05 16:36:50', '2023-11-05 16:36:50'),
('3fb969a3-6228-444c-ba25-725a9c725b2a', '[\"https://pt123.cdn.static123.com/images/thumbs/900x600/fit/2022/08/10/296348417-738372713887128-6048708028025215440-n_1660122047.jpg\",\"https://pt123.cdn.static123.com/images/thumbs/900x600/fit/2022/08/10/7a1ee97ab8d47a8a23c5_1660122044.jpg\",\"https://pt123.cdn.static123.com/images/thumbs/900x600/fit/2022/08/10/294866629-790603075478683-380523175494387534-n_1660122044.jpg\",\"https://pt123.cdn.static123.com/images/thumbs/900x600/fit/2022/08/10/295963912-770557270752046-5464226347728935073-n_1660122045.jpg\",\"https://pt123.cdn.static123.com/images/thumbs/900x600/fit/2022/08/10/296193651-5221475574614569-2647882546404923386-n_1660122046.jpg\",\"https://pt123.cdn.static123.com/images/thumbs/900x600/fit/2022/08/10/296278866-619034856135108-1740782864365488821-n_1660122046.jpg\",\"https://pt123.cdn.static123.com/images/thumbs/900x600/fit/2022/08/10/296348417-738372713887128-6048708028025215440-n_1660122047.jpg\",\"https://pt123.cdn.static123.com/images/thumbs/900x600/fit/2022/08/10/7a1ee97ab8d47a8a23c5_1660122044.jpg\"]', '2023-11-05 16:36:50', '2023-11-05 16:36:50'),
('4046a5a7-e94d-4d7c-af76-fde0391e71e0', '[\"https://res.cloudinary.com/daczrvoch/image/upload/v1700094937/qh1u4nmomlfekv0jhzow.jpg\",\"https://res.cloudinary.com/daczrvoch/image/upload/v1700094939/comvducsbqhr3pqigala.jpg\",\"https://res.cloudinary.com/daczrvoch/image/upload/v1700094942/dfgqlguz3ccbxurefspc.jpg\"]', '2023-11-16 00:35:48', '2023-11-16 00:35:48'),
('42cefbfd-af9f-4e85-b71f-c1088444fdf8', '[\"https://pt123.cdn.static123.com/images/thumbs/900x600/fit/2022/07/28/7041eddc052cff72a63d_1658997072.jpg\",\"https://pt123.cdn.static123.com/images/thumbs/900x600/fit/2022/07/28/c97b82136820907ec931_1658997073.jpg\",\"https://pt123.cdn.static123.com/images/thumbs/900x600/fit/2022/07/28/5021c4a9a35c45021c4d_1658997058.jpg\",\"https://pt123.cdn.static123.com/images/thumbs/900x600/fit/2022/07/28/toa-nha-52_1658997059.jpg\",\"https://pt123.cdn.static123.com/images/thumbs/900x600/fit/2022/07/28/3fbaab5943a9b9f7e0b8_1658997071.jpg\",\"https://pt123.cdn.static123.com/images/thumbs/900x600/fit/2022/07/28/5c7e95137f20877ede31_1658997071.jpg\",\"https://pt123.cdn.static123.com/images/thumbs/900x600/fit/2022/07/28/7041eddc052cff72a63d_1658997072.jpg\",\"https://pt123.cdn.static123.com/images/thumbs/900x600/fit/2022/07/28/c97b82136820907ec931_1658997073.jpg\"]', '2023-11-05 16:36:50', '2023-11-05 16:36:50'),
('42dfc5d6-e5ca-4c1d-832e-802d2a069d1f', '\"\"', '2023-11-06 07:34:21', '2023-11-06 07:34:21'),
('44460339-8743-4ef7-87a2-ae7f13a18f17', '[\"https://pt123.cdn.static123.com/images/thumbs/900x600/fit/2022/07/19/img-20220523-093654_1658235069.jpg\",\"https://pt123.cdn.static123.com/images/thumbs/900x600/fit/2022/07/19/img-20220521-112955_1658235007.jpg\",\"https://pt123.cdn.static123.com/images/thumbs/900x600/fit/2022/07/19/img-20220521-113045_1658235037.jpg\",\"https://pt123.cdn.static123.com/images/thumbs/900x600/fit/2022/07/19/img-10220521-112955_1658235062.jpg\",\"https://pt123.cdn.static123.com/images/thumbs/900x600/fit/2022/07/19/img-20220521-112927_1658235062.jpg\",\"https://pt123.cdn.static123.com/images/thumbs/900x600/fit/2022/07/19/img-20220521-112932_1658235063.jpg\",\"https://pt123.cdn.static123.com/images/thumbs/900x600/fit/2022/07/19/img-20220521-112947_1658235063.jpg\",\"https://pt123.cdn.static123.com/images/thumbs/900x600/fit/2022/07/19/img-20220523-093301_1658235064.jpg\",\"https://pt123.cdn.static123.com/images/thumbs/900x600/fit/2022/07/19/img-20220523-093335_1658235064.jpg\",\"https://pt123.cdn.static123.com/images/thumbs/900x600/fit/2022/07/19/img-20220523-093352_1658235064.jpg\",\"https://pt123.cdn.static123.com/images/thumbs/900x600/fit/2022/07/19/img-20220523-093400_1658235064.jpg\",\"https://pt123.cdn.static123.com/images/thumbs/900x600/fit/2022/07/19/img-20220523-093418_1658235065.jpg\",\"https://pt123.cdn.static123.com/images/thumbs/900x600/fit/2022/07/19/img-20220523-093436_1658235065.jpg\",\"https://pt123.cdn.static123.com/images/thumbs/900x600/fit/2022/07/19/img-20220523-093457_1658235066.jpg\",\"https://pt123.cdn.static123.com/images/thumbs/900x600/fit/2022/07/19/img-20220523-093507_1658235066.jpg\",\"https://pt123.cdn.static123.com/images/thumbs/900x600/fit/2022/07/19/img-20220523-093528_1658235067.jpg\",\"https://pt123.cdn.static123.com/images/thumbs/900x600/fit/2022/07/19/img-20220523-093558_1658235068.jpg\",\"https://pt123.cdn.static123.com/images/thumbs/900x600/fit/2022/07/19/img-20220523-093641_1658235068.jpg\",\"https://pt123.cdn.static123.com/images/thumbs/900x600/fit/2022/07/19/img-20220523-093648_1658235069.jpg\",\"https://pt123.cdn.static123.com/images/thumbs/900x600/fit/2022/07/19/img-20220523-093654_1658235069.jpg\",\"https://pt123.cdn.static123.com/images/thumbs/900x600/fit/2022/07/19/img-20220521-112955_1658235007.jpg\"]', '2023-11-05 16:36:50', '2023-11-05 16:36:50'),
('458b5672-e624-4e4f-aed6-ee7df48f7ab2', '[\"https://pt123.cdn.static123.com/images/thumbs/900x600/fit/2022/08/09/1ee78d98cad50f8b56c413_1660047171.jpg\",\"https://pt123.cdn.static123.com/images/thumbs/900x600/fit/2022/08/09/701c0a5f4d12884cd10310_1660047174.jpg\",\"https://pt123.cdn.static123.com/images/thumbs/900x600/fit/2022/08/09/4cb416c8518594dbcd9412_1660047171.jpg\",\"https://pt123.cdn.static123.com/images/thumbs/900x600/fit/2022/08/09/90a971ea36a7f3f9aab611_1660047173.jpg\",\"https://pt123.cdn.static123.com/images/thumbs/900x600/fit/2022/08/09/c595a6d6e19b24c57d8a9_1660047175.jpg\",\"https://pt123.cdn.static123.com/images/thumbs/900x600/fit/2022/08/09/1ee78d98cad50f8b56c413_1660047171.jpg\",\"https://pt123.cdn.static123.com/images/thumbs/900x600/fit/2022/08/09/701c0a5f4d12884cd10310_1660047174.jpg\"]', '2023-11-05 16:36:50', '2023-11-05 16:36:50'),
('48aaaef7-0e73-4886-9b35-d88daed36d61', '[\"https://pt123.cdn.static123.com/images/thumbs/900x600/fit/2022/06/22/l-p470661-2205240032-at-628bc521a44ed-1_1655846793.jpg\",\"https://pt123.cdn.static123.com/images/thumbs/900x600/fit/2022/06/22/49947625-1239512099531093-1406786949775097856-n_1655846779.jpg\",\"https://pt123.cdn.static123.com/images/thumbs/900x600/fit/2022/06/22/50012419-278459509516034-5318313970908528640-n_1655846779.jpg\",\"https://pt123.cdn.static123.com/images/thumbs/900x600/fit/2022/06/22/50730735-2249389168667360-6173524706382053376-n_1655846779.jpg\",\"https://pt123.cdn.static123.com/images/thumbs/900x600/fit/2022/06/22/50673350-811529362512515-7828540635354234880-n_1655846779.jpg\",\"https://pt123.cdn.static123.com/images/thumbs/900x600/fit/2022/06/22/50853954-219321752350543-2869661185978925056-n_1655846779.jpg\",\"https://pt123.cdn.static123.com/images/thumbs/900x600/fit/2022/06/22/l-p470661-2205240032-at-628bc521a44ed-1_1655846793.jpg\",\"https://pt123.cdn.static123.com/images/thumbs/900x600/fit/2022/06/22/49947625-1239512099531093-1406786949775097856-n_1655846779.jpg\"]', '2023-11-05 16:36:50', '2023-11-05 16:36:50'),
('500d603c-3d3b-4272-93a7-bd48b8d3b153', '[\"https://pt123.cdn.static123.com/images/thumbs/900x600/fit/2022/08/01/z3563363842420-bd99a0306b5d81e26735a95ea9a05e91_1659326198.jpg\",\"https://pt123.cdn.static123.com/images/thumbs/900x600/fit/2022/08/01/z3563363799805-2293796af84bb4b3c13dd2773c509abe_1659326193.jpg\",\"https://pt123.cdn.static123.com/images/thumbs/900x600/fit/2022/08/01/z3563363806313-f414f1e0dfefb1c4a394c746c620a23b_1659326193.jpg\",\"https://pt123.cdn.static123.com/images/thumbs/900x600/fit/2022/08/01/z3563363812719-a97c90dd163aaac614e1d9ad1c44fc19_1659326194.jpg\",\"https://pt123.cdn.static123.com/images/thumbs/900x600/fit/2022/08/01/z3563363812332-95d0bbbaebb6973587ac028725b07afc_1659326194.jpg\",\"https://pt123.cdn.static123.com/images/thumbs/900x600/fit/2022/08/01/z3563363808230-8574725a1ae5a5a9330af48fd75dc49e_1659326195.jpg\",\"https://pt123.cdn.static123.com/images/thumbs/900x600/fit/2022/08/01/z3563363812763-b1560d3dbe9a58f6965b120012b298eb_1659326195.jpg\",\"https://pt123.cdn.static123.com/images/thumbs/900x600/fit/2022/08/01/z3563363822093-53ea38449a1be9cfea6ea9ed38ef301b_1659326196.jpg\",\"https://pt123.cdn.static123.com/images/thumbs/900x600/fit/2022/08/01/z3563363823042-01094297177700ce86acfa358c7417e0_1659326196.jpg\",\"https://pt123.cdn.static123.com/images/thumbs/900x600/fit/2022/08/01/z3563363826795-5112448dcbe1bd07709847e306493c2d_1659326196.jpg\",\"https://pt123.cdn.static123.com/images/thumbs/900x600/fit/2022/08/01/z3563363829045-630a2414753f8688695423b3b062a47b_1659326196.jpg\",\"https://pt123.cdn.static123.com/images/thumbs/900x600/fit/2022/08/01/z3563363834447-857f05e1e1c140f30d813ad00d401391_1659326197.jpg\",\"https://pt123.cdn.static123.com/images/thumbs/900x600/fit/2022/08/01/z3563363838476-797bac5839bea942be44506352178aa3_1659326197.jpg\",\"https://pt123.cdn.static123.com/images/thumbs/900x600/fit/2022/08/01/z3563363848378-812420eb6d1f51d6bc66d589585a9a13_1659326197.jpg\",\"https://pt123.cdn.static123.com/images/thumbs/900x600/fit/2022/08/01/z3563363842420-bd99a0306b5d81e26735a95ea9a05e91_1659326198.jpg\",\"https://pt123.cdn.static123.com/images/thumbs/900x600/fit/2022/08/01/z3563363799805-2293796af84bb4b3c13dd2773c509abe_1659326193.jpg\"]', '2023-11-05 16:36:50', '2023-11-05 16:36:50'),
('517204d2-4bc0-414a-8c6f-00de6245b4b2', '\"\"', '2023-11-13 15:05:04', '2023-11-13 15:05:04'),
('57b2deeb-5bb4-4bd4-b4d3-56ac195366c3', '[\"https://pt123.cdn.static123.com/images/thumbs/900x600/fit/2022/08/09/8_1660029257.jpg\",\"https://pt123.cdn.static123.com/images/thumbs/900x600/fit/2022/08/09/1_1660029255.jpg\",\"https://pt123.cdn.static123.com/images/thumbs/900x600/fit/2022/08/09/2_1660029255.jpg\",\"https://pt123.cdn.static123.com/images/thumbs/900x600/fit/2022/08/09/4_1660029256.jpg\",\"https://pt123.cdn.static123.com/images/thumbs/900x600/fit/2022/08/09/5_1660029256.jpg\",\"https://pt123.cdn.static123.com/images/thumbs/900x600/fit/2022/08/09/6_1660029257.jpg\",\"https://pt123.cdn.static123.com/images/thumbs/900x600/fit/2022/08/09/7_1660029257.jpg\",\"https://pt123.cdn.static123.com/images/thumbs/900x600/fit/2022/08/09/8_1660029257.jpg\",\"https://pt123.cdn.static123.com/images/thumbs/900x600/fit/2022/08/09/1_1660029255.jpg\"]', '2023-11-05 16:36:50', '2023-11-05 16:36:50'),
('5c956403-b337-4782-99f9-3df53950f844', '[\"https://res.cloudinary.com/daczrvoch/image/upload/v1699932327/kkuqob9usfo09ldvntaf.jpg\"]', '2023-11-14 03:25:32', '2023-11-14 03:25:32'),
('5d445e55-05fa-4bbb-aaf3-20103add5fb6', '\"\"', '2023-11-06 07:42:52', '2023-11-06 07:42:52'),
('5d81e804-c402-4bf8-9057-de1310a9781e', '[\"https://pt123.cdn.static123.com/images/thumbs/900x600/fit/2022/02/07/z3162909444862-a280f42872003eb4660d6a93b303d0a1_1644224210.jpg\",\"https://pt123.cdn.static123.com/images/thumbs/900x600/fit/2022/02/07/z3162909437215-13a3f12b9f8394a71526ed5325f15c41_1644224209.jpg\",\"https://pt123.cdn.static123.com/images/thumbs/900x600/fit/2022/02/07/z3162909437290-ed28d4d4b304d9f647118378a213d1cb_1644224209.jpg\",\"https://pt123.cdn.static123.com/images/thumbs/900x600/fit/2022/02/07/z3162909438220-18a7449d53e93445556bd8ba823f10c9_1644224210.jpg\",\"https://pt123.cdn.static123.com/images/thumbs/900x600/fit/2022/02/07/z3162909440591-553ccbf4431e3d9914de388181711436_1644224210.jpg\",\"https://pt123.cdn.static123.com/images/thumbs/900x600/fit/2022/02/07/z3162909444683-63d2a518722a8b76802e0dc9480b01e8_1644224210.jpg\",\"https://pt123.cdn.static123.com/images/thumbs/900x600/fit/2022/02/07/z3162909444862-a280f42872003eb4660d6a93b303d0a1_1644224210.jpg\",\"https://pt123.cdn.static123.com/images/thumbs/900x600/fit/2022/02/07/z3162909437215-13a3f12b9f8394a71526ed5325f15c41_1644224209.jpg\"]', '2023-11-05 16:36:50', '2023-11-05 16:36:50'),
('5ff86bf9-75f2-484c-ac14-516e8188a513', '[\"https://pt123.cdn.static123.com/images/thumbs/900x600/fit/2022/08/10/23c9422905c7f999a0d659_1660100658.jpg\",\"https://pt123.cdn.static123.com/images/thumbs/900x600/fit/2022/08/10/d16e16a95147ad19f45656_1660100664.jpg\",\"https://pt123.cdn.static123.com/images/thumbs/900x600/fit/2022/08/10/8e3cfdecba02465c1f1355_1660100658.jpg\",\"https://pt123.cdn.static123.com/images/thumbs/900x600/fit/2022/08/10/68bc8867cf8933d76a9857_1660100660.jpg\",\"https://pt123.cdn.static123.com/images/thumbs/900x600/fit/2022/08/10/b814b5c8f2260e78573758_1660100662.jpg\",\"https://pt123.cdn.static123.com/images/thumbs/900x600/fit/2022/04/25/b813c8f58f1b73452a0a60_1650874569.jpg\",\"https://pt123.cdn.static123.com/images/thumbs/900x600/fit/2022/04/25/b54529b46e5a9204cb4b61_1650874571.jpg\",\"https://pt123.cdn.static123.com/images/thumbs/900x600/fit/2022/08/10/z3632027092979-8daa593c24da8a845acbbb1bb58060ca_1660100628.jpg\",\"https://pt123.cdn.static123.com/images/thumbs/900x600/fit/2022/08/10/z3632027093110-d8e20724215b376ef771964808900f4e_1660100628.jpg\",\"https://pt123.cdn.static123.com/images/thumbs/900x600/fit/2022/08/10/23c9422905c7f999a0d659_1660100658.jpg\"]', '2023-11-05 16:36:50', '2023-11-05 16:36:50'),
('604cfb56-ce99-4da4-9381-38ce4768c145', '\"\"', '2023-11-06 07:25:21', '2023-11-06 07:25:21'),
('61f0cf94-dddb-485b-9eea-8541c20f1d7f', '\"\"', '2023-11-05 17:19:24', '2023-11-05 17:19:24'),
('63068ab5-1954-4634-bb69-a0ad116c1ca9', '[\"https://pt123.cdn.static123.com/images/thumbs/900x600/fit/2022/07/28/z3600946970304-ca5674183da0a2e71dd8d94192de7d65_1659002334.jpg\",\"https://pt123.cdn.static123.com/images/thumbs/900x600/fit/2022/07/28/z3600949508408-0112c95ab4bcb7b31bccc49f3ad4d78a_1659002332.jpg\",\"https://pt123.cdn.static123.com/images/thumbs/900x600/fit/2022/07/28/z3600946975472-426a2345abdd17744eec7fd976e03ab3_1659002333.jpg\",\"https://pt123.cdn.static123.com/images/thumbs/900x600/fit/2022/07/28/z3600946976010-cb21356b661e2de9f6b585c5fea95a93_1659002333.jpg\",\"https://pt123.cdn.static123.com/images/thumbs/900x600/fit/2022/07/28/z3600946984450-c64f520ecf992877eef52a8028595e34_1659002334.jpg\",\"https://pt123.cdn.static123.com/images/thumbs/900x600/fit/2022/07/28/z3600946970310-6f6ac9d58de13580082fb1fe77e3052f_1659002333.jpg\",\"https://pt123.cdn.static123.com/images/thumbs/900x600/fit/2022/07/28/z3600946970304-ca5674183da0a2e71dd8d94192de7d65_1659002334.jpg\",\"https://pt123.cdn.static123.com/images/thumbs/900x600/fit/2022/07/28/z3600949508408-0112c95ab4bcb7b31bccc49f3ad4d78a_1659002332.jpg\"]', '2023-11-05 16:36:50', '2023-11-05 16:36:50'),
('634a3c52-a1f8-4534-9dec-690ede0f2144', '\"123123\"', '2023-11-05 17:40:31', '2023-11-05 17:40:31'),
('683cdab7-083c-415b-b15c-e9073f80729e', '[\"https://res.cloudinary.com/daczrvoch/image/upload/v1699206709/dmfzlgrlgwzqzmagcyqy.jpg\"]', '2023-11-05 17:51:44', '2023-11-05 17:51:44'),
('68731367-7ca4-426d-ac79-e035759338bb', '[\"https://pt123.cdn.static123.com/images/thumbs/900x600/fit/2022/08/09/screenshot-20220728-102235_1660038972.png\",\"https://pt123.cdn.static123.com/images/thumbs/900x600/fit/2022/08/09/screenshot-20220809-161840_1660038966.png\",\"https://pt123.cdn.static123.com/images/thumbs/900x600/fit/2022/08/09/screenshot-20220809-155623_1660038966.png\",\"https://pt123.cdn.static123.com/images/thumbs/900x600/fit/2022/08/09/screenshot-20220729-155613_1660038969.png\",\"https://pt123.cdn.static123.com/images/thumbs/900x600/fit/2022/08/09/screenshot-20220728-102240_1660038969.png\",\"https://pt123.cdn.static123.com/images/thumbs/900x600/fit/2022/08/09/screenshot-20220728-102235_1660038972.png\",\"https://pt123.cdn.static123.com/images/thumbs/900x600/fit/2022/08/09/screenshot-20220809-161840_1660038966.png\"]', '2023-11-05 16:36:50', '2023-11-05 16:36:50'),
('691f70ab-1b33-4f8e-929a-28c276238aab', '[\"https://pt123.cdn.static123.com/images/thumbs/900x600/fit/2022/06/15/c41653e3045dc4039d4c_1655262722.jpg\",\"https://pt123.cdn.static123.com/images/thumbs/900x600/fit/2022/06/23/26b75f21be2d7d73243c_1655961229.jpg\",\"https://pt123.cdn.static123.com/images/thumbs/900x600/fit/2022/06/15/3ab8d3cf4364833ada75_1655262719.jpg\",\"https://pt123.cdn.static123.com/images/thumbs/900x600/fit/2022/06/15/2380247c73c2b39cead3_1655262721.jpg\",\"https://pt123.cdn.static123.com/images/thumbs/900x600/fit/2022/06/15/c692696f3ed1fe8fa7c0_1655262722.jpg\",\"https://pt123.cdn.static123.com/images/thumbs/900x600/fit/2022/06/15/692db3e0e45e24007d4f_1655262721.jpg\",\"https://pt123.cdn.static123.com/images/thumbs/900x600/fit/2022/06/15/ab1094dcc362033c5a73_1655262721.jpg\",\"https://pt123.cdn.static123.com/images/thumbs/900x600/fit/2022/06/15/bd64459d1223d27d8b32_1655262721.jpg\",\"https://pt123.cdn.static123.com/images/thumbs/900x600/fit/2022/06/15/97cb123c458285dcdc93_1655262720.jpg\",\"https://pt123.cdn.static123.com/images/thumbs/900x600/fit/2022/06/15/82e628147faabff4e6bb_1655262719.jpg\",\"https://pt123.cdn.static123.com/images/thumbs/900x600/fit/2022/06/15/e632d3c3847d44231d6c_1655262722.jpg\",\"https://pt123.cdn.static123.com/images/thumbs/900x600/fit/2022/06/15/c41653e3045dc4039d4c_1655262722.jpg\",\"https://pt123.cdn.static123.com/images/thumbs/900x600/fit/2022/06/23/26b75f21be2d7d73243c_1655961229.jpg\"]', '2023-11-05 16:36:50', '2023-11-05 16:36:50'),
('692e0bea-8ddd-4b5c-b4fd-71602b9a3897', '[\"https://pt123.cdn.static123.com/images/thumbs/900x600/fit/2022/07/14/8_1657763752.jpg\",\"https://pt123.cdn.static123.com/images/thumbs/900x600/fit/2020/02/26/tp_1582694811.jpg\",\"https://pt123.cdn.static123.com/images/thumbs/900x600/fit/2022/07/14/1_1657763751.jpg\",\"https://pt123.cdn.static123.com/images/thumbs/900x600/fit/2022/07/14/2_1657763751.jpg\",\"https://pt123.cdn.static123.com/images/thumbs/900x600/fit/2022/07/14/3_1657763751.jpg\",\"https://pt123.cdn.static123.com/images/thumbs/900x600/fit/2022/07/14/4_1657763751.jpg\",\"https://pt123.cdn.static123.com/images/thumbs/900x600/fit/2022/07/14/5_1657763752.jpg\",\"https://pt123.cdn.static123.com/images/thumbs/900x600/fit/2022/07/14/6_1657763752.jpg\",\"https://pt123.cdn.static123.com/images/thumbs/900x600/fit/2022/07/14/7_1657763752.jpg\",\"https://pt123.cdn.static123.com/images/thumbs/900x600/fit/2022/07/14/8_1657763752.jpg\",\"https://pt123.cdn.static123.com/images/thumbs/900x600/fit/2020/02/26/tp_1582694811.jpg\"]', '2023-11-05 16:36:50', '2023-11-05 16:36:50'),
('6a2473cd-7261-4585-97ca-6a46ccfa9370', '[\"https://pt123.cdn.static123.com/images/thumbs/900x600/fit/2022/08/09/dab682d66269a037f978_1660053876.jpg\",\"https://pt123.cdn.static123.com/images/thumbs/900x600/fit/2022/08/09/2b3ec0242d9befc5b68a_1660053814.jpg\",\"https://pt123.cdn.static123.com/images/thumbs/900x600/fit/2022/08/09/6bc12eefc350010e5841_1660053814.jpg\",\"https://pt123.cdn.static123.com/images/thumbs/900x600/fit/2022/08/09/86a861468ff94da714e8_1660053815.jpg\",\"https://pt123.cdn.static123.com/images/thumbs/900x600/fit/2022/08/09/664f93767ec9bc97e5d8_1660053816.jpg\",\"https://pt123.cdn.static123.com/images/thumbs/900x600/fit/2022/08/09/34886ef8834741191856_1660053817.jpg\",\"https://pt123.cdn.static123.com/images/thumbs/900x600/fit/2022/08/09/d8de4fd6a26960373978_1660053817.jpg\",\"https://pt123.cdn.static123.com/images/thumbs/900x600/fit/2022/08/09/4f7dfb1c1ba3d9fd80b2_1660053875.jpg\",\"https://pt123.cdn.static123.com/images/thumbs/900x600/fit/2022/08/09/5c0cf16f11d0d38e8ac1_1660053875.jpg\",\"https://pt123.cdn.static123.com/images/thumbs/900x600/fit/2022/08/09/8f73f10d11b2d3ec8aa3_1660053876.jpg\",\"https://pt123.cdn.static123.com/images/thumbs/900x600/fit/2022/08/09/55d8fabe1a01d85f8110_1660053876.jpg\",\"https://pt123.cdn.static123.com/images/thumbs/900x600/fit/2022/08/09/dab682d66269a037f978_1660053876.jpg\",\"https://pt123.cdn.static123.com/images/thumbs/900x600/fit/2022/08/09/2b3ec0242d9befc5b68a_1660053814.jpg\"]', '2023-11-05 16:36:50', '2023-11-05 16:36:50'),
('6bf1f898-7e50-41b5-bd6a-46d2c823b1a4', '\"\"', '2023-11-18 21:48:42', '2023-11-18 21:48:42'),
('70ec3a8e-4778-45d4-920a-924c5627eb1a', '[\"https://pt123.cdn.static123.com/images/thumbs/900x600/fit/2022/08/06/img-1659528711095-1659530169709_1659778239.jpg\",\"https://pt123.cdn.static123.com/images/thumbs/900x600/fit/2022/08/06/img-1659528711632-1659530170099_1659778237.jpg\",\"https://pt123.cdn.static123.com/images/thumbs/900x600/fit/2022/08/06/img-1659528711556-1659530170048_1659778237.jpg\",\"https://pt123.cdn.static123.com/images/thumbs/900x600/fit/2022/08/06/img-1659528711714-1659530170161_1659778237.jpg\",\"https://pt123.cdn.static123.com/images/thumbs/900x600/fit/2022/08/06/img-1659528711494-1659530169997_1659778237.jpg\",\"https://pt123.cdn.static123.com/images/thumbs/900x600/fit/2022/08/06/img-1659528711415-1659530169944_1659778238.jpg\",\"https://pt123.cdn.static123.com/images/thumbs/900x600/fit/2022/08/06/img-1659528711040-1659530169561_1659778238.jpg\",\"https://pt123.cdn.static123.com/images/thumbs/900x600/fit/2022/08/06/img-1659528711254-1659530169837_1659778238.jpg\",\"https://pt123.cdn.static123.com/images/thumbs/900x600/fit/2022/08/06/img-1659528711344-1659530169895_1659778238.jpg\",\"https://pt123.cdn.static123.com/images/thumbs/900x600/fit/2022/08/06/img-1659528711192-1659530169774_1659778239.jpg\",\"https://pt123.cdn.static123.com/images/thumbs/900x600/fit/2022/08/06/img-1659528711095-1659530169709_1659778239.jpg\",\"https://pt123.cdn.static123.com/images/thumbs/900x600/fit/2022/08/06/img-1659528711632-1659530170099_1659778237.jpg\"]', '2023-11-05 16:36:50', '2023-11-05 16:36:50');
INSERT INTO `images` (`id`, `image`, `createdAt`, `updatedAt`) VALUES
('720a47b6-e119-4ed0-9494-56778600698f', '[\"https://pt123.cdn.static123.com/images/thumbs/900x600/fit/2022/08/06/11_1659754120.jpg\",\"https://pt123.cdn.static123.com/images/thumbs/900x600/fit/2022/08/06/1_1659754112.jpg\",\"https://pt123.cdn.static123.com/images/thumbs/900x600/fit/2022/08/06/2_1659754112.jpg\",\"https://pt123.cdn.static123.com/images/thumbs/900x600/fit/2022/08/06/3_1659754113.jpg\",\"https://pt123.cdn.static123.com/images/thumbs/900x600/fit/2022/08/06/4_1659754114.jpg\",\"https://pt123.cdn.static123.com/images/thumbs/900x600/fit/2022/08/06/5_1659754115.jpg\",\"https://pt123.cdn.static123.com/images/thumbs/900x600/fit/2022/08/06/6_1659754115.jpg\",\"https://pt123.cdn.static123.com/images/thumbs/900x600/fit/2022/08/06/7_1659754117.jpg\",\"https://pt123.cdn.static123.com/images/thumbs/900x600/fit/2022/08/06/8_1659754117.jpg\",\"https://pt123.cdn.static123.com/images/thumbs/900x600/fit/2022/08/06/9_1659754118.jpg\",\"https://pt123.cdn.static123.com/images/thumbs/900x600/fit/2022/08/06/10_1659754118.jpg\",\"https://pt123.cdn.static123.com/images/thumbs/900x600/fit/2022/08/06/11_1659754120.jpg\",\"https://pt123.cdn.static123.com/images/thumbs/900x600/fit/2022/08/06/1_1659754112.jpg\"]', '2023-11-05 16:36:50', '2023-11-05 16:36:50'),
('7225e3db-0fe0-4fa0-917e-a8885a519c1b', '[\"https://pt123.cdn.static123.com/images/thumbs/900x600/fit/2022/08/10/03bc35f0-c6fa-4429-be6d-33f9375bc1e5_1660121327.jpg\",\"https://pt123.cdn.static123.com/images/thumbs/900x600/fit/2022/08/10/1d290d68-aeb5-44d5-b7a7-dec0522e85be_1660121326.jpg\",\"https://pt123.cdn.static123.com/images/thumbs/900x600/fit/2022/08/10/8a721088-9f25-45da-8b3f-81bf11dda521_1660121326.jpg\",\"https://pt123.cdn.static123.com/images/thumbs/900x600/fit/2022/08/10/5a234074-18cc-4bf3-b904-6804f00584ca_1660121326.jpg\",\"https://pt123.cdn.static123.com/images/thumbs/900x600/fit/2022/08/10/d0b845d2-bff2-45b5-baf5-cb174caf3461_1660121326.jpg\",\"https://pt123.cdn.static123.com/images/thumbs/900x600/fit/2022/08/10/588941a3-cacf-4ebd-b409-31b3b03d1cb4_1660121327.jpg\",\"https://pt123.cdn.static123.com/images/thumbs/900x600/fit/2022/08/10/63e11d8a-4ebb-4385-ac0f-0a6edc409ab1_1660121327.jpg\",\"https://pt123.cdn.static123.com/images/thumbs/900x600/fit/2022/08/10/9e4ce4c7-7c7e-4341-adea-1bbe1ba3745f_1660121327.jpg\",\"https://pt123.cdn.static123.com/images/thumbs/900x600/fit/2022/08/10/bb4b0e49-f33b-42fd-9220-a8fd71c96909_1660121327.jpg\",\"https://pt123.cdn.static123.com/images/thumbs/900x600/fit/2022/08/10/03bc35f0-c6fa-4429-be6d-33f9375bc1e5_1660121327.jpg\",\"https://pt123.cdn.static123.com/images/thumbs/900x600/fit/2022/08/10/1d290d68-aeb5-44d5-b7a7-dec0522e85be_1660121326.jpg\"]', '2023-11-05 16:36:50', '2023-11-05 16:36:50'),
('785d678a-9ac4-4bca-b3e7-a89966f2e053', '[\"https://pt123.cdn.static123.com/images/thumbs/900x600/fit/2022/04/11/242df13a-c719-44b7-a46e-33a0080da507_1649660885.jpg\",\"https://pt123.cdn.static123.com/images/thumbs/900x600/fit/2022/04/11/745415c1-4959-42b8-9351-1a366d4b4fa5_1649660883.jpg\",\"https://pt123.cdn.static123.com/images/thumbs/900x600/fit/2022/04/11/ffabbd8a-4a58-4658-947d-26e9f413c2e6_1649660883.jpg\",\"https://pt123.cdn.static123.com/images/thumbs/900x600/fit/2022/04/11/74a6a3fb-d488-45c9-91e7-db8f257a494e_1649660884.jpg\",\"https://pt123.cdn.static123.com/images/thumbs/900x600/fit/2022/04/11/fd76f1aa-2d9d-466c-a611-3b9b7dd0e733_1649660884.jpg\",\"https://pt123.cdn.static123.com/images/thumbs/900x600/fit/2022/04/11/d971e809-8115-41e4-9f19-0fa0f513f468_1649660885.jpg\",\"https://pt123.cdn.static123.com/images/thumbs/900x600/fit/2022/04/11/46e27298-6b90-41ff-80ef-068f9019ddd1_1649660885.jpg\",\"https://pt123.cdn.static123.com/images/thumbs/900x600/fit/2022/04/11/ddacb528-18ec-4f83-a7c6-11b4d8d426ac_1649660885.jpg\",\"https://pt123.cdn.static123.com/images/thumbs/900x600/fit/2022/04/11/242df13a-c719-44b7-a46e-33a0080da507_1649660885.jpg\",\"https://pt123.cdn.static123.com/images/thumbs/900x600/fit/2022/04/11/745415c1-4959-42b8-9351-1a366d4b4fa5_1649660883.jpg\"]', '2023-11-05 16:36:50', '2023-11-05 16:36:50'),
('787df32a-a87c-4424-98e9-64538fe3bb05', '\"\"', '2023-11-18 17:30:50', '2023-11-18 17:30:50'),
('797a8279-0c5d-47b5-a5af-883e1b8f9111', '\"\"', '2023-11-17 10:47:47', '2023-11-17 10:47:47'),
('7dc639ad-f405-4f74-8929-5a4fc74204c6', '\"\"', '2023-11-06 07:12:44', '2023-11-06 07:12:44'),
('7ddf81c5-cb71-4f40-bbf9-71f680b3d90e', '[\"https://res.cloudinary.com/daczrvoch/image/upload/v1699202348/e3wxcnxykggabwj5asrg.jpg\",\"https://res.cloudinary.com/daczrvoch/image/upload/v1699202349/nayf2wvhykh6y8dy9gr5.jpg\"]', '2023-11-05 16:39:06', '2023-11-05 16:39:06'),
('7ec051a5-a158-43af-bafc-e65d3fd3e6e5', '\"\"', '2023-11-13 15:06:05', '2023-11-13 15:06:05'),
('7ed94023-3b7f-4bb5-b91e-c4e8b835fdbb', '[\"https://pt123.cdn.static123.com/images/thumbs/900x600/fit/2021/01/12/dsc-0701_1610422460.jpg\",\"https://pt123.cdn.static123.com/images/thumbs/900x600/fit/2021/01/12/dsc-0668_1610422368.jpg\",\"https://pt123.cdn.static123.com/images/thumbs/900x600/fit/2021/01/12/dsc-0634_1610422451.jpg\",\"https://pt123.cdn.static123.com/images/thumbs/900x600/fit/2021/01/12/dsc-0636_1610422451.jpg\",\"https://pt123.cdn.static123.com/images/thumbs/900x600/fit/2021/01/12/dsc-0638_1610422455.jpg\",\"https://pt123.cdn.static123.com/images/thumbs/900x600/fit/2021/01/12/dsc-0696_1610422456.jpg\",\"https://pt123.cdn.static123.com/images/thumbs/900x600/fit/2021/01/12/dsc-0701_1610422460.jpg\",\"https://pt123.cdn.static123.com/images/thumbs/900x600/fit/2021/01/12/dsc-0668_1610422368.jpg\"]', '2023-11-05 16:36:50', '2023-11-05 16:36:50'),
('81e49821-e283-4534-a2ef-00ca6b3872e0', '\"\"', '2023-11-06 07:09:01', '2023-11-06 07:09:01'),
('83cbafcc-407c-4bce-b856-3078bf2986ae', '[\"https://pt123.cdn.static123.com/images/thumbs/900x600/fit/2022/08/09/1660022023687_1660026658.jpg\",\"https://pt123.cdn.static123.com/images/thumbs/900x600/fit/2022/08/09/1660023226876_1660026658.jpg\",\"https://pt123.cdn.static123.com/images/thumbs/900x600/fit/2022/08/09/processed-2f7e96c8-258d-4d32-b550-9fd6e9c3be92-wimdpwrs_1660026658.jpg\",\"https://pt123.cdn.static123.com/images/thumbs/900x600/fit/2022/08/09/processed-c8415939-2581-4e73-a97e-c7b7d1068f18-q5qlsayi_1660026658.jpg\",\"https://pt123.cdn.static123.com/images/thumbs/900x600/fit/2022/08/09/1660022023687_1660026658.jpg\"]', '2023-11-05 16:36:50', '2023-11-05 16:36:50'),
('886d8e88-bb13-40b9-8207-4251fe4c376a', '\"\"', '2023-11-17 05:54:53', '2023-11-17 05:54:53'),
('890e57f7-f0c0-48a3-b769-d237d20e1e08', '\"\"', '2023-11-13 11:44:05', '2023-11-13 11:44:05'),
('89490723-c506-4598-b361-e645157a867a', '\"\"', '2023-11-17 08:08:49', '2023-11-17 08:08:49'),
('8cf207b9-659c-4646-ac48-cc71be3028a7', '[\"https://pt123.cdn.static123.com/images/thumbs/900x600/fit/2022/08/08/z3627099707668-9b1c146c0f4b0d41a0f66ba56c3d8b84_1659933745.jpg\",\"https://pt123.cdn.static123.com/images/thumbs/900x600/fit/2022/08/08/z3627099684005-d2b46f59a68baf70971dc8a4dbbd6d45_1659933743.jpg\",\"https://pt123.cdn.static123.com/images/thumbs/900x600/fit/2022/08/08/z3627099707627-36dadb1ab3cc5bc39b4931ea80123fb4_1659933743.jpg\",\"https://pt123.cdn.static123.com/images/thumbs/900x600/fit/2022/08/08/z3627099707668-9b1c146c0f4b0d41a0f66ba56c3d8b84_1659933745.jpg\",\"https://pt123.cdn.static123.com/images/thumbs/900x600/fit/2022/08/08/z3627099684005-d2b46f59a68baf70971dc8a4dbbd6d45_1659933743.jpg\"]', '2023-11-05 16:36:50', '2023-11-05 16:36:50'),
('8ee6247d-3e3b-46a7-ade2-653a4c69cfbc', '[\"https://pt123.cdn.static123.com/images/thumbs/900x600/fit/2022/08/06/z3622796646170-07a6472a310c9c45a0685abdd70c352f_1659763662.jpg\",\"https://pt123.cdn.static123.com/images/thumbs/900x600/fit/2022/08/06/z3622796640278-de3642c31f727723bd2d7adfe62ce512_1659763661.jpg\",\"https://pt123.cdn.static123.com/images/thumbs/900x600/fit/2022/08/06/z3622796632633-0d12ed1557abb63c73144e2d6c462f86_1659763660.jpg\",\"https://pt123.cdn.static123.com/images/thumbs/900x600/fit/2022/08/06/z3622796636181-824e17c8b9677f4f27c1c33398dad256_1659763660.jpg\",\"https://pt123.cdn.static123.com/images/thumbs/900x600/fit/2022/08/06/z3622796638672-b35bc1a2c24d4da531a9046ffcc9bc8c_1659763660.jpg\",\"https://pt123.cdn.static123.com/images/thumbs/900x600/fit/2022/08/06/z3622796641693-e64764e2c4fea04d97312501aadc7de2_1659763661.jpg\",\"https://pt123.cdn.static123.com/images/thumbs/900x600/fit/2022/08/06/z3622796643217-7fef7f460230adf19fd5a0042a7b01b7_1659763661.jpg\",\"https://pt123.cdn.static123.com/images/thumbs/900x600/fit/2022/08/06/z3622796649367-751bde07dbdb703eab9bdba5ed39a9af_1659763662.jpg\",\"https://pt123.cdn.static123.com/images/thumbs/900x600/fit/2022/08/06/z3622796650872-93f93a2c159c69d07394a1fd0731a7ed_1659763662.jpg\",\"https://pt123.cdn.static123.com/images/thumbs/900x600/fit/2022/08/06/z3622796647533-724463d4660d7ed1c14407d7247fb339_1659763662.jpg\",\"https://pt123.cdn.static123.com/images/thumbs/900x600/fit/2022/08/06/z3622796634356-9833d5012c4ce8e758bd021ce217808d_1659763660.jpg\",\"https://pt123.cdn.static123.com/images/thumbs/900x600/fit/2022/08/06/z3622796646170-07a6472a310c9c45a0685abdd70c352f_1659763662.jpg\",\"https://pt123.cdn.static123.com/images/thumbs/900x600/fit/2022/08/06/z3622796640278-de3642c31f727723bd2d7adfe62ce512_1659763661.jpg\"]', '2023-11-05 16:36:50', '2023-11-05 16:36:50'),
('939c446a-d640-4d18-ae88-87e328199b79', '[\"https://pt123.cdn.static123.com/images/thumbs/900x600/fit/2022/07/28/fc1d94be-e75f-4a37-a3a6-03e50ad94fcb_1658975901.jpg\",\"https://pt123.cdn.static123.com/images/thumbs/900x600/fit/2022/07/28/6233f697-d078-4c51-96b2-a3e0ce5a0b6c_1658975896.jpg\",\"https://pt123.cdn.static123.com/images/thumbs/900x600/fit/2022/07/28/d35feb63-4e70-405f-b481-0a33798d86fc_1658975896.jpg\",\"https://pt123.cdn.static123.com/images/thumbs/900x600/fit/2022/07/28/c246ba04-5432-4829-a885-7d33768dbc4a_1658975898.jpg\",\"https://pt123.cdn.static123.com/images/thumbs/900x600/fit/2022/07/28/5250cb7e-2322-47bf-b812-2ecf5c947214_1658975900.jpg\",\"https://pt123.cdn.static123.com/images/thumbs/900x600/fit/2022/07/28/e409d800-3082-4cd6-bd64-f318116ce95f_1658975899.jpg\",\"https://pt123.cdn.static123.com/images/thumbs/900x600/fit/2022/07/28/5c8fd23b-618e-4dc2-9d3d-89848f096465_1658975901.jpg\",\"https://pt123.cdn.static123.com/images/thumbs/900x600/fit/2022/07/28/d112c386-13d0-4a00-a614-c482131c707d_1658975902.jpg\",\"https://pt123.cdn.static123.com/images/thumbs/900x600/fit/2022/07/28/3a745a7a-009a-4bbb-8b2c-f96e665937a2_1658975898.jpg\",\"https://pt123.cdn.static123.com/images/thumbs/900x600/fit/2022/07/28/fc1d94be-e75f-4a37-a3a6-03e50ad94fcb_1658975901.jpg\",\"https://pt123.cdn.static123.com/images/thumbs/900x600/fit/2022/07/28/6233f697-d078-4c51-96b2-a3e0ce5a0b6c_1658975896.jpg\"]', '2023-11-05 16:36:50', '2023-11-05 16:36:50'),
('9602a477-42e6-4308-b04c-0b44ce3739c2', '[\"https://pt123.cdn.static123.com/images/thumbs/900x600/fit/2022/08/07/img-0800_1659856204.jpg\",\"https://pt123.cdn.static123.com/images/thumbs/900x600/fit/2022/08/07/1_1659856004.jpg\",\"https://pt123.cdn.static123.com/images/thumbs/900x600/fit/2022/08/07/2_1659856004.jpg\",\"https://pt123.cdn.static123.com/images/thumbs/900x600/fit/2022/08/07/3_1659856007.jpg\",\"https://pt123.cdn.static123.com/images/thumbs/900x600/fit/2022/08/07/4_1659856009.jpg\",\"https://pt123.cdn.static123.com/images/thumbs/900x600/fit/2022/08/07/5_1659856011.jpg\",\"https://pt123.cdn.static123.com/images/thumbs/900x600/fit/2022/08/07/6_1659856014.jpg\",\"https://pt123.cdn.static123.com/images/thumbs/900x600/fit/2022/08/07/img-0780_1659856016.jpg\",\"https://pt123.cdn.static123.com/images/thumbs/900x600/fit/2022/08/07/img-0811_1659856020.jpg\",\"https://pt123.cdn.static123.com/images/thumbs/900x600/fit/2022/08/07/l_1659856019.jpg\",\"https://pt123.cdn.static123.com/images/thumbs/900x600/fit/2022/08/07/img-0794_1659856201.jpg\",\"https://pt123.cdn.static123.com/images/thumbs/900x600/fit/2022/08/07/img-0800_1659856204.jpg\",\"https://pt123.cdn.static123.com/images/thumbs/900x600/fit/2022/08/07/1_1659856004.jpg\"]', '2023-11-05 16:36:50', '2023-11-05 16:36:50'),
('9a9b8c91-0c9e-473c-beae-7f571aadfaca', '\"\"', '2023-11-06 07:32:54', '2023-11-06 07:32:54'),
('9e0bd666-9aab-45cc-92a8-75ba45db661e', '[]', '2023-11-05 16:36:50', '2023-11-05 16:36:50'),
('9e3a13e6-d690-46fc-9211-efa285a2144b', '\"\"', '2023-11-12 05:18:41', '2023-11-12 05:18:41'),
('a332b875-b6eb-482e-a157-fd4eec8250e3', '[\"https://pt123.cdn.static123.com/images/thumbs/900x600/fit/2022/08/03/z3464631015264-9fbfef38193dde30ab383d10ef0f60ef_1659514256.jpg\",\"https://pt123.cdn.static123.com/images/thumbs/900x600/fit/2022/08/03/z3464630844798-48bc9d567d9dd54eed2cdc3e2938c742_1659514225.jpg\",\"https://pt123.cdn.static123.com/images/thumbs/900x600/fit/2022/08/03/dien-tich-cho-thue-the-artemis-3_1659514249.jpg\",\"https://pt123.cdn.static123.com/images/thumbs/900x600/fit/2022/08/03/thiet-ke-van-phong-dep-3_1659514249.jpg\",\"https://pt123.cdn.static123.com/images/thumbs/900x600/fit/2022/08/03/z3464630718093-5ef1f089f63532837e7334b1f4e589fa_1659514250.jpg\",\"https://pt123.cdn.static123.com/images/thumbs/900x600/fit/2022/08/03/z3464630882501-5a6ab446b93ff17946c0a3e021ee322a_1659514250.jpg\",\"https://pt123.cdn.static123.com/images/thumbs/900x600/fit/2022/08/03/z3464630899496-20c384a7a7127144b1004fe333651136_1659514252.jpg\",\"https://pt123.cdn.static123.com/images/thumbs/900x600/fit/2022/08/03/z3464630971543-efc44b9cca9cf6c52604e7e6f592daf3_1659514253.jpg\",\"https://pt123.cdn.static123.com/images/thumbs/900x600/fit/2022/08/03/z3464631005076-4b1f2ab6fab5e0f6dc78ad7f74f940e5_1659514254.jpg\",\"https://pt123.cdn.static123.com/images/thumbs/900x600/fit/2022/08/03/z3464631032645-525d5f4416f0f4636f7b405045f16ae8_1659514255.jpg\",\"https://pt123.cdn.static123.com/images/thumbs/900x600/fit/2022/08/03/z3464631015264-9fbfef38193dde30ab383d10ef0f60ef_1659514256.jpg\",\"https://pt123.cdn.static123.com/images/thumbs/900x600/fit/2022/08/03/z3464630844798-48bc9d567d9dd54eed2cdc3e2938c742_1659514225.jpg\"]', '2023-11-05 16:36:50', '2023-11-05 16:36:50'),
('a74b008d-5962-4959-8853-98e9562aecbb', '\"\"', '2023-11-05 17:10:36', '2023-11-05 17:10:36'),
('aba21f2f-7e15-4bb7-a355-178ff0441f4b', '\"\"', '2023-11-06 07:19:03', '2023-11-06 07:19:03'),
('abb760e5-688c-4365-9b54-bd0c4d85fdb4', '\"\"', '2023-11-17 08:08:07', '2023-11-17 08:08:07'),
('abbb12d1-82c4-4d9c-981c-f9a8504383b6', '[\"https://pt123.cdn.static123.com/images/thumbs/900x600/fit/2019/07/12/dsc-0737_1562919431.jpg\",\"https://pt123.cdn.static123.com/images/thumbs/900x600/fit/2019/07/12/dsc-0730_1562919396.jpg\",\"https://pt123.cdn.static123.com/images/thumbs/900x600/fit/2019/07/12/dsc-0721_1562919411.jpg\",\"https://pt123.cdn.static123.com/images/thumbs/900x600/fit/2019/07/12/dsc-0734_1562919454.jpg\",\"https://pt123.cdn.static123.com/images/thumbs/900x600/fit/2019/07/12/dsc-0731_1562919472.jpg\",\"https://pt123.cdn.static123.com/images/thumbs/900x600/fit/2019/07/12/dsc-0723_1562919538.jpg\",\"https://pt123.cdn.static123.com/images/thumbs/900x600/fit/2019/07/12/dsc-0737_1562919431.jpg\",\"https://pt123.cdn.static123.com/images/thumbs/900x600/fit/2019/07/12/dsc-0730_1562919396.jpg\"]', '2023-11-05 16:36:50', '2023-11-05 16:36:50'),
('aed6a119-8b6f-4702-95b9-a2d9ad4fb68c', '\"\"', '2023-11-16 01:11:56', '2023-11-16 01:11:56'),
('af9ecbfe-77ce-4a93-82b9-dbd77693e168', '\"\"', '2023-11-19 00:20:41', '2023-11-19 00:20:41'),
('b28ba7d1-bf05-4166-abda-aa77cbf8c208', '\"\"', '2023-11-18 16:09:41', '2023-11-18 16:09:41'),
('b3dbd713-8374-4067-a580-d99100104807', '[\"https://pt123.cdn.static123.com/images/thumbs/900x600/fit/2022/08/09/924d5e18ffa03dfe64b1_1660052080.jpg\",\"https://pt123.cdn.static123.com/images/thumbs/900x600/fit/2022/08/09/3b8e3f8a9e325c6c0523_1660052077.jpg\",\"https://pt123.cdn.static123.com/images/thumbs/900x600/fit/2022/08/09/4d6cd27973c1b19fe8d0_1660052077.jpg\",\"https://pt123.cdn.static123.com/images/thumbs/900x600/fit/2022/08/09/17d342f1e34921177858_1660052079.jpg\",\"https://pt123.cdn.static123.com/images/thumbs/900x600/fit/2022/08/09/329e20c1817943271a68_1660052079.jpg\",\"https://pt123.cdn.static123.com/images/thumbs/900x600/fit/2022/08/09/924d5e18ffa03dfe64b1_1660052080.jpg\",\"https://pt123.cdn.static123.com/images/thumbs/900x600/fit/2022/08/09/3b8e3f8a9e325c6c0523_1660052077.jpg\"]', '2023-11-05 16:36:50', '2023-11-05 16:36:50'),
('b56701cf-c6fa-406e-99a0-a55b0b421b1d', '[\"https://pt123.cdn.static123.com/images/thumbs/900x600/fit/2022/08/08/photo-2022-08-08-185454-result_1659959756.jpg\",\"https://pt123.cdn.static123.com/images/thumbs/900x600/fit/2022/08/08/20210106153410-8805-wm-1-result_1659959755.jpg\",\"https://pt123.cdn.static123.com/images/thumbs/900x600/fit/2022/08/08/20210106153411-4b75-wm-result_1659959755.jpg\",\"https://pt123.cdn.static123.com/images/thumbs/900x600/fit/2022/08/08/20210106153424-6c25-wm-result_1659959755.jpg\",\"https://pt123.cdn.static123.com/images/thumbs/900x600/fit/2022/08/08/20210106153424-0984-wm-result_1659959755.jpg\",\"https://pt123.cdn.static123.com/images/thumbs/900x600/fit/2022/08/08/20210106153424-eea5-wm-result_1659959756.jpg\",\"https://pt123.cdn.static123.com/images/thumbs/900x600/fit/2022/08/08/20210106153425-84fb-wm-result_1659959756.jpg\",\"https://pt123.cdn.static123.com/images/thumbs/900x600/fit/2022/08/08/20210106153518-e5d4-wm-result_1659959756.jpg\",\"https://pt123.cdn.static123.com/images/thumbs/900x600/fit/2022/08/08/photo-2022-08-08-185454-result_1659959756.jpg\",\"https://pt123.cdn.static123.com/images/thumbs/900x600/fit/2022/08/08/20210106153410-8805-wm-1-result_1659959755.jpg\"]', '2023-11-05 16:36:50', '2023-11-05 16:36:50'),
('b83888e9-338b-4f14-ba69-b98a05264e73', '\"\"', '2023-11-06 07:37:50', '2023-11-06 07:37:50'),
('ba1c233b-9ec8-41a3-9c54-7886b538d366', '\"\"', '2023-11-06 06:57:18', '2023-11-06 06:57:18'),
('bac704d5-2cb4-44b9-9cc9-e0ab6abe0cef', '[\"https://pt123.cdn.static123.com/images/thumbs/900x600/fit/2020/02/27/pp10_1582776285.jpg\",\"https://pt123.cdn.static123.com/images/thumbs/900x600/fit/2020/02/27/pp22_1582776045.jpg\",\"https://pt123.cdn.static123.com/images/thumbs/900x600/fit/2020/02/27/pp32_1582776058.jpg\",\"https://pt123.cdn.static123.com/images/thumbs/900x600/fit/2020/02/27/pp9_1582776078.jpg\",\"https://pt123.cdn.static123.com/images/thumbs/900x600/fit/2020/02/27/pp37_1582776086.jpg\",\"https://pt123.cdn.static123.com/images/thumbs/900x600/fit/2020/02/27/tm1_1582776272.jpg\",\"https://pt123.cdn.static123.com/images/thumbs/900x600/fit/2020/02/27/pp10_1582776285.jpg\",\"https://pt123.cdn.static123.com/images/thumbs/900x600/fit/2020/02/27/pp22_1582776045.jpg\"]', '2023-11-05 16:36:50', '2023-11-05 16:36:50'),
('bb923fb8-4ce7-4618-8c2e-d769550f97d8', '[\"https://pt123.cdn.static123.com/images/thumbs/900x600/fit/2022/08/08/z3621379247198-6d476af60c64dfe09142a389b6327d41_1659974596.jpg\",\"https://pt123.cdn.static123.com/images/thumbs/900x600/fit/2022/08/08/z3621379227144-49b7ae622282656b4f9bf1ff12859418_1659974587.jpg\",\"https://pt123.cdn.static123.com/images/thumbs/900x600/fit/2022/08/08/z3621892005757-0fbd9ec44c50aad62f04928674a6303c_1659974587.jpg\",\"https://pt123.cdn.static123.com/images/thumbs/900x600/fit/2022/08/08/z3621379225873-58af286aeaf9a6d5029bb951bc2b1c87_1659974593.jpg\",\"https://pt123.cdn.static123.com/images/thumbs/900x600/fit/2022/08/08/z3621379247198-6d476af60c64dfe09142a389b6327d41_1659974596.jpg\"]', '2023-11-05 16:36:50', '2023-11-05 16:36:50'),
('bed95289-9cd1-4180-92fc-7845a1fa97a8', '[\"https://pt123.cdn.static123.com/images/thumbs/900x600/fit/2022/08/07/a829d270-891e-4f03-bf14-97787ff3badf_1659884439.jpg\",\"https://pt123.cdn.static123.com/images/thumbs/900x600/fit/2022/08/07/31253ee6-b23c-462a-a43b-b0db7f14f413_1659884438.jpg\",\"https://pt123.cdn.static123.com/images/thumbs/900x600/fit/2022/08/07/4787b77c-ba34-4093-aead-2b4377d056e7_1659884438.jpg\",\"https://pt123.cdn.static123.com/images/thumbs/900x600/fit/2022/08/07/cf952df8-dbea-4f43-a1e1-790df5fa98a3_1659884439.jpg\",\"https://pt123.cdn.static123.com/images/thumbs/900x600/fit/2022/08/07/a93acb47-2ae5-415f-8bfe-4c08166e7ab9_1659884439.jpg\",\"https://pt123.cdn.static123.com/images/thumbs/900x600/fit/2022/08/07/9f413464-8a4a-414b-9b0e-3ee21a218320_1659884439.jpg\",\"https://pt123.cdn.static123.com/images/thumbs/900x600/fit/2022/08/07/a829d270-891e-4f03-bf14-97787ff3badf_1659884439.jpg\",\"https://pt123.cdn.static123.com/images/thumbs/900x600/fit/2022/08/07/31253ee6-b23c-462a-a43b-b0db7f14f413_1659884438.jpg\"]', '2023-11-05 16:36:50', '2023-11-05 16:36:50'),
('c00404d2-1d54-4367-8533-38f04d170516', '[\"https://pt123.cdn.static123.com/images/thumbs/900x600/fit/2022/08/02/e233ddfd880a4a54131b-1_1659450136.jpg\",\"https://pt123.cdn.static123.com/images/thumbs/900x600/fit/2022/08/02/3a2204b151469318ca57_1659450138.jpg\",\"https://pt123.cdn.static123.com/images/thumbs/900x600/fit/2022/08/02/1458b730b4ed76b32ffc-1_1659450137.jpg\",\"https://pt123.cdn.static123.com/images/thumbs/900x600/fit/2022/08/02/60b662cc6111a34ffa00-1_1659450137.jpg\",\"https://pt123.cdn.static123.com/images/thumbs/900x600/fit/2022/08/02/5d37ce53cd8e0fd0569f-1_1659450137.jpg\",\"https://pt123.cdn.static123.com/images/thumbs/900x600/fit/2022/08/02/1e88b85abc877ed92796-1_1659450138.jpg\",\"https://pt123.cdn.static123.com/images/thumbs/900x600/fit/2022/08/02/4e0663ff3608f456ad19-1_1659450137.jpg\",\"https://pt123.cdn.static123.com/images/thumbs/900x600/fit/2022/08/02/e233ddfd880a4a54131b-1_1659450136.jpg\",\"https://pt123.cdn.static123.com/images/thumbs/900x600/fit/2022/08/02/3a2204b151469318ca57_1659450138.jpg\"]', '2023-11-05 16:36:50', '2023-11-05 16:36:50'),
('c200c817-e66e-4846-90b8-c41e3ac0583f', '[]', '2023-11-05 16:36:50', '2023-11-05 16:36:50'),
('c2462a23-adce-450c-9137-59db862ef24f', '\"\"', '2023-11-17 05:51:23', '2023-11-17 05:51:23'),
('c2e471eb-c6ae-4a75-bd5c-86e33388b2af', '\"\"', '2023-11-06 07:39:58', '2023-11-06 07:39:58'),
('c455f02e-c726-4d41-9611-e6e7bc79e2f6', '[\"https://pt123.cdn.static123.com/images/thumbs/900x600/fit/2022/08/09/685ac17754cd9693cfdc_1660014160.jpg\",\"https://pt123.cdn.static123.com/images/thumbs/900x600/fit/2022/08/09/36974a1cf7a635f86cb7_1660014157.jpg\",\"https://pt123.cdn.static123.com/images/thumbs/900x600/fit/2022/08/09/7e3baf613adbf885a1ca_1660014157.jpg\",\"https://pt123.cdn.static123.com/images/thumbs/900x600/fit/2022/08/09/f67b3ace8774452a1c65_1660014157.jpg\",\"https://pt123.cdn.static123.com/images/thumbs/900x600/fit/2022/08/09/ba6506d0bb6a7934207b_1660014157.jpg\",\"https://pt123.cdn.static123.com/images/thumbs/900x600/fit/2022/08/09/daddda6867d2a58cfcc3_1660014158.jpg\",\"https://pt123.cdn.static123.com/images/thumbs/900x600/fit/2022/08/09/845f17d5aa6f6831317e_1660014159.jpg\",\"https://pt123.cdn.static123.com/images/thumbs/900x600/fit/2022/08/09/7d471acda77765293c66_1660014159.jpg\",\"https://pt123.cdn.static123.com/images/thumbs/900x600/fit/2022/08/09/7d750d2d98975ac90386_1660014159.jpg\",\"https://pt123.cdn.static123.com/images/thumbs/900x600/fit/2022/08/09/79edba6607dcc5829ccd_1660014160.jpg\",\"https://pt123.cdn.static123.com/images/thumbs/900x600/fit/2022/08/09/685ac17754cd9693cfdc_1660014160.jpg\",\"https://pt123.cdn.static123.com/images/thumbs/900x600/fit/2022/08/09/36974a1cf7a635f86cb7_1660014157.jpg\"]', '2023-11-05 16:36:50', '2023-11-05 16:36:50'),
('c9d0f108-1ff4-427f-af64-1e815951cf13', '[\"https://pt123.cdn.static123.com/images/thumbs/900x600/fit/2022/08/09/10_1660064247.jpg\",\"https://pt123.cdn.static123.com/images/thumbs/900x600/fit/2022/08/09/01_1660064244.jpg\",\"https://pt123.cdn.static123.com/images/thumbs/900x600/fit/2022/08/09/02_1660064244.jpg\",\"https://pt123.cdn.static123.com/images/thumbs/900x600/fit/2022/08/09/03_1660064244.jpg\",\"https://pt123.cdn.static123.com/images/thumbs/900x600/fit/2022/08/09/04_1660064245.jpg\",\"https://pt123.cdn.static123.com/images/thumbs/900x600/fit/2022/08/09/05_1660064245.jpg\",\"https://pt123.cdn.static123.com/images/thumbs/900x600/fit/2022/08/09/06_1660064246.jpg\",\"https://pt123.cdn.static123.com/images/thumbs/900x600/fit/2022/08/09/07_1660064246.jpg\",\"https://pt123.cdn.static123.com/images/thumbs/900x600/fit/2022/08/09/08_1660064246.jpg\",\"https://pt123.cdn.static123.com/images/thumbs/900x600/fit/2022/08/09/09_1660064247.jpg\",\"https://pt123.cdn.static123.com/images/thumbs/900x600/fit/2022/08/09/10_1660064247.jpg\",\"https://pt123.cdn.static123.com/images/thumbs/900x600/fit/2022/08/09/01_1660064244.jpg\"]', '2023-11-05 16:36:50', '2023-11-05 16:36:50'),
('c9d94818-9b86-40a1-a2e8-250c120f5fc2', '[]', '2023-11-05 16:36:50', '2023-11-05 16:36:50'),
('caac39ea-1aa5-4d6c-b121-2f8cf6461cf7', '\"\"', '2023-11-12 05:26:07', '2023-11-12 05:26:07'),
('cdfa881a-42b1-4a9b-8b35-f0805f4e0a6d', '\"\"', '2023-11-05 16:39:28', '2023-11-05 16:39:28'),
('d07271f3-d05b-49c7-b914-4d8e3c7fdd26', '[\"https://pt123.cdn.static123.com/images/thumbs/900x600/fit/2022/04/13/4362cff3-0c1c-4d47-ba14-99d18b56fc23_1649860892.jpg\",\"https://pt123.cdn.static123.com/images/thumbs/900x600/fit/2022/04/13/fb686a4c-75bd-4513-96a6-51f53c78659d_1649860891.jpg\",\"https://pt123.cdn.static123.com/images/thumbs/900x600/fit/2022/04/13/f1e12394-2f47-4059-8cd2-5a958b056c8a_1649860891.jpg\",\"https://pt123.cdn.static123.com/images/thumbs/900x600/fit/2022/04/13/a3494112-b3be-488a-baa8-e269c3e5265a_1649860891.jpg\",\"https://pt123.cdn.static123.com/images/thumbs/900x600/fit/2022/04/13/9a093991-c982-4eb6-b883-5df36818c24b_1649860891.jpg\",\"https://pt123.cdn.static123.com/images/thumbs/900x600/fit/2022/04/13/4362cff3-0c1c-4d47-ba14-99d18b56fc23_1649860892.jpg\",\"https://pt123.cdn.static123.com/images/thumbs/900x600/fit/2022/04/13/fb686a4c-75bd-4513-96a6-51f53c78659d_1649860891.jpg\"]', '2023-11-05 16:36:50', '2023-11-05 16:36:50'),
('d2c1dfd7-a3ec-4923-b624-4494fa8c8419', '\"\"', '2023-11-05 17:58:00', '2023-11-05 17:58:00'),
('d5e55e30-36b0-4aae-bdca-27e53628cae1', '[\"https://pt123.cdn.static123.com/images/thumbs/900x600/fit/2022/07/19/6310726d-d075-4e35-b1cb-cf5616bf5212_1658240491.jpg\",\"https://pt123.cdn.static123.com/images/thumbs/900x600/fit/2022/07/19/9c60836e-26b2-4737-a6c8-60cb5187fa4c_1658240485.jpg\",\"https://pt123.cdn.static123.com/images/thumbs/900x600/fit/2022/07/19/716c753e-8e03-4cc8-9d09-e52ec19ce01b_1658240485.jpg\",\"https://pt123.cdn.static123.com/images/thumbs/900x600/fit/2022/07/19/400e7ebd-5d88-48af-8599-0d074a1ee014_1658240494.jpg\",\"https://pt123.cdn.static123.com/images/thumbs/900x600/fit/2022/07/19/1379ebdf-eda5-4ef8-bb22-7da1d19551f2_1658240490.jpg\",\"https://pt123.cdn.static123.com/images/thumbs/900x600/fit/2022/07/19/6310726d-d075-4e35-b1cb-cf5616bf5212_1658240491.jpg\",\"https://pt123.cdn.static123.com/images/thumbs/900x600/fit/2022/07/19/9c60836e-26b2-4737-a6c8-60cb5187fa4c_1658240485.jpg\"]', '2023-11-05 16:36:50', '2023-11-05 16:36:50'),
('d6bf82c5-1b42-4d7e-a06e-746ec7f8888b', '[\"https://res.cloudinary.com/daczrvoch/image/upload/v1700204297/rrkhd6dohj8dfzixxbhp.jpg\",\"https://res.cloudinary.com/daczrvoch/image/upload/v1700204303/aqhsm5jybht82jlzm4jp.jpg\",\"https://res.cloudinary.com/daczrvoch/image/upload/v1700204309/ntgyhfggc3px4ung4rqq.jpg\"]', '2023-11-17 06:58:30', '2023-11-17 06:58:30'),
('d88ff894-883a-4837-b97c-97ad638927a8', '\"\"', '2023-11-05 17:31:00', '2023-11-05 17:31:00'),
('da6a819c-eaee-45c5-98c7-13ab469dc82c', '\"\"', '2023-11-18 17:14:02', '2023-11-18 17:14:02'),
('dae5ae0c-9a53-4aba-8a0c-4ec805c358bc', '[\"https://pt123.cdn.static123.com/images/thumbs/900x600/fit/2022/08/10/f93e1ece578892d6cb99_1660067038.jpg\",\"https://pt123.cdn.static123.com/images/thumbs/900x600/fit/2022/08/10/2abd7f4d360bf355aa1a_1660067037.jpg\",\"https://pt123.cdn.static123.com/images/thumbs/900x600/fit/2022/08/10/140ca1f2e8b42dea74a5_1660067037.jpg\",\"https://pt123.cdn.static123.com/images/thumbs/900x600/fit/2022/08/10/356f4c9105d7c08999c6_1660067038.jpg\",\"https://pt123.cdn.static123.com/images/thumbs/900x600/fit/2022/08/10/b63fe8cfa18964d73d98_1660067038.jpg\",\"https://pt123.cdn.static123.com/images/thumbs/900x600/fit/2022/08/10/d9060ef747b182efdba0_1660067038.jpg\",\"https://pt123.cdn.static123.com/images/thumbs/900x600/fit/2022/08/10/f93e1ece578892d6cb99_1660067038.jpg\",\"https://pt123.cdn.static123.com/images/thumbs/900x600/fit/2022/08/10/2abd7f4d360bf355aa1a_1660067037.jpg\"]', '2023-11-05 16:36:50', '2023-11-05 16:36:50'),
('df038eda-56ec-4cd8-b4e0-9683bbebca56', '[\"https://pt123.cdn.static123.com/images/thumbs/900x600/fit/2022/08/09/z3163158670908-88dc233c70dfc3716afc7b376cd2520e_1660008859.jpg\",\"https://pt123.cdn.static123.com/images/thumbs/900x600/fit/2022/07/28/3_1658996883.jpg\",\"https://pt123.cdn.static123.com/images/thumbs/900x600/fit/2022/07/28/photo-2022-02-07-10-05-40_1658996883.jpg\",\"https://pt123.cdn.static123.com/images/thumbs/900x600/fit/2022/08/09/photo-2022-02-07-10-05-27_1660008856.jpg\",\"https://pt123.cdn.static123.com/images/thumbs/900x600/fit/2022/08/09/photo-2022-02-07-10-05-17_1660008856.jpg\",\"https://pt123.cdn.static123.com/images/thumbs/900x600/fit/2022/08/09/photo-2022-02-07-10-06-11_1660008856.jpg\",\"https://pt123.cdn.static123.com/images/thumbs/900x600/fit/2022/08/09/z3163158606844-6a760c8cfc09008e32ed1f3b04d4b22a_1660008858.jpg\",\"https://pt123.cdn.static123.com/images/thumbs/900x600/fit/2022/07/28/z3163157741115-bcd1356ee937cf32eb7c35474c8f362e_1658996884.jpg\",\"https://pt123.cdn.static123.com/images/thumbs/900x600/fit/2022/07/28/z3163158048847-911ea8f5f9734afe0c97c1259de9e9d7_1658996885.jpg\",\"https://pt123.cdn.static123.com/images/thumbs/900x600/fit/2022/07/28/z3163158629228-d64e382c73844bd6e15f6c5771d6a2e7_1658996887.jpg\",\"https://pt123.cdn.static123.com/images/thumbs/900x600/fit/2022/08/09/z3163158370804-34304cb23da93fdb7c63e7f404345dc9_1660008857.jpg\",\"https://pt123.cdn.static123.com/images/thumbs/900x600/fit/2022/08/09/z3163158670908-88dc233c70dfc3716afc7b376cd2520e_1660008859.jpg\",\"https://pt123.cdn.static123.com/images/thumbs/900x600/fit/2022/07/28/3_1658996883.jpg\"]', '2023-11-05 16:36:50', '2023-11-05 16:36:50'),
('df464278-f732-4ae7-8ae8-1e787277d0a0', '[\"https://pt123.cdn.static123.com/images/thumbs/900x600/fit/2022/06/17/e_1655458831.jpg\",\"https://pt123.cdn.static123.com/images/thumbs/900x600/fit/2022/06/17/a-copy_1655458826.jpg\",\"https://pt123.cdn.static123.com/images/thumbs/900x600/fit/2022/06/17/c-copy_1655458829.jpg\",\"https://pt123.cdn.static123.com/images/thumbs/900x600/fit/2022/06/17/b-copy_1655458828.jpg\",\"https://pt123.cdn.static123.com/images/thumbs/900x600/fit/2022/06/17/d_1655458831.jpg\",\"https://pt123.cdn.static123.com/images/thumbs/900x600/fit/2022/06/17/4_1655458826.jpg\",\"https://pt123.cdn.static123.com/images/thumbs/900x600/fit/2022/06/17/e_1655458831.jpg\",\"https://pt123.cdn.static123.com/images/thumbs/900x600/fit/2022/06/17/a-copy_1655458826.jpg\"]', '2023-11-05 16:36:50', '2023-11-05 16:36:50'),
('e12d2f19-9692-458d-a88f-f1d48c67b5e4', '[\"https://pt123.cdn.static123.com/images/thumbs/900x600/fit/2022/08/08/d4a9d93ad931fe4cab96c093a8a0d239-2780296691724921831-result_1659959316.jpg\",\"https://pt123.cdn.static123.com/images/thumbs/900x600/fit/2022/08/08/1aab410175141bd845e847b24ca5cfc1-2780296691971724464-result_1659959315.jpg\",\"https://pt123.cdn.static123.com/images/thumbs/900x600/fit/2022/08/08/6e997d26392b5477bbfd37fb8da32afb-2780296691731800753-result_1659959315.jpg\",\"https://pt123.cdn.static123.com/images/thumbs/900x600/fit/2022/08/08/4479d5d483c65409987fa4b0821afb22-2780296691884527102-result_1659959315.jpg\",\"https://pt123.cdn.static123.com/images/thumbs/900x600/fit/2022/08/08/c224f811c04e78a15cef0c0933453aef-2780296691871182546-result_1659959316.jpg\",\"https://pt123.cdn.static123.com/images/thumbs/900x600/fit/2022/08/08/d4a9d93ad931fe4cab96c093a8a0d239-2780296691724921831-result_1659959316.jpg\",\"https://pt123.cdn.static123.com/images/thumbs/900x600/fit/2022/08/08/1aab410175141bd845e847b24ca5cfc1-2780296691971724464-result_1659959315.jpg\"]', '2023-11-05 16:36:50', '2023-11-05 16:36:50'),
('e215177f-bc0b-4eca-8c72-9006e489efc4', '[\"https://pt123.cdn.static123.com/images/thumbs/900x600/fit/2022/08/03/z3616101876318-f4aaaa35f92150c39a20eda805347bba_1659534373.jpg\",\"https://pt123.cdn.static123.com/images/thumbs/900x600/fit/2022/08/03/z3616101882588-eebb0cb7b8a09dbe1059720934a7766d_1659534366.jpg\",\"https://pt123.cdn.static123.com/images/thumbs/900x600/fit/2022/08/03/z3616101873988-a316d97d58e26015ab53341d8f813458_1659534369.jpg\",\"https://pt123.cdn.static123.com/images/thumbs/900x600/fit/2022/08/03/z3616101876318-f4aaaa35f92150c39a20eda805347bba_1659534373.jpg\",\"https://pt123.cdn.static123.com/images/thumbs/900x600/fit/2022/08/03/z3616101882588-eebb0cb7b8a09dbe1059720934a7766d_1659534366.jpg\"]', '2023-11-05 16:36:50', '2023-11-05 16:36:50'),
('e58aa7c5-4330-4f2e-a94e-44e2ef971b01', '[\"https://pt123.cdn.static123.com/images/thumbs/900x600/fit/2021/04/09/z2424914262678-e1e1c884e5db156b42184146443f535c_1617942780.jpg\",\"https://pt123.cdn.static123.com/images/thumbs/900x600/fit/2021/04/09/z2424914249891-7cb9b721f4dddc8b263f8105be4b073e_1617942774.jpg\",\"https://pt123.cdn.static123.com/images/thumbs/900x600/fit/2021/04/09/z2424914252175-8054a25b3d6d793752360dc7654e94da_1617942774.jpg\",\"https://pt123.cdn.static123.com/images/thumbs/900x600/fit/2021/04/09/z2424914256971-c568aa022fe302378274d38f7d8a8bc3_1617942777.jpg\",\"https://pt123.cdn.static123.com/images/thumbs/900x600/fit/2021/04/09/z2424914259888-b1e38f28a6d2a74f02f2dcf6c339eadf_1617942777.jpg\",\"https://pt123.cdn.static123.com/images/thumbs/900x600/fit/2021/04/09/z2424914262678-e1e1c884e5db156b42184146443f535c_1617942780.jpg\",\"https://pt123.cdn.static123.com/images/thumbs/900x600/fit/2021/04/09/z2424914249891-7cb9b721f4dddc8b263f8105be4b073e_1617942774.jpg\"]', '2023-11-05 16:36:50', '2023-11-05 16:36:50'),
('e64e3616-cf64-496f-ade2-23906764550e', '[\"https://pt123.cdn.static123.com/images/thumbs/900x600/fit/2021/12/12/acfe5ec5-27ca-4864-80d5-045097e95b83_1639324508.jpg\",\"https://pt123.cdn.static123.com/images/thumbs/900x600/fit/2021/12/12/411fcef9-6d2e-45e1-acd7-94579d55b9e5_1639324407.jpg\",\"https://pt123.cdn.static123.com/images/thumbs/900x600/fit/2021/12/12/8d0ddefe-48fd-4941-8995-45fc5335a5c8_1639324506.jpg\",\"https://pt123.cdn.static123.com/images/thumbs/900x600/fit/2021/12/12/847160b1-9cfd-462c-a764-f542945d6ba6_1639324401.jpg\",\"https://pt123.cdn.static123.com/images/thumbs/900x600/fit/2021/12/12/6bc9d7ec-8241-454e-963a-e49a535bfcbf_1639324506.jpg\",\"https://pt123.cdn.static123.com/images/thumbs/900x600/fit/2021/12/12/b2a9fec6-5f2b-4ce3-a503-8e4ae4794704_1639324404.jpg\",\"https://pt123.cdn.static123.com/images/thumbs/900x600/fit/2021/12/12/ca1fbb2f-8fde-4e27-a0a7-5f74e6b8c594_1639324404.jpg\",\"https://pt123.cdn.static123.com/images/thumbs/900x600/fit/2021/12/12/e731c38b-94d8-41c0-868c-c44ae29c3308_1639324405.jpg\",\"https://pt123.cdn.static123.com/images/thumbs/900x600/fit/2021/12/12/52d27d98-81cc-40a3-bcfa-30d086c3a081_1639324408.jpg\",\"https://pt123.cdn.static123.com/images/thumbs/900x600/fit/2021/12/12/acfe5ec5-27ca-4864-80d5-045097e95b83_1639324508.jpg\",\"https://pt123.cdn.static123.com/images/thumbs/900x600/fit/2021/12/12/411fcef9-6d2e-45e1-acd7-94579d55b9e5_1639324407.jpg\"]', '2023-11-05 16:36:50', '2023-11-05 16:36:50'),
('e7d9528e-0125-425f-8009-0416d827b416', '[\"https://pt123.cdn.static123.com/images/thumbs/900x600/fit/2022/06/16/z3495868920810-b11bac17678e238677d10499e8cddfce_1655343647.jpg\",\"https://pt123.cdn.static123.com/images/thumbs/900x600/fit/2022/06/16/z3495868909867-1c64f8eae0881e4a14bba14ad245d46a_1655343646.jpg\",\"https://pt123.cdn.static123.com/images/thumbs/900x600/fit/2022/06/16/z3495868911137-69ff28e11f9be30361e7e35e63315ea8_1655343646.jpg\",\"https://pt123.cdn.static123.com/images/thumbs/900x600/fit/2022/06/16/z3495868924913-9d9220d67fe43d958874586253f7262f_1655343647.jpg\",\"https://pt123.cdn.static123.com/images/thumbs/900x600/fit/2022/06/16/z3495868920810-b11bac17678e238677d10499e8cddfce_1655343647.jpg\",\"https://pt123.cdn.static123.com/images/thumbs/900x600/fit/2022/06/16/z3495868909867-1c64f8eae0881e4a14bba14ad245d46a_1655343646.jpg\"]', '2023-11-05 16:36:50', '2023-11-05 16:36:50'),
('e8c904cf-c362-41bb-84ed-ff3fbeaf15e1', '[\"https://pt123.cdn.static123.com/images/thumbs/900x600/fit/2022/08/05/img-1659710873407-1659710889836_1659712134.jpg\",\"https://pt123.cdn.static123.com/images/thumbs/900x600/fit/2022/08/05/img-1659710874006-1659710890335_1659712133.jpg\",\"https://pt123.cdn.static123.com/images/thumbs/900x600/fit/2022/08/05/img-1659710873542-1659710890073_1659712131.jpg\",\"https://pt123.cdn.static123.com/images/thumbs/900x600/fit/2022/08/05/img-1659710873842-1659710890268_1659712131.jpg\",\"https://pt123.cdn.static123.com/images/thumbs/900x600/fit/2022/08/05/img-1659710874469-1659710890541_1659712132.jpg\",\"https://pt123.cdn.static123.com/images/thumbs/900x600/fit/2022/08/05/img-1659710873643-1659710890143_1659712132.jpg\",\"https://pt123.cdn.static123.com/images/thumbs/900x600/fit/2022/08/05/img-1659710874599-1659710890606_1659712133.jpg\",\"https://pt123.cdn.static123.com/images/thumbs/900x600/fit/2022/08/05/img-1659710874317-1659710890471_1659712133.jpg\",\"https://pt123.cdn.static123.com/images/thumbs/900x600/fit/2022/08/05/img-1659710874150-1659710890403_1659712133.jpg\",\"https://pt123.cdn.static123.com/images/thumbs/900x600/fit/2022/08/05/img-1659710873718-1659710890213_1659712134.jpg\",\"https://pt123.cdn.static123.com/images/thumbs/900x600/fit/2022/08/05/img-1659710873487-1659710889971_1659712134.jpg\",\"https://pt123.cdn.static123.com/images/thumbs/900x600/fit/2022/08/05/img-1659710873407-1659710889836_1659712134.jpg\",\"https://pt123.cdn.static123.com/images/thumbs/900x600/fit/2022/08/05/img-1659710874006-1659710890335_1659712133.jpg\"]', '2023-11-05 16:36:50', '2023-11-05 16:36:50'),
('eb2918d9-6cb0-4f19-8cba-a2caabf4e2a0', '[\"https://pt123.cdn.static123.com/images/thumbs/900x600/fit/2020/10/01/z2103932200421-0e8a4a5b053128b54093440156bc117d_1601542084.jpg\",\"https://pt123.cdn.static123.com/images/thumbs/900x600/fit/2020/10/01/z2103932200420-329870744539e3dbf2643c0bee29341d_1601542084.jpg\",\"https://pt123.cdn.static123.com/images/thumbs/900x600/fit/2020/10/01/z2103932200421-0e8a4a5b053128b54093440156bc117d_1601542084.jpg\"]', '2023-11-05 16:36:50', '2023-11-05 16:36:50'),
('ee61ab96-72c6-4f2b-be0f-159c9ff1d291', '[\"https://pt123.cdn.static123.com/images/thumbs/900x600/fit/2019/11/11/untitled-1_1573444898.jpg\",\"https://pt123.cdn.static123.com/images/thumbs/900x600/fit/2020/10/19/z2133244556301-8a9cbe16e0113f7cf949c696799f1017_1603082723.jpg\",\"https://pt123.cdn.static123.com/images/thumbs/900x600/fit/2022/06/19/z3503512372042-dd67ee8816bce47752522601aa9b2ee1_1655608659.jpg\",\"https://pt123.cdn.static123.com/images/thumbs/900x600/fit/2022/06/19/z3503512368371-9889aa26268833e13d20e8b3b08ea70a_1655608641.jpg\",\"https://pt123.cdn.static123.com/images/thumbs/900x600/fit/2022/06/19/z3503512363291-0c0f598c9c468abf8b19824ae9c16d8a_1655608650.jpg\",\"https://pt123.cdn.static123.com/images/thumbs/900x600/fit/2021/05/12/128345915-4298642500159697-8586460800481178829-n_1620814727.jpg\",\"https://pt123.cdn.static123.com/images/thumbs/900x600/fit/2021/05/12/185265262-4298642650159682-6848679072622321303-n_1620814733.jpg\",\"https://pt123.cdn.static123.com/images/thumbs/900x600/fit/2021/05/12/185526921-4298642496826364-6069435740867083826-n_1620814752.jpg\",\"https://pt123.cdn.static123.com/images/thumbs/900x600/fit/2021/05/12/185035959-4298642486826365-8301115971696285103-n_1620814742.jpg\",\"https://pt123.cdn.static123.com/images/thumbs/900x600/fit/2020/11/29/z2199889358864-a3e9f14fba286d01882615ff689fc9d2_1606641812.jpg\",\"https://pt123.cdn.static123.com/images/thumbs/900x600/fit/2021/05/12/185266671-4298642443493036-8509148404133987828-n_1620814749.jpg\",\"https://pt123.cdn.static123.com/images/thumbs/900x600/fit/2020/10/19/z2133244539917-4a8333299a99428990f27a130c409ae1_1603082752.jpg\",\"https://pt123.cdn.static123.com/images/thumbs/900x600/fit/2019/06/29/675d553774399067c928_1561793514.jpg\",\"https://pt123.cdn.static123.com/images/thumbs/900x600/fit/2019/11/11/untitled-1_1573444898.jpg\"]', '2023-11-05 16:36:50', '2023-11-05 16:36:50'),
('f0f7f79c-38aa-4a27-b4c6-9fa13263e52c', '[\"https://pt123.cdn.static123.com/images/thumbs/900x600/fit/2022/08/10/e6cb2c1b-f31b-4693-9772-a8fb3cbb6159_1660106078.jpg\",\"https://pt123.cdn.static123.com/images/thumbs/900x600/fit/2022/08/10/f1ad2946-dc33-4005-9eb0-db92f1a75af6_1660106077.jpg\",\"https://pt123.cdn.static123.com/images/thumbs/900x600/fit/2022/08/10/a1b3ba4d-4626-4f74-9690-c980b66264bc_1660106077.jpg\",\"https://pt123.cdn.static123.com/images/thumbs/900x600/fit/2022/08/10/e6cb2c1b-f31b-4693-9772-a8fb3cbb6159_1660106078.jpg\",\"https://pt123.cdn.static123.com/images/thumbs/900x600/fit/2022/08/10/f1ad2946-dc33-4005-9eb0-db92f1a75af6_1660106077.jpg\"]', '2023-11-05 16:36:50', '2023-11-05 16:36:50'),
('f1fed8e8-e16a-4128-ac2f-de78bef14db5', '\"\"', '2023-11-07 04:18:33', '2023-11-07 04:18:33'),
('f5f5d60a-aeb4-47f8-8abc-58ef5355ab26', '\"\"', '2023-11-05 17:11:29', '2023-11-05 17:11:29'),
('f6131d06-6f1b-46ec-99a0-423ec8edc4b6', '\"\"', '2023-11-19 10:00:46', '2023-11-19 10:00:46'),
('f7e231f8-7c9e-4e17-8684-d3f6373b7274', '[\"https://pt123.cdn.static123.com/images/thumbs/900x600/fit/2022/08/10/z3632264611765-d7646d35097fa2c27caa85f81ceb6e2e_1660104159.jpg\",\"https://pt123.cdn.static123.com/images/thumbs/900x600/fit/2022/08/10/z3632264595393-5e805217e506af2794891295be99f7e1_1660104153.jpg\",\"https://pt123.cdn.static123.com/images/thumbs/900x600/fit/2022/08/10/z3632264590861-d89872e3fe68ff125842a31fb14b761f_1660104153.jpg\",\"https://pt123.cdn.static123.com/images/thumbs/900x600/fit/2022/08/10/z3632264600612-70b5508e10330a813f0ea982052e50bd_1660104156.jpg\",\"https://pt123.cdn.static123.com/images/thumbs/900x600/fit/2022/08/10/z3632264608748-6d2aa92f11868ae9be32f43c16c3614c_1660104156.jpg\",\"https://pt123.cdn.static123.com/images/thumbs/900x600/fit/2022/08/10/z3632264611765-d7646d35097fa2c27caa85f81ceb6e2e_1660104159.jpg\",\"https://pt123.cdn.static123.com/images/thumbs/900x600/fit/2022/08/10/z3632264595393-5e805217e506af2794891295be99f7e1_1660104153.jpg\"]', '2023-11-05 16:36:50', '2023-11-05 16:36:50'),
('fbdfa330-f445-462d-8545-d303f43dc109', '[\"https://pt123.cdn.static123.com/images/thumbs/900x600/fit/2022/03/09/hyty_1646820534.jpg\",\"https://pt123.cdn.static123.com/images/thumbs/900x600/fit/2022/03/05/k5_1646446171.jpg\",\"https://pt123.cdn.static123.com/images/thumbs/900x600/fit/2022/03/05/k4_1646446171.jpg\",\"https://pt123.cdn.static123.com/images/thumbs/900x600/fit/2022/03/05/k3_1646446172.jpg\",\"https://pt123.cdn.static123.com/images/thumbs/900x600/fit/2022/03/05/k2_1646446172.jpg\",\"https://pt123.cdn.static123.com/images/thumbs/900x600/fit/2022/03/05/k1_1646446173.jpg\",\"https://pt123.cdn.static123.com/images/thumbs/900x600/fit/2022/03/09/kk_1646820084.jpg\",\"https://pt123.cdn.static123.com/images/thumbs/900x600/fit/2022/03/09/kky_1646820083.jpg\",\"https://pt123.cdn.static123.com/images/thumbs/900x600/fit/2022/03/09/kyy_1646820083.jpg\",\"https://pt123.cdn.static123.com/images/thumbs/900x600/fit/2022/03/09/l8_1646820283.jpg\",\"https://pt123.cdn.static123.com/images/thumbs/900x600/fit/2022/03/09/hyty_1646820534.jpg\",\"https://pt123.cdn.static123.com/images/thumbs/900x600/fit/2022/03/05/k5_1646446171.jpg\"]', '2023-11-05 16:36:50', '2023-11-05 16:36:50'),
('fc3b724e-fa82-49e2-a008-3f7d6d83fa62', '[\"https://pt123.cdn.static123.com/images/thumbs/900x600/fit/2022/08/08/z3627799021630-502e313a83f3416dc00a8947658d4d56_1659951487.jpg\",\"https://pt123.cdn.static123.com/images/thumbs/900x600/fit/2022/08/08/z3627799009047-85e3a277b6b30a7f95b0d91cd1c6c728_1659951487.jpg\",\"https://pt123.cdn.static123.com/images/thumbs/900x600/fit/2022/08/08/z3627799011712-6da024d854ef7538154845245e7736ae_1659951487.jpg\",\"https://pt123.cdn.static123.com/images/thumbs/900x600/fit/2022/08/08/z3627799021630-502e313a83f3416dc00a8947658d4d56_1659951487.jpg\",\"https://pt123.cdn.static123.com/images/thumbs/900x600/fit/2022/08/08/z3627799009047-85e3a277b6b30a7f95b0d91cd1c6c728_1659951487.jpg\"]', '2023-11-05 16:36:50', '2023-11-05 16:36:50'),
('fcebe202-f42e-43bf-94ea-36066d6bec83', '\"123123\"', '2023-11-05 17:40:41', '2023-11-05 17:40:41'),
('fd1c0438-7dbf-4b5a-8a9a-bc4ff18a4970', '[]', '2023-11-05 16:36:50', '2023-11-05 16:36:50');

-- --------------------------------------------------------

--
-- Cấu trúc bảng cho bảng `labels`
--

CREATE TABLE `labels` (
  `id` int(11) NOT NULL,
  `code` varchar(255) DEFAULT NULL,
  `value` varchar(255) DEFAULT NULL,
  `createdAt` datetime NOT NULL,
  `updatedAt` datetime NOT NULL
) ENGINE=InnoDB DEFAULT CHARSET=utf8mb4 COLLATE=utf8mb4_general_ci;

--
-- Đang đổ dữ liệu cho bảng `labels`
--

INSERT INTO `labels` (`id`, `code`, `value`, `createdAt`, `updatedAt`) VALUES
(1, 'OAHU', 'Cho thuê phòng trọ Quận Thủ Đức', '2023-11-05 16:36:50', '2023-11-05 16:36:50'),
(2, 'OAHN', 'Cho thuê phòng trọ Quận Tân Bình', '2023-11-05 16:36:50', '2023-11-05 16:36:50'),
(3, 'OUHO', 'Cho thuê phòng trọ Quận Gò Vấp', '2023-11-05 16:36:50', '2023-11-05 16:36:50'),
(4, 'ONOT', 'Cho thuê phòng trọ Quận Bình Thạnh', '2023-11-05 16:36:50', '2023-11-05 16:36:50'),
(5, 'OOPN', 'Cho thuê phòng trọ Quận 7', '2023-11-05 16:36:50', '2023-11-05 16:36:50'),
(6, 'OYHH', 'Cho thuê phòng trọ Huyện Nhà Bè', '2023-11-05 16:36:50', '2023-11-05 16:36:50'),
(7, 'ONAB', 'Cho thuê mặt bằng Quận Tân Bình', '2023-11-05 16:36:50', '2023-11-05 16:36:50'),
(8, 'OQPN', 'Cho thuê phòng trọ Quận 10', '2023-11-05 16:36:50', '2023-11-05 16:36:50'),
(9, 'OQMN', 'Cho thuê mặt bằng Quận 4', '2023-11-05 16:36:50', '2023-11-05 16:36:50'),
(10, 'ONTU', 'Cho thuê mặt bằng Quận Nam Từ Liêm', '2023-11-05 16:36:50', '2023-11-05 16:36:50'),
(11, 'ONTC', 'Cho thuê mặt bằng Huyện Bình Chánh', '2023-11-05 16:36:50', '2023-11-05 16:36:50'),
(12, 'OQM1', 'Cho thuê mặt bằng Quận 12', '2023-11-05 16:36:50', '2023-11-05 16:36:50'),
(13, 'OBTT', 'Cho thuê mặt bằng Quận Bình Thạnh', '2023-11-05 16:36:50', '2023-11-05 16:36:50'),
(14, 'OEAN', 'Cho thuê mặt bằng Huyện Vĩnh Cửu', '2023-11-05 16:36:50', '2023-11-05 16:36:50'),
(15, 'OEAU', 'Cho thuê mặt bằng Huyện Phú Giáo', '2023-11-05 16:36:50', '2023-11-05 16:36:50'),
(16, 'ONAC', 'Cho thuê mặt bằng Quận Hải Châu', '2023-11-05 16:36:50', '2023-11-05 16:36:50'),
(17, 'OTTH', 'Cho thuê mặt bằng Quận Thanh Xuân', '2023-11-05 16:36:50', '2023-11-05 16:36:50'),
(18, 'OAAU', 'Cho thuê mặt bằng Quận Thủ Đức', '2023-11-05 16:36:50', '2023-11-05 16:36:50'),
(19, 'OIAH', 'Cho thuê căn hộ Quận Bình Thạnh', '2023-11-05 16:36:50', '2023-11-05 16:36:50'),
(20, 'OUE2', 'Cho thuê căn hộ Quận 2', '2023-11-05 16:36:50', '2023-11-05 16:36:50'),
(21, 'OUNA', 'Cho thuê căn hộ dịch vụ Quận Tân Bình', '2023-11-05 16:36:50', '2023-11-05 16:36:50'),
(22, 'OQNA', 'Cho thuê căn hộ dịch vụ Quận Tân Phú', '2023-11-05 16:36:50', '2023-11-05 16:36:50'),
(23, 'OQNG', 'Cho thuê căn hộ dịch vụ Quận Gò Vấp', '2023-11-05 16:36:50', '2023-11-05 16:36:50'),
(24, 'OAHH', 'Cho thuê căn hộ dịch vụ Quận Bình Thạnh', '2023-11-05 16:36:50', '2023-11-05 16:36:50'),
(25, 'OUE7', 'Cho thuê căn hộ Quận 7', '2023-11-05 16:36:50', '2023-11-05 16:36:50'),
(26, 'OICA', 'Cho thuê căn hộ mini Quận 7', '2023-11-05 16:36:50', '2023-11-05 16:36:50'),
(27, 'OVAA', 'Cho thuê căn hộ dịch vụ Quận 12', '2023-11-05 16:36:50', '2023-11-05 16:36:50'),
(28, 'OHNY', 'Cho thuê căn hộ Thành Phố Quy Nhơn', '2023-11-05 16:36:50', '2023-11-05 16:36:50'),
(29, 'OANN', 'Cho thuê căn hộ mini Quận Tân Bình', '2023-11-05 16:36:50', '2023-11-05 16:36:50'),
(30, 'OUE9', 'Cho thuê căn hộ Quận 9', '2023-11-05 16:36:50', '2023-11-05 16:36:50'),
(31, 'OAE2', 'Cho thuê nhà Quận 12', '2023-11-05 16:36:50', '2023-11-05 16:36:50'),
(32, 'OINT', 'Cho thuê nhà Quận Bình Tân', '2023-11-05 16:36:50', '2023-11-05 16:36:50'),
(33, 'OAEU', 'Cho thuê nhà Quận 7', '2023-11-05 16:36:50', '2023-11-05 16:36:50'),
(34, 'OTNN', 'Cho thuê nhà Huyện Thuận An', '2023-11-05 16:36:50', '2023-11-05 16:36:50'),
(35, 'OANI', 'Cho thuê nhà Quận Tân Bình', '2023-11-05 16:36:50', '2023-11-05 16:36:50'),
(36, 'OGNA', 'Cho thuê nhà Quận Gò Vấp', '2023-11-05 16:36:50', '2023-11-05 16:36:50'),
(37, 'OONI', 'Cho thuê nhà Quận Hoàn Kiếm', '2023-11-05 16:36:50', '2023-11-05 16:36:50'),
(38, 'OMHI', 'Cho thuê nhà Quận Nam Từ Liêm', '2023-11-05 16:36:50', '2023-11-05 16:36:50'),
(39, 'OHNM', 'Cho thuê nhà Huyện Hóc Môn', '2023-11-05 16:36:50', '2023-11-05 16:36:50'),
(40, 'OONM', 'Cho thuê nhà Quận Hoàng Mai', '2023-11-05 16:36:50', '2023-11-05 16:36:50'),
(41, 'OTNU', 'Cho thuê nhà Quận Thủ Đức', '2023-11-05 16:36:50', '2023-11-05 16:36:50'),
(42, 'OTNH', 'Cho thuê nhà Quận Tân Phú', '2023-11-05 16:36:50', '2023-11-05 16:36:50'),
(43, 'OEAC', 'Cho thuê mặt bằng Huyện Đức Linh', '2023-11-05 17:58:00', '2023-11-05 17:58:00'),
(44, 'OEOT', 'Cho thuê phòng trọ Huyện Dầu Tiếng', '2023-11-06 07:12:45', '2023-11-06 07:12:45'),
(45, 'ONTI', 'Cho thuê mặt bằng Huyện Hoài Nhơn', '2023-11-06 07:19:03', '2023-11-06 07:19:03'),
(46, 'ATHH', 'Nhà cho thuê Huyện Thạch An', '2023-11-06 07:25:21', '2023-11-06 07:25:21'),
(47, 'AĐHD', 'Nhà cho thuê Huyện Đầm Dơi', '2023-11-06 07:34:21', '2023-11-06 07:34:21'),
(48, 'AEHN', 'Nhà cho thuê ', '2023-11-06 07:37:50', '2023-11-06 07:37:50'),
(49, 'ONAG', 'Cho thuê căn hộ Huyện Đồng Phú', '2023-11-06 07:39:58', '2023-11-06 07:39:58'),
(50, 'OEOI', 'Cho thuê phòng trọ Huyện Bù Gia Mập', '2023-11-06 07:42:52', '2023-11-06 07:42:52'),
(51, 'AHHA', 'Nhà cho thuê Huyện Hòa Vang', '2023-11-12 05:18:41', '2023-11-12 05:18:41'),
(52, 'OEAA', 'Cho thuê mặt bằng Huyện Gia Lâm', '2023-11-12 05:26:07', '2023-11-12 05:26:07'),
(53, 'OANO', 'Cho thuê căn hộ Huyện Bạch Long Vĩ', '2023-11-13 11:44:05', '2023-11-13 11:44:05'),
(54, 'ONTA', 'Cho thuê mặt bằng Huyện Thoại Sơn', '2023-11-13 15:05:04', '2023-11-13 15:05:04'),
(55, 'OHUN', 'Cho thuê căn hộ ', '2023-11-13 15:06:05', '2023-11-13 15:06:05'),
(56, 'OUE1', 'Cho thuê căn hộ Quận 12', '2023-11-16 00:35:48', '2023-11-16 00:35:48'),
(57, 'OKAT', 'Cho thuê căn hộ Huyện Kiến Thuỵ', '2023-11-16 01:11:56', '2023-11-16 01:11:56'),
(58, 'OAUU', 'Cho thuê mặt bằng ', '2023-11-17 05:51:23', '2023-11-17 05:51:23'),
(59, 'OBTL', 'Cho thuê mặt bằng Huyện Bạch Long Vĩ', '2023-11-17 06:58:30', '2023-11-17 06:58:30'),
(60, 'ONTH', 'Cho thuê mặt bằng Huyện Đan Phượng', '2023-11-17 07:00:00', '2023-11-17 07:00:00'),
(61, 'OBTA', 'Cho thuê mặt bằng Huyện Bắc Tân Uyên', '2023-11-17 08:08:07', '2023-11-17 08:08:07'),
(62, 'OYHU', 'Cho thuê phòng trọ Huyện Cư Kuin', '2023-11-17 08:08:49', '2023-11-17 08:08:49'),
(63, 'ONAT', 'Cho thuê căn hộ Huyện Hàm Tân', '2023-11-17 10:47:47', '2023-11-17 10:47:47'),
(64, 'AIUH', 'Nhà cho thuê Huyện Kiến Thuỵ', '2023-11-18 16:09:41', '2023-11-18 16:09:41'),
(65, 'OEAL', 'Cho thuê mặt bằng Huyện Hạ Lang', '2023-11-18 17:14:02', '2023-11-18 17:14:02'),
(66, 'OEAM', 'Cho thuê mặt bằng Huyện Hàm Tân', '2023-11-18 17:21:06', '2023-11-18 17:21:06'),
(67, 'OEON', 'Cho thuê phòng trọ Huyện Kiến Thuỵ', '2023-11-18 17:30:50', '2023-11-18 17:30:50'),
(68, 'ONAI', 'Cho thuê căn hộ Huyện Hoài Ân', '2023-11-18 21:48:42', '2023-11-18 21:48:42'),
(69, 'OYAH', 'Cho thuê mặt bằng Huyện Phù Mỹ', '2023-11-19 00:20:41', '2023-11-19 00:20:41'),
(70, 'OYAU', 'Cho thuê mặt bằng Huyện Bù Đốp', '2023-11-19 10:00:46', '2023-11-19 10:00:46');

-- --------------------------------------------------------

--
-- Cấu trúc bảng cho bảng `overviews`
--

CREATE TABLE `overviews` (
  `id` varchar(255) NOT NULL,
  `code` varchar(255) DEFAULT NULL,
  `area` varchar(255) DEFAULT NULL,
  `type` varchar(255) DEFAULT NULL,
  `target` varchar(255) DEFAULT NULL,
  `bonus` varchar(255) DEFAULT NULL,
  `created` varchar(255) DEFAULT NULL,
  `expired` varchar(255) DEFAULT NULL,
  `createdAt` datetime NOT NULL,
  `updatedAt` datetime NOT NULL
) ENGINE=InnoDB DEFAULT CHARSET=utf8mb4 COLLATE=utf8mb4_general_ci;

--
-- Đang đổ dữ liệu cho bảng `overviews`
--

INSERT INTO `overviews` (`id`, `code`, `area`, `type`, `target`, `bonus`, `created`, `expired`, `createdAt`, `updatedAt`) VALUES
('01a14970-19ae-438d-adb8-93fdc11f3faa', '#605643', 'Cho thuê căn hộ Hồ Chí Minh', 'Cho thuê căn hộ', 'Tất cả', 'Tin VIP 3', 'Thứ 3, 19:13 09/08/2022', 'Chủ Nhật, 19:13 14/08/2022', '2023-11-05 16:36:50', '2023-11-05 16:36:50'),
('061bfc65-585e-4e21-86a1-0313550dc844', '#605654', 'Cho thuê nhà Hồ Chí Minh', 'Nhà thuê nguyên căn', 'Tất cả', 'Tin thường', 'Thứ 4, 00:00 10/08/2022', 'Thứ 7, 00:00 20/08/2022', '2023-11-05 16:36:50', '2023-11-05 16:36:50'),
('06662a89-806a-4aae-aca7-09b5c34bfdb6', '#204258', 'Cho thuê mặt bằng Đồng Nai', 'Cho thuê mặt bằng', 'Tất cả', 'Tin thường', 'Thứ 7, 16:01 06/08/2022', 'Thứ 3, 16:01 16/08/2022', '2023-11-05 16:36:50', '2023-11-05 16:36:50'),
('09928b14-3325-4012-9a8d-15f3ec9164c1', '#605460', 'Cho thuê căn hộ Hồ Chí Minh', 'Cho thuê căn hộ', 'Tất cả', 'Tin VIP 3', 'Thứ 7, 01:25 06/08/2022', 'Thứ 3, 01:25 16/08/2022', '2023-11-05 16:36:50', '2023-11-05 16:36:50'),
('0e92c866-71fd-4211-90a1-575154bbe19d', '#700611', 'Cho thuê căn hộ Huyện Đồng Phú', NULL, NULL, 'Tin thường', '6 - 10 - 2023', '1700120398249', '2023-11-06 07:39:58', '2023-11-06 07:39:58'),
('13cb6f09-b124-4ad6-9eb4-32aa58e5c2b3', '#310631', 'Cho thuê phòng trọ Hồ Chí Minh', 'Phòng trọ, nhà trọ', 'Tất cả', 'Tin VIP 2', 'Thứ 7, 21:05 06/08/2022', 'Thứ 5, 21:05 11/08/2022', '2023-11-05 16:36:50', '2023-11-05 16:36:50'),
('1410a467-73de-47f1-8e27-1f1835e3ea4d', '#929025', 'Cho thuê mặt bằng Quận 12', NULL, NULL, 'Tin thường', 'Thứ 3, 11:2 14/11/2023', 'Thứ 5, 11:2 7/12/2023', '2023-11-14 04:02:28', '2023-11-14 04:02:28'),
('16178cf8-6190-453d-84d6-37f03df8a812', '#80204', 'Cho thuê phòng trọ Hồ Chí Minh', 'Phòng trọ, nhà trọ', 'Tất cả', 'Tin VIP 1', 'Chủ Nhật, 17:41 24/07/2022', 'Thứ 3, 17:41 23/08/2022', '2023-11-05 16:36:50', '2023-11-05 16:36:50'),
('16e51792-8101-4e96-9a39-d82d70f97789', '#588451', 'Cho thuê phòng trọ Hồ Chí Minh', 'Phòng trọ, nhà trọ', 'Tất cả', 'Tin VIP 1', 'Thứ 4, 11:38 10/08/2022', 'Thứ 4, 11:38 17/08/2022', '2023-11-05 16:36:50', '2023-11-05 16:36:50'),
('177fb0d4-4b99-4dc1-8e94-e87baa8e3db1', '#594264', 'Cho thuê căn hộ Hồ Chí Minh', 'Cho thuê căn hộ', 'Tất cả', 'Tin thường', 'Thứ 4, 14:08 10/08/2022', 'Thứ 7, 14:08 20/08/2022', '2023-11-05 16:36:50', '2023-11-05 16:36:50'),
('192c15e5-f439-4504-9dc6-5fe978b4bf41', '#602889', 'Cho thuê mặt bằng Hồ Chí Minh', 'Cho thuê mặt bằng', 'Tất cả', 'Tin thường', 'Thứ 4, 15:44 10/08/2022', 'Thứ 4, 13:44 17/08/2022', '2023-11-05 16:36:50', '2023-11-05 16:36:50'),
('1c65d614-1e4b-45b5-bbd8-ebad94b82800', '#599068', 'Cho thuê nhà Hồ Chí Minh', 'Nhà thuê nguyên căn', 'Tất cả', 'Tin thường', 'Thứ 3, 08:28 09/08/2022', 'Thứ 3, 15:15 16/08/2022', '2023-11-05 16:36:50', '2023-11-05 16:36:50'),
('1d97303c-0fee-4f0b-abaf-268d78647fc7', '#751516', 'Cho thuê phòng trọ Huyện Dầu Tiếng', NULL, NULL, 'Tin thường', '6 - NaN - NaN', '0', '2023-11-06 07:36:56', '2023-11-06 07:36:56'),
('1e1cd2d1-4b9e-4c60-9c78-b882165b86dc', '#605603', 'Cho thuê nhà Hà Nội', 'Nhà thuê nguyên căn', 'Tất cả', 'Tin thường', 'Thứ 3, 10:04 09/08/2022', 'Thứ 6, 10:04 19/08/2022', '2023-11-05 16:36:50', '2023-11-05 16:36:50'),
('2057f7ea-4ae0-4fe8-9625-9e3e8707a3af', '#277052', 'Cho thuê phòng trọ Hồ Chí Minh', 'Phòng trọ, nhà trọ', 'Tất cả', 'Tin VIP 1', 'Thứ 3, 14:14 09/08/2022', 'Chủ Nhật, 14:14 14/08/2022', '2023-11-05 16:36:50', '2023-11-05 16:36:50'),
('23b50daf-b350-4461-9f24-21605f7e8326', '#605638', 'Cho thuê nhà Hồ Chí Minh', 'Nhà thuê nguyên căn', 'Tất cả', 'Tin miễn phí', 'Thứ 3, 16:56 09/08/2022', 'Chủ Nhật, 16:56 14/08/2022', '2023-11-05 16:36:50', '2023-11-05 16:36:50'),
('256870ff-4206-4d73-9177-92bf0c78f433', '#311800', 'Cho thuê phòng trọ Hồ Chí Minh', 'Phòng trọ, nhà trọ', 'Tất cả', 'Tin VIP 1', 'Thứ 2, 08:03 08/08/2022', 'Thứ 7, 08:03 13/08/2022', '2023-11-05 16:36:50', '2023-11-05 16:36:50'),
('26d93f73-7fe0-42b5-8d77-42ca02a9d4db', '#605605', 'Cho thuê mặt bằng Hà Nội', 'Cho thuê mặt bằng', 'Tất cả', 'Tin thường', 'Thứ 3, 10:38 09/08/2022', 'Thứ 3, 10:38 23/08/2022', '2023-11-05 16:36:50', '2023-11-05 16:36:50'),
('284cd0ee-0ef1-4f4f-ba4c-ae9cf0212b94', '#604250', 'Cho thuê căn hộ Hồ Chí Minh', 'Cho thuê căn hộ', 'Nam', 'Tin VIP nổi bật', 'Thứ 3, 11:11 09/08/2022', 'Chủ Nhật, 11:11 14/08/2022', '2023-11-05 16:36:50', '2023-11-05 16:36:50'),
('288b94b0-a080-4613-ac82-38d808d6fd55', '#605599', 'Cho thuê mặt bằng Hồ Chí Minh', 'Cho thuê mặt bằng', 'Tất cả', 'Tin thường', 'Thứ 3, 10:26 09/08/2022', 'Thứ 6, 10:26 19/08/2022', '2023-11-05 16:36:50', '2023-11-05 16:36:50'),
('296eeac5-9c6e-49fb-889d-e0230083a9cc', '#226306', 'Cho thuê phòng trọ Huyện Cư Kuin', NULL, NULL, 'Tin thường', 'Thứ 6, 15:8 17/11/2023', 'Chủ nhật, 15:8 26/11/2023', '2023-11-17 08:08:49', '2023-11-17 08:08:49'),
('2a26a009-19d3-434e-8383-b32c3879c210', '#605337', 'Cho thuê mặt bằng Hồ Chí Minh', 'Cho thuê mặt bằng', 'Tất cả', 'Tin thường', 'Thứ 4, 10:39 10/08/2022', 'Thứ 7, 20:49 13/08/2022', '2023-11-05 16:36:50', '2023-11-05 16:36:50'),
('2c3390fd-2ed3-4e09-9ba9-619400d466ee', '#605178', 'Cho thuê mặt bằng Hồ Chí Minh', 'Cho thuê mặt bằng', 'Tất cả', 'Tin thường', 'Thứ 2, 10:57 01/08/2022', 'Thứ 2, 10:57 08/08/2022', '2023-11-05 16:36:50', '2023-11-05 16:36:50'),
('2d2e0a5d-70b2-49d3-a46c-ab1351682de3', '#706305', 'Nhà cho thuê Huyện Đầm Dơi', NULL, NULL, 'Tin thường', '6 - 10 - 2023', '1700120061498', '2023-11-06 07:34:21', '2023-11-06 07:34:21'),
('30dc6a3a-baf2-4540-b5df-b54c14b98925', '#605551', 'Cho thuê phòng trọ Hồ Chí Minh', 'Phòng trọ, nhà trọ', 'Tất cả', 'Tin VIP 1', 'Thứ 3, 16:28 09/08/2022', 'Thứ 4, 16:28 17/08/2022', '2023-11-05 16:36:50', '2023-11-05 16:36:50'),
('326d5e7b-c6b1-4580-85d6-615f17baf23c', '#605027', 'Cho thuê phòng trọ Hồ Chí Minh', 'Phòng trọ, nhà trọ', 'Tất cả', 'Tin VIP 1', 'Thứ 6, 17:04 29/07/2022', 'Thứ 6, 17:04 12/08/2022', '2023-11-05 16:36:50', '2023-11-05 16:36:50'),
('336ebd19-6a09-45a1-966e-08e617c233ac', '#296453', 'Cho thuê căn hộ Hồ Chí Minh', 'Cho thuê căn hộ', 'Tất cả', 'Tin VIP 2', 'Thứ 3, 10:06 09/08/2022', 'Thứ 3, 10:06 16/08/2022', '2023-11-05 16:36:50', '2023-11-05 16:36:50'),
('341c3219-cfba-4b27-a0eb-676e662168bd', '#595850', 'Cho thuê nhà Hồ Chí Minh', 'Nhà thuê nguyên căn', 'Tất cả', 'Tin VIP 3', 'Thứ 3, 19:03 09/08/2022', 'Thứ 3, 19:03 16/08/2022', '2023-11-05 16:36:50', '2023-11-05 16:36:50'),
('343596a3-5875-49c8-aa6f-94b14c2083e6', '#551319', 'Cho thuê mặt bằng Huyện Gia Lâm', NULL, NULL, 'Tin thường', 'Sun, 12 Nov 2023 05:26:07 GMT', 'Wed, 22 Nov 2023 05:26:07 GMT', '2023-11-12 05:26:07', '2023-11-12 05:26:07'),
('37e27b7c-e1f1-4e9a-9258-bbe2ae899e7e', '#605488', 'Cho thuê căn hộ mini Hồ Chí Minh', 'Cho thuê căn hộ mini', 'Tất cả', 'Tin thường', 'Thứ 4, 14:26 10/08/2022', 'Thứ 3, 16:25 16/08/2022', '2023-11-05 16:36:50', '2023-11-05 16:36:50'),
('3860b4ec-2e6a-4a1d-a33f-796a6b060cc2', '#944952', 'Cho thuê căn hộ Huyện Kiến Thuỵ', NULL, NULL, 'Tin thường', 'Chủ nhật, 0:7 19/11/2023', 'Thứ 5, 0:7 23/11/2023', '2023-11-18 17:07:50', '2023-11-18 17:07:50'),
('3c366423-555e-4d86-a591-015a72ee8582', '#534710', 'Cho thuê mặt bằng Huyện Phù Mỹ', NULL, NULL, 'Tin thường', 'Chủ nhật, 7:20 19/11/2023', 'Thứ 4, 7:20 22/11/2023', '2023-11-19 00:20:41', '2023-11-19 00:20:41'),
('3f90077d-d10e-4152-b480-d3cb6b35c94d', '#498749', 'Cho thuê mặt bằng Huyện Bù Đốp', NULL, NULL, 'Tin thường', 'Chủ nhật, 17:0 19/11/2023', 'Thứ 6, 17:0 24/11/2023', '2023-11-19 10:00:46', '2023-11-19 10:00:46'),
('40059797-9a1c-4837-9c0a-f939da50be32', '#605694', 'Cho thuê căn hộ Bình Định', 'Cho thuê căn hộ', 'Tất cả', 'Tin miễn phí', 'Thứ 4, 16:02 10/08/2022', 'Thứ 2, 16:02 15/08/2022', '2023-11-05 16:36:50', '2023-11-05 16:36:50'),
('40633ccd-9a32-4dea-904d-a5afdb34627d', '#599644', 'Cho thuê căn hộ dịch vụ Hồ Chí Minh', 'Cho thuê căn hộ dịch vụ', 'Tất cả', 'Tin VIP 3', 'Thứ 4, 10:05 10/08/2022', 'Thứ 4, 10:05 17/08/2022', '2023-11-05 16:36:50', '2023-11-05 16:36:50'),
('409ebcc0-67ad-4b63-82fb-770bf3afcfe9', '#417504', 'Cho thuê mặt bằng Huyện Châu Phú', NULL, NULL, 'Tin thường', 'Thứ 3, 10:25 14/11/2023', 'Thứ 5, 10:25 30/11/2023', '2023-11-14 03:25:32', '2023-11-14 03:25:32'),
('40a0f24c-e158-4eb6-893b-c0dd0e871c96', '#236430', 'Cho thuê mặt bằng Huyện Hạ Lang', NULL, NULL, 'Tin thường', 'Chủ nhật, 0:14 19/11/2023', 'Thứ 2, 0:14 11/12/2023', '2023-11-18 17:14:02', '2023-11-18 17:14:02'),
('40e8ce12-c632-4096-8b9f-95950d3ec7fd', '#780527', 'Cho thuê mặt bằng Huyện Hóc Môn', NULL, NULL, 'Tin thường', 'Tue, 07 Nov 2023 04:18:33 GMT', 'Fri, 17 Nov 2023 04:18:33 GMT', '2023-11-07 04:18:33', '2023-11-07 04:18:33'),
('482237df-e774-4dfb-9438-e2e7cd0c2283', '#605565', 'Cho thuê mặt bằng Hồ Chí Minh', 'Cho thuê mặt bằng', 'Tất cả', 'Tin thường', 'Thứ 2, 16:41 08/08/2022', 'Thứ 5, 16:41 18/08/2022', '2023-11-05 16:36:50', '2023-11-05 16:36:50'),
('4a009928-c7e6-4263-97b3-384dcbd3bc39', '#294491', 'Cho thuê phòng trọ Hồ Chí Minh', 'Phòng trọ, nhà trọ', 'Tất cả', 'Tin VIP 1', 'Thứ 2, 08:02 08/08/2022', 'Thứ 4, 08:02 07/09/2022', '2023-11-05 16:36:50', '2023-11-05 16:36:50'),
('4a41d6e6-abef-4863-863a-ec349aa4ebe5', '#66857', 'Cho thuê phòng trọ Hồ Chí Minh', 'Phòng trọ, nhà trọ', 'Tất cả', 'Tin VIP 3', 'Thứ 4, 16:43 10/08/2022', 'Thứ 2, 16:43 15/08/2022', '2023-11-05 16:36:50', '2023-11-05 16:36:50'),
('4a6aac45-9460-474c-9550-ed9babe9c131', '#605625', 'Cho thuê nhà Hồ Chí Minh', 'Nhà thuê nguyên căn', 'Tất cả', 'Tin thường', 'Thứ 3, 14:21 09/08/2022', 'Thứ 4, 14:21 24/08/2022', '2023-11-05 16:36:50', '2023-11-05 16:36:50'),
('4de8b88e-2c36-4e7d-b596-db7fe02b0e8b', '#605639', 'Cho thuê nhà Hồ Chí Minh', 'Nhà thuê nguyên căn', 'Tất cả', 'Tin thường', 'Thứ 3, 17:05 09/08/2022', 'Thứ 6, 17:05 19/08/2022', '2023-11-05 16:36:50', '2023-11-05 16:36:50'),
('506920c1-5409-467b-b166-7a04dc7e4da9', '#605610', 'Cho thuê nhà Hồ Chí Minh', 'Nhà thuê nguyên căn', 'Tất cả', 'Tin miễn phí', 'Thứ 3, 11:36 09/08/2022', 'Chủ Nhật, 11:36 14/08/2022', '2023-11-05 16:36:50', '2023-11-05 16:36:50'),
('50a25fc4-69b3-447a-9b47-fc53d9a57b02', '#282621', 'Cho thuê phòng trọ Hồ Chí Minh', 'Phòng trọ, nhà trọ', 'Tất cả', 'Tin VIP 1', 'Thứ 2, 14:33 08/08/2022', 'Thứ 7, 14:33 13/08/2022', '2023-11-05 16:36:50', '2023-11-05 16:36:50'),
('524e492b-e877-4b2e-97c3-a00960c5653f', '#605017', 'Cho thuê phòng trọ Hồ Chí Minh', 'Phòng trọ, nhà trọ', 'Tất cả', 'Tin VIP 1', 'Thứ 3, 08:33 09/08/2022', 'Thứ 3, 08:33 16/08/2022', '2023-11-05 16:36:50', '2023-11-05 16:36:50'),
('56c12804-6f22-4638-90ad-79cd11ab76bd', '#680536', 'Cho thuê căn hộ Huyện Hàm Tân', NULL, NULL, 'Tin thường', 'Thứ 6, 17:47 17/11/2023', 'Thứ 7, 17:47 18/11/2023', '2023-11-17 10:47:47', '2023-11-17 10:47:47'),
('5758b915-6244-44e1-8aed-13b38dd37b8e', '#605576', 'Cho thuê nhà Hồ Chí Minh', 'Nhà thuê nguyên căn', 'Tất cả', 'Tin thường', 'Thứ 2, 18:52 08/08/2022', 'Thứ 2, 18:52 22/08/2022', '2023-11-05 16:36:50', '2023-11-05 16:36:50'),
('57f326a9-f222-4e1c-8815-91f5f0eaa058', '#931440', 'Cho thuê phòng trọ Huyện Kiến Thuỵ', NULL, NULL, 'Tin thường', 'Chủ nhật, 0:30 19/11/2023', 'Thứ 3, 0:30 12/12/2023', '2023-11-18 17:30:50', '2023-11-18 17:30:50'),
('587117d4-8913-432e-b31c-bfbf44dadaac', '#111977', 'Nhà cho thuê Huyện Kiến Thuỵ', NULL, NULL, 'Tin thường', 'Thứ 7, 23:9 18/11/2023', 'Thứ 3, 23:9 28/11/2023', '2023-11-18 16:09:41', '2023-11-18 16:09:41'),
('58aa0d15-a477-438e-96da-43938fda6b21', '#357526', 'Cho thuê căn hộ Huyện Hoài Ân', NULL, NULL, 'Tin thường', 'Chủ nhật, 4:48 19/11/2023', 'Thứ 7, 4:48 16/12/2023', '2023-11-18 21:48:42', '2023-11-18 21:48:42'),
('59a05e29-1a82-4f2c-a867-e29e0d4e831a', '#604539', 'Cho thuê nhà Hồ Chí Minh', 'Nhà thuê nguyên căn', 'Tất cả', 'Tin VIP 3', 'Thứ 4, 14:16 10/08/2022', 'Thứ 3, 09:15 16/08/2022', '2023-11-05 16:36:50', '2023-11-05 16:36:50'),
('5b816b0d-4a6b-405e-81bb-7fb4889f0bef', '#59783', 'Cho thuê phòng trọ Hồ Chí Minh', 'Phòng trọ, nhà trọ', 'Tất cả', 'Tin VIP 2', 'Thứ 6, 11:29 15/07/2022', 'Chủ Nhật, 11:29 14/08/2022', '2023-11-05 16:36:50', '2023-11-05 16:36:50'),
('5c0cc6c1-5584-4cf3-bc26-fba710b002d7', '#733039', 'Cho thuê căn hộ Quận Liên Chiểu', NULL, NULL, 'Tin thường', '7 - 11 - 2023', '1700194424100', '2023-11-07 04:13:44', '2023-11-07 04:13:44'),
('5cd93e7b-2cc6-4cc0-b980-eb30b1ffb11f', '#315527', 'Cho thuê mặt bằng Huyện Bắc Tân Uyên', NULL, NULL, 'Tin thường', 'Thứ 6, 15:8 17/11/2023', 'Chủ nhật, 15:8 19/11/2023', '2023-11-17 08:08:07', '2023-11-17 08:08:07'),
('64b44e97-97b3-443b-a2c9-bed05e5ffcfb', '#225545', 'Cho thuê mặt bằng Huyện Hóc Môn', NULL, NULL, 'Tin thường', 'Thứ 6, 12:50 17/11/2023', 'Thứ 7, 12:50 18/11/2023', '2023-11-17 05:50:50', '2023-11-17 05:50:50'),
('665e8210-f28a-451e-b2de-8d386fcc6e6e', '#605629', 'Cho thuê mặt bằng Hồ Chí Minh', 'Cho thuê mặt bằng', 'Tất cả', 'Tin miễn phí', 'Thứ 4, 08:06 10/08/2022', 'Thứ 2, 08:06 15/08/2022', '2023-11-05 16:36:50', '2023-11-05 16:36:50'),
('69073558-037e-4f87-ba5a-6f9d43cd397a', '#605309', 'Cho thuê mặt bằng Hà Nội', 'Cho thuê mặt bằng', 'Tất cả', 'Tin thường', 'Thứ 4, 15:13 03/08/2022', 'Thứ 7, 15:13 13/08/2022', '2023-11-05 16:36:50', '2023-11-05 16:36:50'),
('6a5af61a-48ab-4000-94c9-ade63524353f', '#605693', 'Cho thuê căn hộ mini Hồ Chí Minh', 'Cho thuê căn hộ mini', 'Tất cả', 'Tin thường', 'Thứ 4, 15:52 10/08/2022', 'Thứ 7, 15:52 20/08/2022', '2023-11-05 16:36:50', '2023-11-05 16:36:50'),
('6a675956-0144-4d0d-a0c6-c222fc98a347', '#185567', 'Cho thuê mặt bằng Huyện Bạch Long Vĩ', NULL, NULL, 'Tin thường', 'Thứ 6, 13:58 17/11/2023', 'Thứ 5, 13:58 14/12/2023', '2023-11-17 06:58:30', '2023-11-17 06:58:30'),
('6bd770f3-803e-43c5-b0a9-026210aba8eb', '#602457', 'Cho thuê mặt bằng Hồ Chí Minh', 'Cho thuê mặt bằng', 'Tất cả', 'Tin thường', 'Thứ 2, 10:54 08/08/2022', 'Thứ 6, 21:24 12/08/2022', '2023-11-05 16:36:50', '2023-11-05 16:36:50'),
('6c32ce20-4720-45c4-9ef3-737bb54a967c', '#605411', 'Cho thuê mặt bằng Hồ Chí Minh', 'Cho thuê mặt bằng', 'Tất cả', 'Tin miễn phí', 'Thứ 6, 10:38 05/08/2022', 'Thứ 4, 10:38 10/08/2022', '2023-11-05 16:36:50', '2023-11-05 16:36:50'),
('722cc3dc-7bb7-4900-b7ee-1cf817c2c19d', '#598936', 'Cho thuê phòng trọ Hồ Chí Minh', 'Phòng trọ, nhà trọ', 'Tất cả', 'Tin VIP 2', 'Thứ 4, 16:02 10/08/2022', 'Thứ 4, 16:02 17/08/2022', '2023-11-05 16:36:50', '2023-11-05 16:36:50'),
('79b51af4-5fba-4a02-82bf-8e63c08a874c', '#605577', 'Cho thuê nhà Hồ Chí Minh', 'Nhà thuê nguyên căn', 'Tất cả', 'Tin thường', 'Thứ 2, 18:56 08/08/2022', 'Thứ 2, 18:56 22/08/2022', '2023-11-05 16:36:50', '2023-11-05 16:36:50'),
('79e05bdc-b434-4595-93f8-b1afd303345b', '#83144', 'Cho thuê phòng trọ Hồ Chí Minh', 'Phòng trọ, nhà trọ', 'Tất cả', 'Tin VIP nổi bật', 'Thứ 3, 09:59 12/07/2022', 'Thứ 5, 09:59 11/08/2022', '2023-11-05 16:36:50', '2023-11-05 16:36:50'),
('7b048117-2f78-4b8c-ba35-01cd99475ebb', '#604998', 'Cho thuê nhà Bình Dương', 'Nhà thuê nguyên căn', 'Tất cả', 'Tin VIP 3', 'Thứ 5, 09:41 28/07/2022', 'Thứ 6, 09:41 12/08/2022', '2023-11-05 16:36:50', '2023-11-05 16:36:50'),
('7bbb5ec6-6ca6-4812-817d-0140c61d33ac', '#605692', 'Cho thuê nhà Hà Nội', 'Nhà thuê nguyên căn', 'Tất cả', 'Tin miễn phí', 'Thứ 4, 15:35 10/08/2022', 'Thứ 2, 15:35 15/08/2022', '2023-11-05 16:36:50', '2023-11-05 16:36:50'),
('7ca34217-672d-4f76-8b70-662dafe5ce38', '#317927', 'Cho thuê phòng trọ Hồ Chí Minh', 'Phòng trọ, nhà trọ', 'Tất cả', 'Tin VIP 2', 'Thứ 2, 09:16 08/08/2022', 'Thứ 2, 09:16 15/08/2022', '2023-11-05 16:36:50', '2023-11-05 16:36:50'),
('7f18f44d-ec1b-4039-9f60-b9c46ef87d8a', '#272485', 'Cho thuê mặt bằng  Tỉnh Bình Thuận', NULL, NULL, 'Tin thường', 'Thứ 6, 15:9 17/11/2023', 'Thứ 6, 15:9 24/11/2023', '2023-11-17 08:09:30', '2023-11-17 08:12:12'),
('7f289197-90d9-466d-9633-9f6d37e415a3', '#605524', 'Cho thuê căn hộ dịch vụ Hồ Chí Minh', 'Cho thuê căn hộ dịch vụ', 'Tất cả', 'Tin VIP 3', 'Chủ Nhật, 22:02 07/08/2022', 'Thứ 6, 22:02 12/08/2022', '2023-11-05 16:36:50', '2023-11-05 16:36:50'),
('804a009f-2a60-4470-acf5-53aa194272cc', '#385026', 'Cho thuê phòng trọ Huyện Bù Gia Mập', NULL, NULL, 'Tin thường', '6 - 11 - 2023', '1700120572499', '2023-11-06 07:42:52', '2023-11-06 07:42:52'),
('818a81ea-f73e-4fc5-95a4-05111854f2e2', '#808339', 'Cho thuê mặt bằng Huyện Đan Phượng', NULL, NULL, 'Tin thường', 'Thứ 6, 14:0 17/11/2023', 'Chủ nhật, 14:0 19/11/2023', '2023-11-17 07:00:00', '2023-11-17 07:00:00'),
('828a7036-9700-4d08-b6c2-35a9090d1043', '#290259', 'Cho thuê mặt bằng Huyện Hoài Nhơn', NULL, NULL, 'Tin thường', '6', '1700119143133', '2023-11-06 07:19:03', '2023-11-06 07:19:03'),
('839aea12-f6e6-4a39-afd1-406af03ef0f9', '#611846', 'Cho thuê mặt bằng Huyện Đông Anh', NULL, NULL, 'Tin thường', 'Thứ 6, 12:54 17/11/2023', 'Thứ 5, 12:54 30/11/2023', '2023-11-17 05:54:53', '2023-11-17 05:54:53'),
('887a4c7d-cba5-4307-9a77-91371a0c7175', '#605621', 'Cho thuê nhà Hồ Chí Minh', 'Nhà thuê nguyên căn', 'Tất cả', 'Tin miễn phí', 'Thứ 3, 13:32 09/08/2022', 'Chủ Nhật, 13:32 14/08/2022', '2023-11-05 16:36:50', '2023-11-05 16:36:50'),
('89d55af6-7d08-4b37-9cd4-04fa137237f1', '#283266', 'Cho thuê nhà Hồ Chí Minh', 'Nhà thuê nguyên căn', 'Tất cả', 'Tin thường', 'Thứ 4, 15:44 10/08/2022', 'Thứ 3, 19:38 23/08/2022', '2023-11-05 16:36:50', '2023-11-05 16:36:50'),
('8a986047-7fc7-4e99-a115-0762e017d4d7', '#276599', 'Cho thuê căn hộ Hồ Chí Minh', 'Cho thuê căn hộ', 'Tất cả', 'Tin thường', 'Thứ 4, 15:44 10/08/2022', 'Thứ 4, 10:08 24/08/2022', '2023-11-05 16:36:50', '2023-11-05 16:36:50'),
('8bc15b0a-623e-49c5-92a5-65839f4838fc', '#605543', 'Cho thuê mặt bằng Hà Nội', 'Cho thuê mặt bằng', 'Tất cả', 'Tin thường', 'Thứ 2, 11:43 08/08/2022', 'Thứ 5, 11:43 18/08/2022', '2023-11-05 16:36:50', '2023-11-05 16:36:50'),
('8cebc905-8065-43ed-820e-e2b32e8508a1', '#136266', 'Cho thuê căn hộ Huyện Bạch Long Vĩ', NULL, NULL, 'Tin thường', 'Mon, 13 Nov 2023 11:44:05 GMT', 'Thu, 23 Nov 2023 11:44:05 GMT', '2023-11-13 11:44:05', '2023-11-13 11:44:05'),
('8ddb2cf2-ea82-4c32-a6be-b60db20c1b17', '#242440', 'Cho thuê mặt bằng Bình Dương', 'Cho thuê mặt bằng', 'Tất cả', 'Tin thường', 'Thứ 7, 15:55 06/08/2022', 'Thứ 3, 15:55 16/08/2022', '2023-11-05 16:36:50', '2023-11-05 16:36:50'),
('8fccc6db-efc1-46d5-a9ac-892797352259', '#284965', 'Cho thuê nhà Hồ Chí Minh', 'Nhà thuê nguyên căn', 'Tất cả', 'Tin VIP 1', 'Thứ 2, 11:08 08/08/2022', 'Thứ 7, 11:08 13/08/2022', '2023-11-05 16:36:50', '2023-11-05 16:36:50'),
('946e9bf4-0208-423d-a6e0-6b56f9d8f0da', '#627203', 'Nhà cho thuê Huyện Hòa Vang', NULL, NULL, 'Tin thường', 'Sun, 12 Nov 2023 05:18:41 GMT', 'Wed, 22 Nov 2023 05:18:41 GMT', '2023-11-12 05:18:41', '2023-11-12 05:18:41'),
('98270156-c8e2-44d3-a1ab-582744ffa8d1', '#317622', 'Cho thuê mặt bằng Hồ Chí Minh', 'Cho thuê mặt bằng', 'Tất cả', 'Tin thường', 'Thứ 2, 10:21 08/08/2022', 'Thứ 5, 10:21 18/08/2022', '2023-11-05 16:36:50', '2023-11-05 16:36:50'),
('a1c61cdc-7e6f-4cff-8e31-7e2fcc86259e', '#58962', 'Cho thuê phòng trọ Hồ Chí Minh', 'Phòng trọ, nhà trọ', 'Tất cả', 'Tin VIP nổi bật', 'Thứ 5, 14:47 04/08/2022', 'Thứ 7, 08:56 13/08/2022', '2023-11-05 16:36:50', '2023-11-05 16:36:50'),
('a5588140-fd71-4a63-9e72-4208433a83f3', '#605018', 'Cho thuê phòng trọ Hồ Chí Minh', 'Phòng trọ, nhà trọ', 'Tất cả', 'Tin VIP nổi bật', 'Thứ 3, 08:35 09/08/2022', 'Chủ Nhật, 08:35 14/08/2022', '2023-11-05 16:36:50', '2023-11-05 16:36:50'),
('a695777d-7e88-4eaa-8b7a-0e8d3745c53a', '#605594', 'Cho thuê mặt bằng Hồ Chí Minh', 'Cho thuê mặt bằng', 'Tất cả', 'Tin miễn phí', 'Thứ 2, 23:03 08/08/2022', 'Thứ 7, 23:03 13/08/2022', '2023-11-05 16:36:50', '2023-11-05 16:36:50'),
('a6eea606-4608-47c8-809c-4044efb8bd6d', '#603145', 'Cho thuê phòng trọ Hồ Chí Minh', 'Phòng trọ, nhà trọ', 'Tất cả', 'Tin VIP nổi bật', 'Thứ 7, 08:50 30/07/2022', 'Thứ 5, 08:50 25/08/2022', '2023-11-05 16:36:50', '2023-11-05 16:36:50'),
('ac019674-43aa-49b9-b0ad-addf44c27b80', '#937599', 'Cho thuê căn hộ Huyện Kiến Thuỵ', NULL, NULL, 'Tin thường', 'Thứ 5, 8:11 16/11/2023', 'Thứ 5, 8:11 14/12/2023', '2023-11-16 01:11:56', '2023-11-16 01:11:56'),
('ac7a43a3-bc9e-4ed0-9f6e-92ce2988b652', '#585449', 'Cho thuê căn hộ dịch vụ Hồ Chí Minh', 'Cho thuê căn hộ dịch vụ', 'Tất cả', 'Tin thường', 'Thứ 4, 14:14 10/08/2022', 'Thứ 7, 14:14 20/08/2022', '2023-11-05 16:36:50', '2023-11-05 16:36:50'),
('b4fffb41-378f-4145-bc63-1aadf4ef3157', '#439550', 'Cho thuê phòng trọ Huyện Hoài Nhơn', NULL, NULL, 'Tin thường', 'Chủ nhật, 0:20 19/11/2023', 'Thứ 4, 0:20 6/12/2023', '2023-11-18 17:20:39', '2023-11-18 17:20:39'),
('b7399724-c6f2-436a-8a28-18010255405c', '#605201', 'Cho thuê mặt bằng Hồ Chí Minh', 'Cho thuê mặt bằng', 'Tất cả', 'Tin miễn phí', 'Thứ 2, 15:42 01/08/2022', 'Thứ 7, 15:42 06/08/2022', '2023-11-05 16:36:50', '2023-11-05 16:36:50'),
('b7c1493f-32e3-4081-9c23-90aa602ab22c', '#605467', 'Cho thuê căn hộ mini Hồ Chí Minh', 'Cho thuê căn hộ mini', 'Tất cả', 'Tin thường', 'Thứ 4, 16:51 10/08/2022', 'Thứ 3, 09:50 16/08/2022', '2023-11-05 16:36:50', '2023-11-05 16:36:50'),
('b93e2afb-5f2d-4560-853e-5fd9816fcaeb', '#605489', 'Cho thuê căn hộ mini Hồ Chí Minh', 'Cho thuê căn hộ mini', 'Tất cả', 'Tin thường', 'Thứ 4, 14:26 10/08/2022', 'Thứ 3, 16:30 16/08/2022', '2023-11-05 16:36:50', '2023-11-05 16:36:50'),
('bc63880f-fa8b-4c9b-bebe-c043b8533a97', '#331039', 'Cho thuê mặt bằng Huyện Hoài Nhơn', NULL, NULL, 'Tin thường', '31 - 11 - 1899', '-2208236790000', '2023-11-06 07:32:54', '2023-11-06 07:32:54'),
('c258feaf-a8c5-4ff8-bd5c-4b1ceb7f7f04', '#603516', 'Cho thuê phòng trọ Hồ Chí Minh', 'Phòng trọ, nhà trọ', 'Tất cả', 'Tin VIP nổi bật', 'Thứ 4, 09:54 10/08/2022', 'Thứ 4, 09:54 17/08/2022', '2023-11-05 16:36:50', '2023-11-05 16:36:50'),
('c37731d5-d10d-46a8-8020-7e7cc044c1cf', '#43454', 'Cho thuê căn hộ Quận 12', NULL, NULL, 'Tin thường', 'Thứ 5, 7:35 16/11/2023', 'Thứ 3, 7:35 12/12/2023', '2023-11-16 00:35:48', '2023-11-16 00:35:48'),
('c69f8aa8-ab13-4bba-b9bf-454f8bf7873b', '#605675', 'Cho thuê nhà Hà Nội', 'Nhà thuê nguyên căn', 'Tất cả', 'Tin miễn phí', 'Thứ 4, 11:03 10/08/2022', 'Thứ 2, 11:03 15/08/2022', '2023-11-05 16:36:50', '2023-11-05 16:36:50'),
('c7b4abe3-578d-44df-ab85-79b585dea207', '#920702', 'Cho thuê phòng trọ Huyện Dầu Tiếng', NULL, NULL, 'Tin thường', 'currentDate', '1700118764971', '2023-11-06 07:12:44', '2023-11-06 07:12:44'),
('cca48161-ef3a-4af8-bacd-e8adea66ce3f', '#605648', 'Cho thuê căn hộ dịch vụ Hồ Chí Minh', 'Cho thuê căn hộ dịch vụ', 'Tất cả', 'Tin VIP 3', 'Thứ 3, 21:05 09/08/2022', 'Chủ Nhật, 21:05 14/08/2022', '2023-11-05 16:36:50', '2023-11-05 16:36:50'),
('cf01ab26-a43b-4e26-97f9-90c9b44d6c9b', '#602626', 'Cho thuê căn hộ dịch vụ Hồ Chí Minh', 'Cho thuê căn hộ dịch vụ', 'Tất cả', 'Tin thường', 'Thứ 4, 16:42 10/08/2022', 'Thứ 7, 16:42 20/08/2022', '2023-11-05 16:36:50', '2023-11-05 16:36:50'),
('d0f996da-d1eb-4b2a-b309-2034ae267ff3', '#605510', 'Cho thuê mặt bằng Hồ Chí Minh', 'Cho thuê mặt bằng', 'Tất cả', 'Tin thường', 'Chủ Nhật, 14:08 07/08/2022', 'Chủ Nhật, 14:08 21/08/2022', '2023-11-05 16:36:50', '2023-11-05 16:36:50'),
('d1777478-1182-456a-a8b8-1857fcfb8688', '#605655', 'Cho thuê căn hộ dịch vụ Hồ Chí Minh', 'Cho thuê căn hộ dịch vụ', 'Tất cả', 'Tin VIP 3', 'Thứ 4, 00:44 10/08/2022', 'Thứ 2, 00:44 15/08/2022', '2023-11-05 16:36:50', '2023-11-05 16:36:50'),
('d5cde27d-ab6a-41ae-9cbc-30f8f3f6acb6', '#783686', 'Cho thuê mặt bằng Huyện Đức Linh', NULL, NULL, 'Tin thường', '2023-11-15 17:58:00', '2023-11-15 17:58:00', '2023-11-05 17:58:00', '2023-11-05 17:58:00'),
('db92bd17-cc96-4f04-94d0-5a340e83e044', '#929485', 'Cho thuê mặt bằng ', NULL, NULL, 'Tin thường', 'Thứ 6, 12:51 17/11/2023', 'Thứ 7, 12:51 25/11/2023', '2023-11-17 05:51:23', '2023-11-17 05:51:23'),
('de6215ba-ff4e-4883-88c7-311f4adf8f98', '#605265', 'Cho thuê mặt bằng Hồ Chí Minh', 'Cho thuê mặt bằng', 'Tất cả', 'Tin thường', 'Thứ 2, 10:54 08/08/2022', 'Thứ 6, 21:23 12/08/2022', '2023-11-05 16:36:50', '2023-11-05 16:36:50'),
('df3cb1a8-5f7c-4da2-a796-29802453783d', '#605575', 'Cho thuê nhà Hồ Chí Minh', 'Nhà thuê nguyên căn', 'Tất cả', 'Tin thường', 'Thứ 2, 18:49 08/08/2022', 'Thứ 2, 18:49 22/08/2022', '2023-11-05 16:36:50', '2023-11-05 16:36:50'),
('e0667562-d947-40b8-b7bf-062a9da9ec37', '#597520', 'Cho thuê mặt bằng Huyện Thoại Sơn', NULL, NULL, 'Tin thường', 'Mon, 13 Nov 2023 15:05:04 GMT', 'Thu, 23 Nov 2023 15:05:04 GMT', '2023-11-13 15:05:04', '2023-11-13 15:05:04'),
('e2933e2d-fe2f-4a24-b745-5d27edd56c74', '#605019', 'Cho thuê phòng trọ Hồ Chí Minh', 'Phòng trọ, nhà trọ', 'Tất cả', 'Tin VIP nổi bật', 'Thứ 3, 08:36 09/08/2022', 'Chủ Nhật, 08:36 14/08/2022', '2023-11-05 16:36:50', '2023-11-05 16:36:50'),
('e9def6dd-b2a7-402c-aa1a-3cf9c22338fc', '#605447', 'Cho thuê căn hộ mini Hồ Chí Minh', 'Cho thuê căn hộ mini', 'Tất cả', 'Tin thường', 'Thứ 4, 14:27 10/08/2022', 'Thứ 2, 22:09 15/08/2022', '2023-11-05 16:36:50', '2023-11-05 16:36:50'),
('f2746cea-3a55-4b86-b319-6a7ee4acb707', '#110790', 'Cho thuê mặt bằng Huyện Hàm Tân', NULL, NULL, 'Tin thường', 'Chủ nhật, 0:21 19/11/2023', 'Thứ 4, 0:21 29/11/2023', '2023-11-18 17:21:06', '2023-11-18 17:37:49'),
('f2c9bc97-26a0-4421-9664-a3598bb4cf87', '#303794', 'Cho thuê căn hộ Hồ Chí Minh', 'Cho thuê căn hộ', 'Tất cả', 'Tin thường', 'Thứ 4, 14:16 10/08/2022', 'Thứ 7, 14:16 20/08/2022', '2023-11-05 16:36:50', '2023-11-05 16:36:50'),
('f48f7774-b1d7-404f-934c-7eadc9c4c628', '#605585', 'Cho thuê nhà Hồ Chí Minh', 'Nhà thuê nguyên căn', 'Tất cả', 'Tin thường', 'Thứ 2, 20:46 08/08/2022', 'Thứ 5, 20:46 18/08/2022', '2023-11-05 16:36:50', '2023-11-05 16:36:50'),
('f57adac0-e392-4535-942e-b71119e5333e', '#451365', 'Cho thuê căn hộ ', NULL, NULL, 'Tin thường', 'Mon, 13 Nov 2023 15:06:05 GMT', 'Thu, 23 Nov 2023 15:06:05 GMT', '2023-11-13 15:06:05', '2023-11-13 15:06:05'),
('f701d789-2537-47d5-a444-951d02f6e3a1', '#467608', 'Nhà cho thuê Huyện Thạch An', NULL, NULL, 'Tin thường', '1941', '-2208236790000', '2023-11-06 07:25:21', '2023-11-06 07:25:21'),
('f7deff3a-3009-472d-8b01-aef7dc8c9f92', '#602514', 'Cho thuê nhà Hồ Chí Minh', 'Nhà thuê nguyên căn', 'Tất cả', 'Tin thường', 'Thứ 4, 15:44 10/08/2022', 'Thứ 3, 09:18 30/08/2022', '2023-11-05 16:36:50', '2023-11-05 16:36:50'),
('fabbd936-5453-4bc2-9c89-72e419b4fc1e', '#605646', 'Cho thuê căn hộ dịch vụ Hồ Chí Minh', 'Cho thuê căn hộ dịch vụ', 'Tất cả', 'Tin VIP 3', 'Thứ 3, 20:40 09/08/2022', 'Chủ Nhật, 20:40 14/08/2022', '2023-11-05 16:36:50', '2023-11-05 16:36:50'),
('fbfb0a9f-03a3-4f89-a17b-9c89719340dc', '#605478', 'Cho thuê mặt bằng Hồ Chí Minh', 'Cho thuê mặt bằng', 'Tất cả', 'Tin thường', 'Thứ 7, 12:28 06/08/2022', 'Thứ 7, 12:28 20/08/2022', '2023-11-05 16:36:50', '2023-11-05 16:36:50'),
('fdc54af2-414c-419f-8925-5c7a87a76339', '#316380', 'Cho thuê mặt bằng Đà Nẵng', 'Cho thuê mặt bằng', 'Tất cả', 'Tin thường', 'Thứ 4, 20:13 03/08/2022', 'Thứ 7, 20:13 13/08/2022', '2023-11-05 16:36:50', '2023-11-05 16:36:50'),
('fea8a41b-3865-4106-8c31-9b4a55c64a06', '#136664', 'Nhà cho thuê ', NULL, NULL, 'Tin thường', '6 - 1701848270358 - 2023', '1702712270358', '2023-11-06 07:37:50', '2023-11-06 07:37:50');

-- --------------------------------------------------------

--
-- Cấu trúc bảng cho bảng `posts`
--

CREATE TABLE `posts` (
  `id` varchar(255) NOT NULL,
  `title` varchar(255) DEFAULT NULL,
  `star` varchar(255) DEFAULT '0',
  `labelCode` varchar(255) DEFAULT NULL,
  `address` varchar(255) DEFAULT NULL,
  `attributesId` varchar(255) DEFAULT NULL,
  `categoryCode` varchar(255) DEFAULT NULL,
  `priceCode` varchar(255) DEFAULT NULL,
  `areaCode` varchar(255) DEFAULT NULL,
  `provinceCode` varchar(255) DEFAULT NULL,
  `description` text DEFAULT NULL,
  `userId` varchar(255) DEFAULT NULL,
  `overviewId` varchar(255) DEFAULT NULL,
  `imagesId` varchar(255) DEFAULT NULL,
  `priceNumber` float DEFAULT NULL,
  `areaNumber` float DEFAULT NULL,
  `createdAt` date NOT NULL,
  `updatedAt` datetime NOT NULL,
  `status` int(11) NOT NULL DEFAULT 0
) ENGINE=InnoDB DEFAULT CHARSET=utf8mb4 COLLATE=utf8mb4_general_ci;

--
-- Đang đổ dữ liệu cho bảng `posts`
--

INSERT INTO `posts` (`id`, `title`, `star`, `labelCode`, `address`, `attributesId`, `categoryCode`, `priceCode`, `areaCode`, `provinceCode`, `description`, `userId`, `overviewId`, `imagesId`, `priceNumber`, `areaNumber`, `createdAt`, `updatedAt`, `status`) VALUES
('63b62618-409b-412d-b8b4-6ca1ec65c254', '123123', '0', 'OYAU', 'Huyện Bù Đốp, Tỉnh Bình Phước', '83a79496-a121-4124-b9f4-41baacb858b2', 'CTMB', 'OU1N', '2UMD', 'NUPD', '\"123123\"', '6637c0c8-17d4-493f-9c36-426ec131f672', '3f90077d-d10e-4152-b480-d3cb6b35c94d', 'f6131d06-6f1b-46ec-99a0-423ec8edc4b6', 0.000003, 23, '2023-11-19', '2023-11-19 10:00:46', 0),
('669df7d3-77a3-483f-be03-65fb5f71c899', 'Cho thuê phòng trọ đầy đủ nội thất, đường 3/2, khu Kỳ Hòa, Quận 10', '3', 'OQPN', 'Địa chỉ: 181/36 Đường số 3/2, Phường 11, Quận 10, Hồ Chí Minh', 'cb4231c3-a822-4532-b055-5fc55c19d100', 'CTPT', '5U7N', '2UMD', 'CUID', '[\"Chính chủ cho thuê phòng rộng khu trung tâm, an  ninh, yên tĩnh, hẻm chính 7m, tiện đi lại, phòng rộng 22m2. Tiện nghi đầy đủ như khách sạn, máy lạnh, nước nóng, tivi LDC, tủ lạnh, giường tủ, bàn ghế...\",\"Giờ giấc tự do, có chỗ để xe.\",\"- Địa chỉ: 181/36 Đường 3/2, P.11, Quận 10.\",\"Giá thuê: 5 triệu/tháng.\",\"Liên hệ: 0919.990.528 Chị Vân - Chính chủ\"]', '7979fc02-7b79-4361-85d9-b22f70615b78', '5b816b0d-4a6b-405e-81bb-7fb4889f0bef', 'eb2918d9-6cb0-4f19-8cba-a2caabf4e2a0', 5, 22, '2023-11-05', '2023-11-12 08:51:06', 2),
('69b5eb52-f70b-474a-a1aa-bcf9c55bb4e7', 'qưeqwe', '0', 'OYHU', 'Huyện Cư Kuin, Tỉnh Đắk Lắk', '4e0ee4fc-5011-484f-9caf-5a4158afc6d1', 'CTPT', 'OU1N', 'EN9E', 'KNLE', '\"qqweqwe\"', '6637c0c8-17d4-493f-9c36-426ec131f672', '296eeac5-9c6e-49fb-889d-e0230083a9cc', '89490723-c506-4598-b361-e645157a867a', 0.002121, 2121, '2023-11-17', '2023-11-17 08:09:06', 2),
('6d9379ca-3aaf-4045-bb6f-53326f098be9', 'Nhà nguyên căn mặt tiền đường 9*18m', '0', 'OQM1', 'Địa chỉ: Đường Hiệp Thành 45, Phường Hiệp Thành, Quận 12, Hồ Chí Minh', 'd1865d3a-d85b-433c-b4af-cf96cbf7ee38', 'CTMB', 'EU5N', 'EN9E', 'CUID', '[\"- Mặt bằng kinh doanh 1 trệt 3 lầu (9*18m)\",\"- Gần trường học vd: Thpt Võ Trường Toản;...\",\"- Gần chợ, siêu thị,tạp hóa;...\"]', 'dadb9e3b-e72e-485c-9e6d-4966c4df8c49', 'a695777d-7e88-4eaa-8b7a-0e8d3745c53a', 'bb923fb8-4ce7-4618-8c2e-d769550f97d8', 30, 162, '2023-11-05', '2023-11-16 00:40:10', 1),
('6fe8f444-2267-4ec4-a4fc-1e3fab1de49e', 'Phòng 2 triệu tại q7, phòng mới, yên tĩnh, phòng riêng biệt, giờ giấc tự do', '3', 'OOPN', 'Địa chỉ: Phường Phú Mỹ, Quận 7, Hồ Chí Minh', '28780d6b-05ed-438f-ac3f-3ee364a0c5a0', 'CTPT', '2U3N', 'ON2E', 'CUID', '[\"Phòng trọ giá bình dân tại Q7\",\"▪︎ phòng 1tr6 không có gác ( có giường)\",\"▪︎ phòng 1tr9 có gác\",\"▪︎ phòng 2tr có gác, có ban công\",\"Địa chỉ: hẻm 77/49A đường chuyên dùng 9, phú mỹ q7, tphcm, ( gần siêu thị Coopmart)\",\"Phòng có vệ sinh và nấu ăn riêng biệt, không chung chủ\",\"phòng theo thiết kế cầu thang dễ đi, phòng nhỏ xinh, sạch sẽ, an ninh, phòng đã gắn 1 số thiết bị cần sử dụng như: gương, chỗ để bàn chài đánh răng, móc, có chỗ nấu ăn, kệ chén...\",\"điện 3/kg, nước 20khoi, rác 20k, wifi miễn phí, nhà xe có bảo vệ trông nom\",\"- Giờ giấc tự do\",\"- Điện thoại: 0909634270 Kim Cúc\",\"- Lưu ý: phòng chỗ mình k nuôi thú cưng, k kéo bạn bè về ăn nhậu hát hò.\",\"Cọc 1 tháng\"]', '66d588b8-1294-48f6-813a-9ec50897bdf8', '13cb6f09-b124-4ad6-9eb4-32aa58e5c2b3', '07849661-db19-4f0c-90c6-c629c1882441', 2, 16, '2023-11-05', '2023-11-12 08:45:25', 1),
('71c88fdb-6678-427b-9726-baa9bdb14801', 'CHO THUÊ CĂN HỘ Ecolife Riverside TP. QUI NHƠN', '0', 'OHNY', 'Địa chỉ: Điện Biên Phủ, Phường Nhơn Phú, Thành Phố Quy Nhơn, Bình Định', '0cff329a-8aa0-47da-86de-198f24cd0777', 'CTCH', '5U7N', '5UMD', 'NUĐD', '[\"Diện tích : 64m2.\",\"- Gồm 2 Phòng ngủ, 2 tolet, phòng khách , phòng bếp. Hồ bơi ở đây rất rộng.\",\"- Nội thất hoàn thiện.\",\"- View thoáng. Ban công rộng rãi.\",\"- Tiện ích xung quanh, gần chợ, trường học mầm non tầng 1\",\"- Giá cho thuê: 6.500.000đ/tháng ( Bao Phí quản lý 1 năm)\"]', 'bcded2aa-9423-47c3-9091-ebd6f329a0a2', '40059797-9a1c-4837-9c0a-f939da50be32', '3fb969a3-6228-444c-ba25-725a9c725b2a', 6.5, 64, '2023-11-05', '2023-11-12 08:45:27', 1),
('78bdc63f-8515-4a21-8185-07cb0066156e', 'Cho thuê Căn hộ view sông SG nằm trong khu biệt thự Bình Lợi', '2', 'OIAH', 'Địa chỉ: Đường Bình Lợi, Phường 13, Quận Bình Thạnh, Hồ Chí Minh', '97b92358-8020-4652-85b7-dce82f0cd698', 'CTCH', '7U0N', '5UMD', 'CUID', '[\"CĂN HỘ NẰM TRONG KHU BIỆT THỰ BÌNH LỢI GIÁ CỰC HẤP DẪN\",\"Vị trí: Binh Lợi, Phường 13, Bình Thạnh\",\"Căn hộ view sông đón gió trời cực kỳ thoáng mát\",\"Mới Xây 100%\",\"Diện tích từ 30-60m2\",\"Có hầm xe rộng\",\"Thang máy hiện đại\",\"View sông Sài Gòn cực chill\",\"Giá hấp dẫn cho một căn hộ khu biệt thự chỉ từ 8tr8, 9tr3, 9tr8, 10tr, 10tr5, 11tr\"]', '733adf61-162d-48f4-8d65-d5994dbe78be', '01a14970-19ae-438d-adb8-93fdc11f3faa', '458b5672-e624-4e4f-aed6-ee7df48f7ab2', 8.8, 50, '2023-11-05', '2023-11-12 08:54:32', 1),
('7e430bfc-d20e-4786-92cf-698e5389e5cd', 'Căn Hộ Đầy Đủ Nội Thất Cao Cấp - Thoáng Mát - Ngay Công Viên Phần Mềm Quang Trung', '0', 'OVAA', 'Địa chỉ: Đường Tô Ký, Phường Trung Mỹ Tây, Quận 12, Hồ Chí Minh', 'de4094c5-ce45-441c-96b1-8245f825e0c4', 'CTCH', '5U7N', '2UMD', 'CUID', '[\"CHO THUÊ CĂN HỘ DỊCH VỤ FULL NỘI THẤT CAO CẤP TẠI QUẬN 12\",\"Trung Mỹ Tây 14A, phường Trung Mỹ Tây, quận 12\",\"5.000.000 - 5.500.000 (studio full nội thất)\",\"Nội thất bao gồm: tủ lạnh, bàn ghế, giường nệm, tivi, kệ bếp tủ bếp, tủ quần áo, máy giặt riêng, máy lạnh, bếp từ đơn/đôi (tùy phòng)\",\"Vị trí:\",\"- Gần bến xe An Sương, siêu thị, khu ăn uống, gần chợ\",\"- Hẻm thông các đường lớn, có nhiều toà nhà sát bên\",\"- Khu nhân viên văn phòng, sinh viên rất yên tĩnh, thoải mái.\",\"Căn hộ rộng, đẹp, mới, sang trọng, thông thoáng, đầy đủ tiện nghi, có các phòng ngủ bên trọng cực thoải mái.\",\"Có thang máy, wifi riêng từng phòng, nước nóng lạnh\",\"Hầm xe có bảo vệ trông coi 24/7\",\"Giờ giấc tự do, chìa khóa riêng và có thẻ từ, không chung chủ.\",\"Chi phí khác:\",\"Điện: 4000đ/kwh\",\"Nước: 100k/người\",\"Xe: 100k/xe\",\"Phí dịch vụ: 170k/phòng\",\"Liên hệ Trang: 0707.142.793 (call/zalo) để được tư vấn và hỗ trợ xem phòng trực tiếp\"]', '0c7bdf36-d37e-46ca-8599-d90cf6c81a4a', 'cf01ab26-a43b-4e26-97f9-90c9b44d6c9b', 'df464278-f732-4ae7-8ae8-1e787277d0a0', 5, 25, '2023-11-05', '2023-11-12 08:51:33', 2),
('87e583c3-1ec3-4bfd-ace2-53c8fa4b1b12', 'Phòng Tâng lửng Tân Bình full nội thất gia siêu rẻ', '0', 'OANN', 'Địa chỉ: Đường Tân Hải, Phường 13, Quận Tân Bình, Hồ Chí Minh', '9a63e257-6f23-462a-8610-f337163f06b0', 'CTCH', '5U7N', '3UMD', 'CUID', '[\"Thiết kế: phòng có máy lạnh, cửa sổ mở ra giếng trời, nhà vệ sinh trong phòng, thoáng mát\",\"Nội thất: Máy lạnh, tủ lạnh, tủ áo, giường, nệm, bàn ghế, tủ bếp có bồn rửa\",\"Máy giặt dùng chung và phơi đồ trên sân thượng\",\"Không chung chủ, giờ giấc tự do, giữ xe trong nhà\",\"Điện: 4000hwh\",\"Nước : 100/ người\",\"Phí dịch vụ: 150k/ phòng\"]', '7bebb0eb-e8e3-4d97-8c27-5825170f5ee4', '6a5af61a-48ab-4000-94c9-ade63524353f', '7225e3db-0fe0-4fa0-917e-a8885a519c1b', 5, 35, '2023-11-05', '2023-11-12 08:55:36', 1),
('8b639203-2f18-4cee-8c09-f2e47e231946', 'Tôi. Quốc chính chủ cho thuê mặt bằng mặt tiền Võ Thị Sáu, Quận 1 - 105m2 - chỉ 30tr/tháng. Liên hệ: 0822141489', '0', 'OQMN', 'Địa chỉ: 94 Đường Võ Thị Sáu, Phường Tân Định, Quận 1, Hồ Chí Minh', '4a4cbd76-9bab-4bc8-b522-acd74ea53c76', 'CTMB', 'EU5N', 'EN9E', 'CUID', '[\"Tôi, Quốc chính chủ căn nhà mặt tiền 94 Võ Thị Sáu, Tân Định, quận 1. Cho thuê mặt bằng mặt tiền Võ Thị Sáu\",\"Ngang 4,2 dài 25. Diện tích sử dụng lên đến 105m2\",\"Không gian được thiết kế theo phong cách châu âu\",\"Cho thuê làm văn phòng, mặt bằng kinh doanh ( không cho làm quán ăn, quán Coffe vì sợ xuống cấp nhà )\",\"Ngay khu sầm uất, gần trường học, khu ăn uống, công viên…\",\"Thuận tiện di chuyển các quận trung tâm.\",\"Cho thuê hợp đồng dài hạn\",\"Miễn môi giới\",\"Liên hệ : 0822141489 ( Quốc )\"]', 'eeef7ca4-9ccf-431f-bd03-ce255f6a766f', '6bd770f3-803e-43c5-b0a9-026210aba8eb', '691f70ab-1b33-4f8e-929a-28c276238aab', 30, 105, '2023-11-05', '2023-11-12 08:43:05', 1),
('97849400-185d-4fa9-b914-8fb5439c3386', 'Cho thuê MB siêu rộng, mới 100% - 75m2 - hẻm trước nhà rộng 5m - chỉ 16tr/tháng', '0', 'OBTT', 'Địa chỉ: Đống Đa, Phường 2, Quận Bình Thạnh, Hồ Chí Minh', 'bd688673-f521-4bcf-b110-a09b0c6ecda1', 'CTMB', 'EU5N', '7UMD', 'CUID', '[\"Cô Thảo cho thuê Mặt bằng mặt tiền Đống Đa diện tích khủng\",\"Giá: 16tr/tháng\",\"Mặt bằng trệt rộng 75m2, cho thuê nguyên sàn\",\"Có hầm và cho ở lại.\",\"Đa tiện ích, tiện làm văn phòng, ở, kinh doanh buôn bán,..\",\"Ngang 8.5m, dài 8.9\",\"Lh: 0822141489 - Quốc - ( Quản lý tỏa nhà )\"]', '260ba1ec-c0bf-480a-a9d6-da8795e19eec', 'de6215ba-ff4e-4883-88c7-311f4adf8f98', 'c00404d2-1d54-4367-8533-38f04d170516', 16, 75, '2023-11-05', '2023-11-12 08:43:09', 1),
('a7658061-9921-4f17-aad4-1cc3cf327cd8', 'Căn Hộ Full Nội Thất Gần ĐH TDTU - RMIT - UFM', '0', 'OICA', 'Địa chỉ: Đường Nguyễn Thị Thập, Phường Tân Hưng, Quận 7, Hồ Chí Minh', '3bfe4b90-8962-441a-94a0-35704f8ccf5d', 'CTCH', '5U7N', '3UMD', 'CUID', '[\"CHDV Studio ̣̂ ̂́\",\"Vị trí: Ngay Lotte Mart Q7\",\"Gần đại học TDT, Tài chính - Marketing, Big C, Vincom Trần Trọng Cung, chợ, cửa hàng tiện lợi,...\",\"Căn hộ full nội thất, cửa sổ, ban công thoáng\",\"Giờ giấc tự do, không chung chủ\",\"Thang máy rộng\",\"Internet tốc độ cao\",\"Camera an ninh\",\"Giá công khai các dạng:\",\"Dạng phòng Studio Full NT: 4tr - 8tr\",\"Dạng phòng Duplex Full NT: 5tr5 - 7tr5\",\"Dạng phòng 1PN Full NT: 6tr2 - 8tr\",\"---------------------------------------\",\"Căn hộ dịch vụ, chung cư, phòng trọ cho thuê\",\"Call, Imess, Zalo...\"]', '5fbff5e7-9c7e-4e3d-b2af-779902190fcb', 'b7c1493f-32e3-4081-9c23-90aa602ab22c', '720a47b6-e119-4ed0-9494-56778600698f', 5, 35, '2023-11-05', '2023-11-12 08:45:15', 1),
('a7b3b175-692b-4b2a-a517-3c60fec7c0cd', '12341234', '0', 'AIUH', 'Huyện Kiến Thuỵ, Thành phố Hải Phòng', 'acc99ecc-b5e1-4d3e-a421-76df58964c1e', 'NCT', 'OU1N', '3UMD', 'IUHD', '\"12341234123\"', '7882952d-b225-4303-aaf9-6def2f70a8fa', '587117d4-8913-432e-b31c-bfbf44dadaac', 'b28ba7d1-bf05-4166-abda-aa77cbf8c208', 0.000123, 33, '2023-11-18', '2023-11-18 16:09:59', 1),
('a8bb37a5-3071-4c1a-8da4-f0fd712f28ed', 'Cực phẩm KTX, Phòng trọ, Sang, Xịn, Mịn Giá siêu rẻ tại Thủ Đức', '5', 'OAHU', 'Địa chỉ: 101 Đường số 8, Phường Linh Đông, Quận Thủ Đức, Hồ Chí Minh', '26f68bc0-0f24-447b-a590-2053019f1708', 'CTPT', '1U2N', '3UMD', 'CUID', '[\"> Giá trọn gói, không phát sinh bất cứ khoản phí nào nữa.\",\"*** Miễn phí :\",\"- Để xe máy ( Để xe trong sân cực rộng và thoáng)\",\"- Điện, nước.\",\"- Wifi, rác, vệ sinh - Nước uống. ....\",\"*** Nội thất gồm : - Giường, Chăn, Ga, Gối, Nệm, đèn đọc sách, bàn học, gương trang điểm, tủ quần áo ( mỗi người 2 tủ ), tủ tài chính, tất cả đều là hàng cao cấp ( các bạn xem hình là hiểu, hình thật 100% ). Có phòng nấu ăn và phòng sinh hoạt chung - Máy lạnh, máy giặt, tivi, tủ lạnh ( mỗi phòng 1 tủ để trong phòng ) không thiếu bất cứ thứ gì. - Khoá Vân tay 2 chiều. - Tolet riêng trong phòng ( có nước nóng năng lượng mặt trời ). ***** Đặc biệt: Dịch vụ vệ sinh miễn phí Tollet , phòng, hành lang 2 lần 1 tuần. Cảm ơn các bạn đã xem tin. Nếu xem phòng vui lòng call :\",\"Mr Bình. 0936.456.678.\",\"Địa chỉ : 101 Đường số 8, Phường Linh Đông. Q. Thủ Đức\"]', 'be203860-a034-4e2b-8ea5-1e45f8d2c13e', 'c258feaf-a8c5-4ff8-bd5c-4b1ceb7f7f04', '3b0ef22b-c0c6-43d6-926e-b0fbcc56cac5', 1.2, 30, '2023-11-05', '2023-11-12 08:55:19', 1),
('ac2ecbe8-1415-4256-93e0-4b2bb2617cf6', 'PHÒNG SLEEPBOX RIÊNG TƯ ĐẦY ĐỦ TIỆN NGHI RIÊNG TƯ AN NINH 24/24', '5', 'OAHN', 'Địa chỉ: 50 Đường Phạm Cự Lượng, Phường 2, Quận Tân Bình, Hồ Chí Minh', 'ae6ba768-d1f7-485e-8681-1123c978cc3b', 'CTPT', '1U2N', '2UMD', 'CUID', '[\"Sleepbox đầy đủ tiện nghi riêng tư an ninh 24/24.\",\"KTX sleepbox cao cấp ngay Phổ Quang (50 Phạm Cự Lượng)\",\"Xách vali vào ở ngay.\",\"Vị Trí Trung Tâm Quận tân Bình\",\"Ngay bệnh viện Tâm Anh\",\"Ưu đãi tháng đầu chỉ còn 1.400.000đ cho 10 bạn đăng kí sớm nhất\",\"Giá bình thường các tháng 1tr6/tháng/người (Bao chi phí điện nước, wifi, máy lạnh, nước uống, rác, ).\",\"Vị trí đẹp thuận lợi:\",\"- Thuận tiện di chuyển sân bay, Cộng Hòa, Hoàng Hoa Thám, Ngã Tư Phú Nhuận, Quận 1, Quận 11, Quaanj 10...\",\"Phòng được trang bị sẵn đầy đủ tiện ích:\",\"- Giường riêng biệt, nệm cao su + drap.\",\"- Tủ quần áo, tủ đồ riêng.\",\"- Đèn học, ổ cắm điện.\",\"- WC riêng, sạch sẽ.\",\"- Khu vực bếp nấu ăn chung (Đầy đủ dụng cụ - lò vi sóng - bếp - xoong nồi... ).\",\"- Nước uống I - On miễn phí\",\"- Wifi siêu tốc.\",\"- Ra vào cửa vân tay.\",\"- Bảo vệ, quản lý 24/7.\",\"- Dọn vệ sinh hằng ngày\",\"- Thang máy, máy giặt, nơi phơi đồ riêng.\",\"- Hệ thống camera an ninh.\",\"- Chỗ sinh hoạt luôn được vệ sinh sạch sẽ.\",\"Địa chỉ: Cs1: 50 Phạm Cự Lượng, Phường 2, Tân Bình\",\"CS2: 69/38/11 Nguyễn Gia Trí, P. 25, Bình Thạnh..\",\"CS3: 60/18A Huỳnh Khương An, Phường 5, Gò Vấp.\",\"Liên Hệ: 0896.119.779 ( Zalo + SDT )\"]', '5eee0010-c6e1-45e0-94b5-2c9db501269a', 'e2933e2d-fe2f-4a24-b745-5d27edd56c74', '42cefbfd-af9f-4e85-b71f-c1088444fdf8', 1.4, 25, '2023-11-05', '2023-11-12 08:45:17', 1),
('afee93f2-e349-465d-bdf8-14ed270b2c2a', 'Mặt bằng đẹp cho bán đồ ăn đường vào sân bay', '0', 'ONAC', 'Địa chỉ: Đường Duy Tân, Phường Hòa Thuận Tây, Quận Hải Châu, Đà Nẵng', 'f01a84dc-b714-4194-aff4-43d0f33effc0', 'CTMB', '3U5N', '2UMD', 'NNAE', '[\"Mặt bằng đẹp cho bán hàng ăn sáng trưa, chiều, tối, khuya. Trên đường vào và gần sân bay, nơi có hàng nghìn người có nhu cầu ăn(vì trong sân bay quá đắt) gồm hành khách đi mb, nhân viên sân bay, taxi, grab...mùa covid vẫn bán cả trăm xuất. Mặt tiền có thể sử dụng 7,5m. Vỉa hè 6m. Giá 4 tr/tháng, hợp đồng 1 năm, cọc 1 tháng, trả tiền hàng tháng. Lh a cường 0888880132.\"]', 'eb89fb71-c541-41d2-9766-9d83e215ee60', 'fdc54af2-414c-419f-8925-5c7a87a76339', '13860a34-c53e-4e81-8280-c5303465787c', 3, 20, '2023-11-05', '2023-11-12 08:55:23', 1),
('b3d52bdb-b77d-4235-bd7b-f22fe281f788', 'Phòng đang chờ xét duyệt TEST', '0', 'OQM1', 'Quận 12, Thành phố Hồ Chí Minh', 'c88cf65c-a6af-4a63-a692-982b43242c8a', 'CTMB', 'OU1N', 'EN9E', 'CUID', '\"Phòng đang chờ xét duyệt TEST Description\"', 'a0b30d54-d648-49da-9cbb-4fc2ccd9106e', '1410a467-73de-47f1-8e27-1f1835e3ea4d', '1e6aac15-73ae-41f6-90ad-148ae0779581', 0.012, 12000, '2023-11-14', '2023-11-17 07:36:52', 1),
('b7a36832-0400-45b1-b3d4-4590968e444e', 'Cho Thuê CHDV An Ninh Cao Có quản lí trực cả ngày', '2', 'OAHH', 'Địa chỉ: 702 Đường Xô Viết Nghệ Tĩnh, Phường 25, Quận Bình Thạnh, Hồ Chí Minh', 'c98b4dd1-93b1-43f0-9a94-399cea24d226', 'CTCH', '3U5N', '2UMD', 'CUID', '[\"Địa chỉ: 702 xvnt - p25- Bình Thạnh\",\"Giá:3tr5\",\"- Phòng trống ( có máy lạnh) , giới hạn giờ (12h) nếu về quá giờ gọi qli\",\"- Cọc 1\",\"Phí khác:\",\"- Điện 3k5, nước 100k/ người , xe số 100k/c tay ga 200k/C, dịch vụ: 130k\",\"Lh: 0937475715 hoặc ib zalo để được tư vấn hỗ trợ xem phòng trực tiếp\"]', 'bacaa9d9-0161-42b8-9e3e-5e3bbd0b4e7a', 'fabbd936-5453-4bc2-9c89-72e419b4fc1e', 'b3dbd713-8374-4067-a580-d99100104807', 3.5, 20, '2023-11-05', '2023-11-12 08:45:37', 1),
('bc13e0db-5f27-4586-b30e-ca27d56aea5a', 'Dang test tính năng accepted post', '0', 'ONAT', 'Huyện Hàm Tân, Tỉnh Bình Thuận', '2a314d73-33b3-427b-9565-7286fe587daf', 'CTCH', 'OU1N', 'EN9E', 'NUTD', '\"Dang test tính năng accepted post\"', '6637c0c8-17d4-493f-9c36-426ec131f672', '56c12804-6f22-4638-90ad-79cd11ab76bd', '797a8279-0c5d-47b5-a5af-883e1b8f9111', 0.009, 90, '2023-11-17', '2023-11-17 10:47:56', 1),
('bc9efd31-e0bc-400f-a1e5-898a157356c7', 'CHO THUÊ MBKD PHỐ ĐẠI LINH, MỄ TRÌ, TỐ HỮU', '0', 'ONTU', 'Địa chỉ: 50 Đại Linh, Phường Trung Văn, Quận Nam Từ Liêm, Hà Nội', '7dc9f6c5-7893-4c65-b739-506659ae8381', 'CTMB', '5U7N', '3UMD', 'NDOE', '[\"MBKD 54 Phố Đại Linh Trung Văn Nam Từ Liêm Hà Nội\",\"Vị Trí: Gần Big C Thăng Long, Trung Tâm Hội Nghị Quốc Gia, Mĩ Trì, Tố Hữu, Trung Văn\",\"Diện Tích:30m2\"]', '5917a53b-59b1-4ff9-882d-7697c360bdea', '26d93f73-7fe0-42b5-8d77-42ca02a9d4db', '0a2fd376-bcac-4a3d-b978-6a79ba925f3e', 5, 30, '2023-11-05', '2023-11-12 08:45:39', 1),
('bcd9cfbe-e446-4965-82a5-f1cb7de921da', '[ CHO THUÊ MẶT BẰNG - KINH DOANH]', '0', 'ONTU', 'Địa chỉ: Số 10 ngõ 54 Đại Linh, Phường Trung Văn, Quận Nam Từ Liêm, Hà Nội', 'e4e97cd3-1e9a-4d90-9338-694760b82032', 'CTMB', '5U7N', '3UMD', 'NDOE', '[\"CHO THUÊ MẶT BẰNG KINH DOANH\",\"Diện tích : 30m2\",\"Có điều hòa, cửa kính\",\"Phù hợp tạp hóa, bán hàng online, văn phòng khởi nghiệp....\"]', '8a7c7fa1-2bd9-4570-84bb-f4704da84417', '8bc15b0a-623e-49c5-92a5-65839f4838fc', '8cf207b9-659c-4646-ac48-cc71be3028a7', 5, 30, '2023-11-05', '2023-11-12 08:45:43', 1),
('bee8639a-82d8-4a49-b6e0-8848111e3dd1', 'Chủ đầu tư IMG cho thuê mặt bằng tòa nhà Artemis vị trí đẹp nhất quận Thanh Xuân', '0', 'OTTH', 'Địa chỉ: 3 Phố Lê Trọng Tấn, Phường Khương Mai, Quận Thanh Xuân, Hà Nội', 'da826b71-ddc8-499b-a1d5-c2badcd20152', 'CTMB', 'OU1N', 'EN9E', 'NDOE', '[\"Tòa nhà Artemis, số 3 Lê Trọng Tấn với 4 mặt tiền được tọa lạc tại vị trí đắc địa: Ngã tư Trường Chinh, Tôn Thất Tùng, Lê Trọng Tấn. Với 8 tầng thương mại văn phòng được thiết kế hiện đại, dịch vụ tối ưu, phù hợp làm Ngân hàng, Văn phòng đại diện, Cửa hàng nước giải khát.\",\"1. Vị trí:\",\"Tòa nhà Artemis tại ngã tư Lê Trọng Tấn, Trường Chinh giao Tôn Thất Tùng,vị trí đắc địa trung tâm quận Thanh Xuân.\",\"- Đối diện Bệnh viện đại học Y Hà Nội\",\"- Đối diện bảo tàng Phòng Không Không Quân\",\"- Ngã tư sở: cách 200m\",\"- Bến xe Giáp Bát: cách 2km\",\"- Hồ Hoàn Kiếm: cách 6km\",\"- Cầu Vĩnh Tuy: cách 4km\",\"2. Tổng quan:\",\"Tổng diện tích sàn thương mại, văn phòng: 36.000 m2, view rộng, thoáng, tầm nhìn siêu đẹp bao quanh Hà Nội\",\"- Diện tích 1 sàn: 4.500 m2\",\"- Diện tích cho thuê linh hoạt từ 60-80-100-150-200-500-1000-2000-3000-4000 m2 theo nhu cầu sử dụng của khách hàng\",\"- Số lượng thang máy: 08 thang máy tốc độ cao\",\"- Tầng hầm để xe: 03 tầng hầm rộng 10.000 m2\",\"- Sảnh văn phòng và thương mại theo tiêu chuẩn văn phòng hạng B, có lễ tân hướng hướng dẫn từ 08h15 17h15\",\"- An ninh bảo vệ: 24/24 trực tất cả các ngày trong tuần\",\"- Hệ thống điều hòa Chiller tòan bộ 8 tầng văn phòng thương mại\",\"- Vệ sinh chuyên nghiệp, sạch sẽ,\",\"- Chăm sóc khách hàng, Kỹ thuật hỗ trợ 24/7\",\"- Hệ thống PCCC hiện đại theo tiêu chuẩn mới nhất.\",\"3. Giá thuê: 350.000 m2/tháng\",\"4. Liên hệ:\",\"- Khách hàng thuê có nhu cầu liên hệ trực tiếp Chủ đầu tư: Ms Thu 0987878949\",\"- Hoa hồng hấp dẫn từ 1,2 - 2 tháng tiền thuê cho đối tác môi giới.\"]', '6d74587e-e6e8-4c0b-9a28-9c195043fe69', '69073558-037e-4f87-ba5a-6f9d43cd397a', 'a332b875-b6eb-482e-a157-fd4eec8250e3', 0.35, 999, '2023-11-05', '2023-11-12 08:45:41', 1),
('c59e1562-3eba-4283-96fc-fae9d9f26bac', 'Cho thuê biệt thự rộng rãi thoáng mát', '0', 'OAEU', 'Địa chỉ: Võ Văn Hát, Phường Long Trường, Quận 9, Hồ Chí Minh', '0b33cc37-101b-4efe-9c09-59c63a9b17ae', 'NCT', '1E1N', 'EN9E', 'CUID', '[\"Nhà biệt thự nguyên căn tầng lầu 2, gồm 3 phòng ngủ, phòng khách, phòng ăn, 3wc, có lối để xe máy, xe ô tô riêng dưới trệt, ko thu phí xe\"]', '3ffe8f33-6238-48f6-bb06-3a82654bfc1a', '506920c1-5409-467b-b166-7a04dc7e4da9', '3511cec2-c910-422b-816b-dbbad7fdcb3b', 12, 200, '2023-11-05', '2023-11-12 08:45:44', 1),
('cdd9f04f-a21c-4a31-a408-3ca9676cc0f2', 'Phòng trọ mới, sạch đẹp, ngay trung tâm, giá rẻ, chính chủ.', '4', 'OQPN', 'Địa chỉ: 358/4 Đường Điện Biên Phủ, Phường 11, Quận 10, Hồ Chí Minh', '6e335db0-47da-4211-9381-2dc97e75c02a', 'CTPT', '3U5N', '2UMD', 'CUID', '[\"Cho thuê phòng trọ, lầu đúc, sạch đẹp,có sân thượng, ngay trung tâm, đối diện bệnh viện Bình Dân, gần trường học, chợ Vườn Chuối, thuận tiện đi lại cho người đi làm, đi học.Có wifi, truyền hình cáp, nước lạnh, nước nóng năng lượng mặt trời, nhà vệ sinh trong phòng, có chỗ để xe trong nhà không tốn phí( mỗi người một chiếc xe không tốn tiền gửi xe ), an toàn.\",\"Khu vực yên tĩnh, an ninh.\",\"Đồng hồ điện, nước riêng.Có thể ở 1 hoặc 2 người.\",\"-Phòng 24m2 có cửa sổ, giá 3.500.000đ/phòng/tháng ( ở 1 hoặc 2 người).\",\"PHÒNG TRỐNG-DỌN VÀO Ở NGAY.\",\"Liên hệ cô Bích Thủy : 0983.344.682\",\"Xem phòng tại 358/4 Điện Biên Phủ P11 Q10 (Khi đến xem phòng xin gọi điện trước).\"]', '5031756b-3785-42cd-a789-d2c848b2848b', '50a25fc4-69b3-447a-9b47-fc53d9a57b02', '25d3aa64-9e93-4332-9200-f58ff76910a1', 3.5, 24, '2023-11-05', '2023-11-13 13:52:06', 1),
('d015c1d2-bc4a-4220-86e9-a3ec4493c174', 'Cho thuê nhà nguyên căn 689/21 Trần Xuân Soạn, Quận 7 giá 5tr/tháng', '2', 'OAEU', 'Địa chỉ: 689/21 Phố Trần Xuân Soạn, Phường Tân Hưng, Quận 7, Hồ Chí Minh', '0422dd3f-dbef-43fd-87bf-816648737d4d', 'NCT', '5U7N', '3UMD', 'CUID', '[\"Cho thuê nhà nguyên căn Trần Xuân Soạn, Quận 7.\",\"- Giá 5tr/tháng.\",\"- Địa chỉ: 689/21 Trần xuân Soạn p. Tân hưng q7.\",\"- Diện tích 4x12, 1 trệt, 1 lầu, nhà nguyên, mới, gần siêu thị, bvien, trường học, gần q1, sát q4, q8...\"]', '7485495a-02dd-410f-a4cf-f7265e56c7e4', '341c3219-cfba-4b27-a0eb-676e662168bd', '5d81e804-c402-4bf8-9057-de1310a9781e', 5, 48, '2023-11-05', '2023-11-13 13:52:22', 1),
('d1f9275e-35a9-4031-aac8-a98d510d25ec', 'Cho Thuê Căn hộ Góc 59m2, 69m2, 81m2 khu Origami đại đô thị Vinhomes Grand Park Quận 9. (Các căn góc đẹp - Giá siêu tốt)', '0', 'OUE9', 'Địa chỉ: S7.05 Đường Nguyễn Xiển, Phường Long Thạnh Mỹ, Quận 9, Hồ Chí Minh', 'f96ad3a3-a251-4ba8-9d1c-b4466b43f2c2', 'CTCH', '5U7N', '7UMD', 'CUID', '[\"Tôi hiện có các căn góc ở Phân Khu Origami – đại đô thị Vinhomes Grand Park Quận 9 mới nhận nhà cần cho thuê:\",\"+ Căn góc 59m2 – 2 Phòng Ngủ đã trang bị sẵn nội thất cơ bản gồm: Tủ bếp hoàn chỉnh được thiết kế rất đẹp, rèm cửa trang bị đủ các phòng.\",\"+ Căn góc 69m2 – 2 Phòng Ngủ + đã trang bị sẵn Nội thất Gồm: Tủ bếp hoàn chỉnh và rèm cửa. (hoặc căn hộ cơ bản có máy lạnh).\",\"+ Căn góc 81m2 – 3 Phòng Ngủ với Full nội thất cao cấp gồm: Tủ bếp hiện đại, rèm cửa, Giường, tủ áo, bàn ăn, sofa … (thiết kế riêng rất đẳng cấp).\",\"- Các căn hộ đều được lựa chọn kỹ khi đều là căn góc thoáng mát, View: vườn la hán Nhật, view nội khu rất đẹp với giá cho thuê cam kết siêu cạnh tranh.\",\"- 100% là hình thật từ tầm view, nội thất, chủ nhà mới chận chưa ai ở còn mùi sơn mới và sẵn thẻ cư dân, nhà trống giao ngay.\",\"- Tất cả các tiện ích: Hồ bơi, sân bóng bàn, bóng đá, quần vợt và công viên 36ha … đều miễn phí. (Có thêm xe bus điện của Vin rất đẹp và hiện đại )\",\"Vị Trí Thuận tiện: Gần khu công nghệ cao, Đại Học: FPT, Sư Phạm Kỹ Thuật …, sát Bên Quận 2 …\",\"+ Là nơi lý tưởng cho 01 gia đình, sinh viên, nhân viên văn phòng ở và làm việc …\",\"Giá siêu cạnh tranh: 5.9 Triệu – 7.5 Triệu – 12.5 Triêu/tháng\",\"Liên hệ: 0937.554.570 (A.Hoàng) .\"]', '212fe5aa-5227-47ac-8bc0-bf4645ba4486', '8a986047-7fc7-4e99-a115-0762e017d4d7', '214a13a7-ecfc-491e-b812-40d840cb7560', 5.9, 70, '2023-11-05', '2023-11-12 08:45:12', 1),
('d2d353c8-73a0-41a4-a656-7feafa69fad0', 'NHÀ THẢO ĐIỀN CÓ SÂN, 3 LẦU - GIÁ CHỈ 20 TRIỆU', '0', 'OAEU', 'Địa chỉ: Đường số 2, Phường Thảo Điền, Quận 2, Hồ Chí Minh', '51bba01f-c117-4d00-9a1c-a7e88db27490', 'NCT', 'EU5N', 'EN9E', 'CUID', '[\"+ Thông tin mô tả:\",\"Diện tích: 5x11m\",\"Kết cấu: 1 trệt 3 lầu, 3 phòng ngủ, 4WC\",\"Giá thuê: 20 triệu/tháng\",\"Khu an ninh tốt\",\"Đường lớn, không ngập nước\",\"Phù hợp làm văn phòng, hoặc ở\",\"Cho thuê lâu dài\",\"0901396167\",\"----------------------\",\"Mọi thông tin chi tiết vui lòng liên hệ: Ms Thuỷ để làm việc chính chủ.\",\"Công ty BĐS Anreal với giỏ hàng phong phú và giá tốt - tư vấn hỗ trợ nhiệt tình.\"]', '2df0ed15-15f7-4573-8209-2e327147e125', '79b51af4-5fba-4a02-82bf-8e63c08a874c', 'b56701cf-c6fa-406e-99a0-a55b0b421b1d', 20, 150, '2023-11-05', '2023-11-13 13:52:24', 1),
('d30e571d-d7e9-41a6-980a-3ffb39a66f20', 'Cho thuê phòng 20m2 nhà mới xây tại 32/40/38 Đường Bùi Đình Túy, Phường 12, Quận Bình Thạnh', '3', 'ONOT', 'Địa chỉ: 32/40/38 Đường Bùi Đình Túy, Phường 12, Quận Bình Thạnh, Hồ Chí Minh', '30c6d66e-34e8-4665-845a-db901e5d940d', 'CTPT', '3U5N', '2UMD', 'CUID', '[\"- Nhà mới xây xong, nội thất đẹp, hiện đại\",\"- Phòng đầy đủ tiện nghi, mát mẻ\",\"- Có máy lạnh, toilet khép kín trong phòng\",\"- Có giường hộp hiện đại, nệm\",\"- Có bàn làm việc, học tập, tủ lạnh\",\"- Có tủ quần áo rộng rãi\",\"- Giặt và phơi quần áo sân thượng, có máy giặt\",\"- Free wifi, nước nóng lạnh năng lượng mặt trời\",\"- Vị trí yên tĩnh, phù hợp cho sinh viên học hành, người đi làm nghỉ ngơi sau giờ làm\",\"- Gần chợ, siêu thị, phòng gym, nhiều tiện ít xung quanh, giờ giấc tự do\",\"- Phòng ban công\",\"- Điện 3,5k/1kw. Nước 100k/ người\"]', '39a3a690-3800-448b-bbd7-73e66c9cf0cf', '722cc3dc-7bb7-4900-b7ee-1cf817c2c19d', '785d678a-9ac4-4bca-b3e7-a89966f2e053', 4.5, 20, '2023-11-05', '2023-11-13 13:52:45', 2),
('d5b1e7c1-939e-4b5f-af8a-f32997f36444', 'Căn hộ mới xây chưa qua sử dụng, ngay Hoàng Hoa Thám, Bình Thạnh bạn hãy người đầu tiên sở hữu, (phòng như hình 1000%)', '0', 'OIAH', 'Địa chỉ: Đường Hoàng Hoa Thám, Phường 7, Quận Bình Thạnh, Hồ Chí Minh', '9faac9d0-ae5e-4c33-9bc1-0d2da731375e', 'CTCH', '7U0N', '3UMD', 'CUID', '[\"ĐỪNG VỘI BỎ QUA CĂN HỘ XINH LUNG LINH NÀY , BẠN SẼ TIẾC ĐẤY!\",\"Căn hộ mới xây chưa qua sử dụng, bạn hãy người đầu tiên sở hữu, (phòng như hình 1000%)\",\"56D Lê Trực, phường 7, quận Bình Thạnh\",\"- Phòng thiết kế theo phong cách hiện đại, trẻ trung\",\"-️ Full nội thất không thiếu thứ gì, chỉ cần xách balo vô ở\",\"- Ban công siêu đẹp, thoáng mát, hầm gửi xe ngay bên dưới nhà, cửa cuốn, camera an ninh, thang máy hiện đại\",\"- ️Nội thất gồm : giường, nệm, chăn, ra, gối, tủ áo lớn, tủ lạnh lớn, bộ bàn ghế sofa, kệ bếp, máy lạnh, máy nước nóng..\",\"Điện 4k/kw\",\"Nước 100k/ người\",\"wifi, giữ xe, dọn vệ sinh, hỗ trợ kĩ thuật free\",\"=>>>>Gọi cho mình ngay bạn nhé:\",\"0933598239\",\"(vui lòng gọi hoặc inbox trước giúp mình)\"]', '333de4c1-43ae-4d93-83e2-b7ab06db769a', 'f2c9bc97-26a0-4421-9664-a3598bb4cf87', '0a7dcb74-f43c-4226-8df6-61d5f1684043', 7.5, 40, '2023-11-05', '2023-11-17 10:47:00', 1),
('d702dfaa-0259-4013-a242-31d2b75c7c0b', '123123', '0', 'AHHA', 'Huyện Hòa Vang, Thành phố Đà Nẵng', 'd3a199ba-dfdf-4bbe-9235-c74bf6ce684a', 'NCT', 'OU1N', NULL, 'NNAE', '\"123123123\"', '7882952d-b225-4303-aaf9-6def2f70a8fa', '946e9bf4-0208-423d-a6e0-6b56f9d8f0da', '9e3a13e6-d690-46fc-9211-efa285a2144b', 0.000012, 12, '2023-11-12', '2023-11-14 01:32:27', 2),
('d9f0be62-a182-4792-8dca-c1059182ab82', '123123', '0', 'OEON', 'Huyện Kiến Thuỵ, Thành phố Hải Phòng', 'a269b6f0-4de2-4e15-bf8f-633eb5684778', 'CTPT', 'OU1N', NULL, 'IUHD', '\"123123123\"', '7882952d-b225-4303-aaf9-6def2f70a8fa', '57f326a9-f222-4e1c-8815-91f5f0eaa058', '787df32a-a87c-4424-98e9-64538fe3bb05', 0.000012, 12, '2023-11-18', '2023-11-18 22:07:46', 1),
('dc40ca9e-40b4-433f-b6f3-1f846ed5cce7', 'PHÒNG TRỌ MỚI SỬA 7/2022 48/13 LƯƠNG THẾ VINH, Phường TÂN THỚI HÒA, TÂN PHÚ (GẦN ĐẦM SEN)', '5', 'OAHN', 'Địa chỉ: 48/13 Đường Lương Thế Vinh, Phường Tân Thới Hòa, Quận Tân Phú, Hồ Chí Minh', '620d3839-566a-43a9-aae6-182a0e2efde7', 'CTPT', '1U2N', '2UMD', 'CUID', '[\"Giá Phòng từ 1700k đến xem đảm bảo ưng ý, cam kết hình đúng với thực tế\",\"Phòng mới sửa chữa cuối tháng 7/2022, địa chỉ 48/13 Lương Thế Vinh Phường Tân Thế Hòa, Q.Tân Phú, nhà hẽm xe hơi lộ giới 5m .\",\"Diện Tích 12m + 8m ( gác lững )\",\"Phòng có tolet riêng, cửa sổ, ban công, có phòng dưới trệt\",\"Cho nấu ăn trong phòng, Ở được 2-4 người, bạn bè lại chơi thoãi mái.\",\"Miễn phí internet, wifi, truyền hình cáp, Camera 15 cái ( an ninh quan sát không góc chết )\",\"Để xe trong sân nhà thoáng mát có bảo vệ coi 24/24\",\"Vị trí gần Đầm Sen, thuận tiện qua lại Q.6, Q.11, Tân Phú\",\"Điện 3,5k/ 1 ký, nước 70k / 1 người, xe 100k/ 1 chiếc .\",\"Xe để sân sau nhà có người quản lý và trông coi ( không chung chủ ) giúp bạn có cảm giác an toàn, thoải mái\",\"LH : 0938.864.405 ( Cường )\"]', '429f8a57-104a-4574-8d72-f6da8e97ba76', 'a6eea606-4608-47c8-809c-4044efb8bd6d', '30cdf4a0-ca8e-485a-933b-f59a74045993', 1.7, 20, '2023-11-05', '2023-11-05 16:36:50', 0),
('e01b90d2-f8f9-42d6-a5b2-00c41e5aeec8', 'CHO THUÊ NHÀ QUẬN 8 102M2 MỚI SẠCH SẼ AN NINH', '0', 'OAEU', 'Địa chỉ: Mễ Cốc, Phường 15, Quận 8, Hồ Chí Minh', '3119521f-52b6-4ab3-8a76-87788e57b52f', 'NCT', '3U5N', 'EN9E', 'CUID', '[\"Nhà 1 trệt 1 lầu, 2 phòng ngủ, 2 nhà vệ sinh, 1 phòng khách 1 nhà bếp, sân trước để xe, 2 kho đựng đồ, có giếng trời, không gian mát, thoáng, nhà mới , sạch sẽ, khu an ninh, yên tĩnh, kế bên chợ Rạch cát 3\"]', '7dde9632-1d69-4c69-b2f9-3a56ade31ebf', '4a6aac45-9460-474c-9550-ed9babe9c131', '57b2deeb-5bb4-4bd4-b4d3-56ac195366c3', 4, 102, '2023-11-05', '2023-11-12 08:46:07', 1),
('e0288497-a3ad-4e70-9e63-9074c92d7c70', 'Căn hộ mới xây 30m2 full nội thất - đường D2 Bình Thạnh', '4', 'ONOT', 'Địa chỉ: 213/8 Đường Nguyễn Gia Trí (D2), Phường 25, Quận Bình Thạnh, Hồ Chí Minh', '06715e50-cb30-40d2-81fd-1e16624ee8b0', 'CTPT', '5U7N', '3UMD', 'CUID', '[\"PHÒNG CHO THUÊ SẠCH ĐẸP, AN NINH, TIỆN NGHI ĐƯỜNG NGUYỄN GIA TRÍ (D2) – BÌNH THẠNH\",\"Chào cả nhà,\",\"Nhằm ổn định nơi ở mới cho các bạn tân sinh viên 2022 cũng như người đi làm, tòa nhà bên mình còn các căn hộ studio cho mọi người lựa chọn như sau:\",\"- Địa chỉ: 213/8 Nguyễn Gia Trí (D2 cũ), P.25, Q.Bình Thạnh, TP. HCM\",\"Cách Đại học: Hutech 100m (đi bộ đi học), Giao Thông Vận Tải (100m), Ngoại Thương (100m), UEF (300m), Hồng Bàng (300m)\",\"- Diện tích:\",\"28m2, 30m2, 33m2, 40m2\",\"Giá thuê:\",\"5,000,000 - 6,200,000/ tháng\",\"Có thể ở từ 4 – 5 người/ phòng\",\"- Tiện ích căn phòng:\",\"Máy lạnh 1,5 ngựa tiết kiệm điện\",\"Tủ lạnh\",\"Máy giặt (ở hành lang)\",\"Có chỗ phơi đồ rộng rãi, thoáng mát\",\"Tủ quần áo gỗ\",\"Cửa sổ thoáng mát\",\"Bếp nấu ăn + bồn rửa chén\",\"Tủ chén treo tường\",\"Toilet riêng trong phòng + thiết bị vệ sinh hiện đại\",\"Tầng đúc kiên cố rộng 12m2 trong phòng\",\"Wifi riêng cho từng phòng, rất mạnh\",\"-Tiện ích tòa nhà:\",\"Có đội ngũ bảo vệ tòa nhà 24/24\",\"Camera an ninh khắp tòa nhà đảm bảo an ninh tuyệt đối\",\"Có đội ngũ quản lý toà nhà sẵn sàng hỗ trợ\",\"Thang máy phân tầng hiện đại\",\"Giờ giấc tự do\",\"Dịch vụ vệ sinh tòa nhà 3 lần/ tuần miễn phí, đảm bảo luôn sạch sẽ, gọn gàng, ngăn nắp\",\"Điện: 4k/kw; nước: 100k/ người/ tháng; giữ xe: 150k/ xe/ tháng\",\"Mời cả nhà nhanh tay đặt phòng!\",\"Xin mời liên hệ:\",\"093 510 1516 (Ms Đào) ; 090 1377 959 (Mr. Huy)\"]', '3257389d-9561-4cf6-aa70-43575b2335b6', '2057f7ea-4ae0-4fe8-9625-9e3e8707a3af', '0f3d20bf-b593-4f21-85d1-81e580c66f31', 5, 30, '2023-11-05', '2023-11-05 16:36:50', 0),
('e638b9c6-6dac-49f8-9c70-3e6ae79765cd', 'Căn hộ mini ngay Himlam bao đẹp sát lotte quận 7', '0', 'OICA', 'Địa chỉ: Đường D1, Quận 7, Hồ Chí Minh', 'e4703574-a0a5-4f53-a498-15dc01948c32', 'CTCH', '5U7N', '2UMD', 'CUID', '[\"Bên mình còn hai phòng trong tòa chung cư 6 tầng ngay Himlam Q7, phòng giá 6tr500\",\"Phòng có sẵn máy lạnh , kệ bếp , toilet , rộng từ 20-25m2.\",\"Nằm ngay trung tâm q7 nên đi lại thuận tiện giao thông, gần đường lớn , siêu thị , trường học , trung tâm mua sắm chỉ mất 5p chạy xe . Dân cư đông, an ninh tốt, tiện ích quán ăn, cửa hàng...\",\"Để xe trong nhà an ninh, sạch sẽ, thoáng mát, rộng rãi.\",\"Camera, nhân viên trông coi, hỗ trợ sửa chữa lắp đặt nội thất ko mất phí\",\"Phòng đang trống vào ở ngay ALO trước để được xem và tìm cho mình phòng như ý .\",\"Call: 0777.077.612 (gọi trực tiếp hoặc nhắn zalo)\",\"#chothue #chothuequan7 #canhomini #himlam #chothuephong #chothuecanhomini #chungcu\"]', '34131a2d-7a79-4e37-b35a-458715fbad89', 'e9def6dd-b2a7-402c-aa1a-3cf9c22338fc', 'e8c904cf-c362-41bb-84ed-ff3fbeaf15e1', 6.5, 20, '2023-11-05', '2023-11-12 08:46:05', 1),
('e71f3d38-060c-4e48-8b0e-e29ddaa935c7', 'PHÒNG KTX ĐẠI HỌC CÔNG NGHIỆP (200M) THANG MÁY, MÁY LẠNH, MÁY GIẶT, WIFI, BẾP', '5', 'OUHO', 'Địa chỉ: 60/18A Đường Huỳnh Khương An, Phường 5, Quận Gò Vấp, Hồ Chí Minh', 'ac7cf24b-19cd-43d9-8ebe-834aa9441a61', 'CTPT', 'OU1N', '2UMD', 'CUID', '[\"Be Home ký túc xá đáng sống.\",\"Ngay cổng 4 đại học Công Nghiệp TP. HCM - 200m. Đi bộ 3P.\",\"Giờ giấc tự do.\",\"Ưu đãi giá 900k/tháng đầu tiên cho 20 bạn đăng kí sớm nhất.\",\"Địa chỉ: 60/18A Huỳnh Khương An, Phường 5, Quận Gò Vấp, TP. HCM.\",\"Không gian rộng, có cửa sổ.\",\"Trang bị giường, nệm và drap mới.\",\"Máy lạnh.\",\"Nhà vệ sinh riêng.\",\"Có bếp nấu ăn riêng trong phòng.\",\"Hệ thống wifi công nghiệp mạnh mẽ, ổn định.\",\"Trang bị máy giặt và nơi phơi đồ.\",\"Không gian đảm bảo luôn được vệ sinh sạch sẽ.\",\"Thang máy tiện lên xuống, camera an ninh, bảo vệ 24/7.\",\"Khu tập thể dục thể thao rộng rãi.\",\"Đảm bảo điều kiện sống cho bạn một cách tốt nhất.\",\"Phòng 6 giường.\",\"Giá: 1tr3/người phòng thường.\",\"1tr5/người phòng máy lạnh.\",\"Liên hệ: 0896.119.779 (Zalo + SDT)\"]', '7f63aaec-460c-4cdb-b175-937718025b67', 'a5588140-fd71-4a63-9e72-4208433a83f3', 'df038eda-56ec-4cd8-b4e0-9683bbebca56', 0.9, 28, '2023-11-05', '2023-11-12 08:46:09', 1),
('e90c874e-983f-4982-a49e-826e496d7a21', 'Cho thuê trang trại chăn nuôi heo, có chuồng heo xây sẵn sức chứa 300 con, hệ thống điện nước đầy đủ', '0', 'OEAN', 'Địa chỉ: Đường Bửu Long, Xã Tân Bình, Huyện Vĩnh Cửu, Đồng Nai', '3099cea4-e49d-4664-85bd-663b586fdd3b', 'CTMB', '5U7N', 'EN9E', 'NNNE', '[\"Cần cho thuê trang trại chăn nuôi heo, gấn trung tâm khu du lịch Bửu Long, Đồng Nai.\",\"Chuồng xây sẵn, hệ thống điện nước đầy đủ.\",\"Có nhà cấp 4 ở lại, tiện sinh hoạt, chăn nuôi, thích hợp cho gia đình yêu thích nông nghiệp, muốn phát triển mô hình vườn, ao , chuồng,...\",\"Liên hệ: Cô Thanh 0913609230 hoặc anh Anh 0903627665\"]', '772e5461-92a4-45d0-a63d-0fb819390189', '06662a89-806a-4aae-aca7-09b5c34bfdb6', 'c200c817-e66e-4846-90b8-c41e3ac0583f', 5, 1000, '2023-11-05', '2023-11-12 08:46:03', 1),
('eaf9c801-a06e-4504-a089-54104f032e10', 'Phòng máy lạnh, giường, máy giặt đầy đủ tiện nghi', '4', 'OOPN', 'Địa chỉ: 350 Đường Huỳnh Tấn Phát, Phường Bình Thuận, Quận 7, Hồ Chí Minh', 'ca31b498-8691-4102-b8ad-7e140ee7c142', 'CTPT', '2U3N', '2UMD', 'CUID', '[\"Bên mình còn 1 phòng dịch vụ bên Quận 7\",\"1.) Phòng có máy lạnh, giường, máy giặt giá 2tr3 . Địa chỉ: 350 Huỳnh tấn phát Q7\",\"Liên hệ: 0931313570\"]', '99fdc74c-c886-480d-8a9d-448ff9677837', '256870ff-4206-4d73-9177-92bf0c78f433', '3a72fa8d-3805-49ef-ab25-c92e9e5a746f', 2.3, 20, '2023-11-05', '2023-11-13 13:52:27', 1),
('eb0a0168-fe04-4edb-aa94-0c3c33efcd3e', '1234123412', '0', 'OYAH', 'Huyện Phù Mỹ, Tỉnh Bình Định', '2aa04d7f-7472-4e06-bdd9-3d9243a35c73', 'CTMB', 'OU1N', NULL, 'NUĐD', '\"12341234\"', '6637c0c8-17d4-493f-9c36-426ec131f672', '3c366423-555e-4d86-a591-015a72ee8582', 'af9ecbfe-77ce-4a93-82b9-dbd77693e168', 0.000023, 3, '2023-11-19', '2023-11-19 00:20:41', 0),
('ec54a519-0d19-423c-8e9b-00932bb82d1c', 'PHÒNG CHO THUÊ NGAY LOTTE Q.7 - CHỈ TỪ 3TR - BAO GIÁ TỐT - Alo 0988.373.731', '4', 'OOPN', 'Địa chỉ: 80 Đường số 3, Phường Tân Kiểng, Quận 7, Hồ Chí Minh', '94a33611-73cf-4b63-b71b-0f64a731f842', 'CTPT', '3U5N', '2UMD', 'CUID', '[\"Các tiện ích chỉ có ở tại Fullhouse ngay Lotte Q.7. 100% cư dân đều đã chích vacxin 2 mũi và dân trí cao, tuân thủ 5K và pháp luật.\",\"Ngay Lotte Q.7 (đi bộ 2 phút đến đại siêu thị)! Alo ngay: 0988.373.731 Ms Hòa.\",\"Ngay dưới tòa nhà là \\\"Thiên đường Ốc\\\" đủ các món ăn ngon\",\"Căn phòng dành cho bạn thì đầy đủ tiện nghi, tiết kiệm điện và bảo vệ môi trường với hệ đèn LED - Nước nóng năng lượng mặt trời - Máy lạnh Inverter - WC và bếp riêng tiện nghi và tự do.\",\"Tòa nhà luôn được vệ sinh sạch sẽ để bảo vệ sức khỏa toàn bộ dân cư.Tòa nhà xài hệ thống NLMT và máy lạnh Inverter giúp tiết kiệm điện.\",\"Tòa nhà 8 tầng mới xây sạch,đẹp,văn minh thoáng mát, an ninh. Liền kề 5 phút đến Q1, Q4, Q5, Q8, Crescent Mall, SC Vivo, vị trí vàng đẹp Q. 7...Thuê chỗ ở bây giờ cần phải đảm bảo an toàn PCCC tuyệt đối. Tòa nhà căn hộ cho thuê cao cấp của chúng tôi có thẩm duyệt PCCC và đã nghiệm thu PCCC kèm theo bảo hiểm đảm bảo an toàn cho toàn bộ cư dân sống và làm việc tại đây, có an cư, an toàn mới lạc nghiệp.\",\"Giá từ 3.0 - 4.5 triệu/tháng, bao giá tốt khắp khu vực.\",\"Alo ngay: 0988.373.731 Ms Hòa.\",\"Đảm bảo 100% sự hài lòng.\",\"80 Đường Số 03, P. Tân Kiểng, Q. 7 - LH: 0988.373.731 Ms Hòa.\"]', '6e1b457c-4278-419c-b763-c50837e346bf', '16178cf8-6190-453d-84d6-37f03df8a812', 'ee61ab96-72c6-4f2b-be0f-159c9ff1d291', 3, 25, '2023-11-05', '2023-11-12 08:46:00', 1),
('ecbfd1a1-80eb-462f-916b-eabbfa882778', 'Phòng sạch, đẹp 16m2, có sẵn nội thất chỉ từ 3,2 Triệu đến 3,5 Triệu/tháng tại Đinh Bộ Lĩnh, Phường 26, Bình Thạnh', '3', 'ONOT', 'Địa chỉ: Đường Đinh Bộ Lĩnh, Phường 26, Quận Bình Thạnh, Hồ Chí Minh', 'db61dff3-9f5a-49da-bedc-315870d935e7', 'CTPT', '3U5N', 'ON2E', 'CUID', '[\"Cho thuê phòng trọ mới đẹp diện tích 16m2 tại hẻm 6m Đường Đinh Bộ Lĩnh, Phường 26, Quận Bình Thạnh\",\"Phòng gồm có wc riêng biệt sạch sẽ, sinh hoạt thuận tiện. Phòng có cửa sổ và thông gió mát mẽ, thoáng\",\"Có sẵn một số nội thất như: giường, tủ, máy quat, máy lạnh, máy năng lương,\",\"Miễn phí rác, bãi xe.\",\"Giờ giấc sinh hoạt tự do\",\"Khu an ninh, xung quanh có đầy đủ các tiện ích. Cách trung tâm chỉ 5 phút\",\"Giá thuê chỉ: 3.200.000đ/tháng đến 3.500.000đ/tháng\",\"Liên hệ xem phòng: 0903934756\"]', '69872723-7a2f-4136-a700-928eec35e0a4', '7ca34217-672d-4f76-8b70-662dafe5ce38', '288a74db-0d20-4a10-b6da-f853f30b5c09', 3.2, 16, '2023-11-05', '2023-11-12 08:45:57', 1),
('f224636a-117b-48e0-82ba-9a718ca6337e', '123123', '0', 'ONAI', 'Huyện Hoài Ân, Tỉnh Bình Định', 'e4303d9e-1b83-4088-961e-31bb2037a8f9', 'CTCH', 'OU1N', NULL, 'NUĐD', '\"123123\"', '6637c0c8-17d4-493f-9c36-426ec131f672', '58aa0d15-a477-438e-96da-43938fda6b21', '6bf1f898-7e50-41b5-bd6a-46d2c823b1a4', 0.000012, 2, '2023-11-18', '2023-11-18 21:49:59', 1),
('f91788b3-9962-408d-8d11-0cc045861b40', '123', '0', 'OEAL', 'Huyện Hạ Lang, Tỉnh Cao Bằng', '4fd7665b-d0c1-438f-840c-809f76348259', 'CTMB', 'OU1N', 'EN9E', 'ONAE', '\"123\"', '7882952d-b225-4303-aaf9-6def2f70a8fa', '40a0f24c-e158-4eb6-893b-c0dd0e871c96', 'da6a819c-eaee-45c5-98c7-13ab469dc82c', 0.001231, 123, '2023-11-18', '2023-11-18 17:14:02', 0),
('fbf4153a-1a10-42a3-b2a6-354a9b4ee4eb', 'Cho thuê nhà nguyên căn tại Ngõ Gốc Đề', '0', 'OONM', 'Địa chỉ: Phường Hoàng Văn Thụ, Quận Hoàng Mai, Hà Nội', '61690931-8446-49cc-844c-f7f65721312a', 'NCT', '7U0N', '3UMD', 'NDOE', '[\"Địa chỉ: Ngách 15/47 ngõ Gốc Đề\",\"Diện tích đất 30m2.\",\"4 tầng, 1 tum rộng rãi để phơi phóng\",\"Mặt tiền 4,3m\",\"Chủ nhà có mong muốn cho hộ gia đình thuê để giữ nhà.\",\"Liên hệ: 0979698768 (vui lòng nhắn tin Zalo trước khi gọi điện)\"]', '4c802a71-9792-4953-9439-3c49e15de442', '1e1cd2d1-4b9e-4c60-9c78-b882165b86dc', 'c455f02e-c726-4d41-9611-e6e7bc79e2f6', 8, 30, '2023-11-05', '2023-11-12 08:45:50', 1);

-- --------------------------------------------------------

--
-- Cấu trúc bảng cho bảng `prices`
--

CREATE TABLE `prices` (
  `id` int(11) NOT NULL,
  `order` int(11) DEFAULT NULL,
  `code` varchar(255) DEFAULT NULL,
  `value` varchar(255) DEFAULT NULL,
  `createdAt` datetime NOT NULL,
  `updatedAt` datetime NOT NULL
) ENGINE=InnoDB DEFAULT CHARSET=utf8mb4 COLLATE=utf8mb4_general_ci;

--
-- Đang đổ dữ liệu cho bảng `prices`
--

INSERT INTO `prices` (`id`, `order`, `code`, `value`, `createdAt`, `updatedAt`) VALUES
(1, 1, 'OU1N', 'Dưới 1 triệu', '2023-11-05 16:36:15', '2023-11-05 16:36:15'),
(2, 2, '1U2N', 'Từ 1 - 2 triệu', '2023-11-05 16:36:15', '2023-11-05 16:36:15'),
(3, 3, '2U3N', 'Từ 2 - 3 triệu', '2023-11-05 16:36:15', '2023-11-05 16:36:15'),
(4, 4, '3U5N', 'Từ 3 - 5 triệu', '2023-11-05 16:36:15', '2023-11-05 16:36:15'),
(5, 5, '5U7N', 'Từ 5 - 7 triệu', '2023-11-05 16:36:15', '2023-11-05 16:36:15'),
(6, 6, '7U0N', 'Từ 7 - 10 triệu', '2023-11-05 16:36:15', '2023-11-05 16:36:15'),
(7, 7, '1E1N', 'Từ 10 - 15 triệu', '2023-11-05 16:36:15', '2023-11-05 16:36:15'),
(8, 8, 'EU5N', 'Trên 15 triệu', '2023-11-05 16:36:15', '2023-11-05 16:36:15');

-- --------------------------------------------------------

--
-- Cấu trúc bảng cho bảng `provinces`
--

CREATE TABLE `provinces` (
  `id` int(11) NOT NULL,
  `code` varchar(255) DEFAULT NULL,
  `value` varchar(255) DEFAULT NULL,
  `createdAt` datetime NOT NULL,
  `updatedAt` datetime NOT NULL
) ENGINE=InnoDB DEFAULT CHARSET=utf8mb4 COLLATE=utf8mb4_general_ci;

--
-- Đang đổ dữ liệu cho bảng `provinces`
--

INSERT INTO `provinces` (`id`, `code`, `value`, `createdAt`, `updatedAt`) VALUES
(1, 'CUID', 'Hồ Chí Minh', '2023-11-05 16:36:50', '2023-11-05 16:36:50'),
(2, 'NDOE', 'Hà Nội', '2023-11-05 16:36:50', '2023-11-05 16:36:50'),
(3, 'NNNE', 'Đồng Nai', '2023-11-05 16:36:50', '2023-11-05 16:36:50'),
(4, 'NUDD', 'Bình Dương', '2023-11-05 16:36:50', '2023-11-05 16:36:50'),
(5, 'NNAE', 'Đà Nẵng', '2023-11-05 16:36:50', '2023-11-05 16:36:50'),
(6, 'NUĐD', 'Bình Định', '2023-11-05 16:36:50', '2023-11-05 16:36:50'),
(7, 'NUTD', 'Bình Thuận', '2023-11-05 17:58:00', '2023-11-05 17:58:00'),
(8, 'ONAE', 'Cao Bằng', '2023-11-06 07:25:21', '2023-11-06 07:25:21'),
(9, 'MDAE', 'Cà Mau', '2023-11-06 07:34:21', '2023-11-06 07:34:21'),
(10, 'FDI', '', '2023-11-06 07:37:50', '2023-11-06 07:37:50'),
(11, 'NUPD', 'Bình Phước', '2023-11-06 07:39:58', '2023-11-06 07:39:58'),
(12, 'IUHD', 'Hải Phòng', '2023-11-13 11:44:05', '2023-11-13 11:44:05'),
(13, 'GNAE', 'An Giang', '2023-11-13 15:05:04', '2023-11-13 15:05:04'),
(14, 'KNLE', 'Đắk Lắk', '2023-11-17 08:08:49', '2023-11-17 08:08:49');

-- --------------------------------------------------------

--
-- Cấu trúc bảng cho bảng `sequelizemeta`
--

CREATE TABLE `sequelizemeta` (
  `name` varchar(255) NOT NULL
) ENGINE=InnoDB DEFAULT CHARSET=utf8 COLLATE=utf8_unicode_ci;

--
-- Đang đổ dữ liệu cho bảng `sequelizemeta`
--

INSERT INTO `sequelizemeta` (`name`) VALUES
('create-area.js'),
('create-attribute.js'),
('create-category.js'),
('create-image.js'),
('create-label.js'),
('create-overview.js'),
('create-post.js'),
('create-price.js'),
('create-province.js'),
('create-user.js');

-- --------------------------------------------------------

--
-- Cấu trúc bảng cho bảng `users`
--

CREATE TABLE `users` (
  `id` varchar(255) NOT NULL,
  `name` varchar(255) DEFAULT NULL,
  `password` varchar(255) DEFAULT NULL,
  `phone` varchar(255) DEFAULT NULL,
  `zalo` varchar(255) DEFAULT NULL,
  `createdAt` datetime NOT NULL,
  `updatedAt` datetime NOT NULL,
  `fbUrl` varchar(255) NOT NULL,
  `avatar` longblob NOT NULL,
  `money` int(11) NOT NULL DEFAULT 0
) ENGINE=InnoDB DEFAULT CHARSET=utf8mb4 COLLATE=utf8mb4_general_ci;

--
-- Đang đổ dữ liệu cho bảng `users`
--

INSERT INTO `users` (`id`, `name`, `password`, `phone`, `zalo`, `createdAt`, `updatedAt`, `fbUrl`, `avatar`, `money`) VALUES
('1d13ad27-31f6-4e5d-89e8-2d14c7113689', 'Lê Đức cường', '$2a$12$eRD3UUSqTNUs1GcM2v9PKeX9TWKVSGv1TtYRqb3xnA67L1SOXhlVy', '0888880132', '0888880132', '2022-08-23 05:08:43', '2022-08-23 05:08:43', '', '', 0),
('1f377939-3544-4436-9793-49f821c17d5f', '12345', '$2a$12$DEx791LSzzCT6ZJaEv5hC.T8RF6LXPPYPK49BMKCMWAnf7/VqjLv2', '12345798', NULL, '2023-10-28 13:46:58', '2023-10-28 13:46:58', '', '', 0),
('1ff9444b-6274-4586-a53f-823f717beddb', 'Nguyễn Hoàng Nhân', '$2a$12$CVURdzG.P.GQwxUFWT/l8ua7HSPc9DpOq9gL/QTwMTaewcwlrmMAS', '0937475715', '0937475715', '2023-11-05 16:37:03', '2023-11-05 16:37:03', '', '', 0),
('212fe5aa-5227-47ac-8bc0-bf4645ba4486', 'hoangle2706', '$2a$12$W8iyw2oaqwsbEsAHeSBaZe5nB/PAMxCXWYfbPwSQTwvJRizzwVef6', '0937554570', '0937554570', '2023-11-05 16:37:06', '2023-11-05 16:37:06', '', '', 0),
('23fec5f0-fc2d-41a5-87e0-510c752f066b', 'Nguyễn Phạm Đức Cường', '$2a$12$5YUduQ5R/9QZgFTxQqfI0OarsOvnw1l2SPk46Krdrk/uGN9vDUa2e', '0938864405', '0938864405', '2022-08-23 05:13:30', '2022-08-23 05:13:30', '', '', 0),
('248390b0-0f6b-4586-8650-082073d2bf34', 'Hoàng Phúc', '$2a$12$ZDPD2B808Ma6lNNMdeORbO/o2Rklc.10Gfv5aBrhvuwi/./9u9ijS', '0931313570', '0931313570', '2022-08-23 05:13:30', '2022-08-23 05:13:30', '', '', 0),
('25e07b93-e3c8-473c-8bfc-829b7b16593b', 'Phan Trọng An', '$2a$12$11Q7kkSzik9vU6SAM5oRrewUUfzlCCRcdEImlMG/wDotjnFubBfSS', '0393995122', '0896430001', '2023-11-05 16:36:59', '2023-11-05 16:36:59', '', '', 0),
('260ba1ec-c0bf-480a-a9d6-da8795e19eec', 'Trương Quang Cường Quốc', '$2a$12$3XZa80o9WuiUF35.bNIpFeSqIcSGjvuQIgVHUsi3JPxopRK1wA0Ou', '0822141489', '0822141489', '2023-11-05 16:36:59', '2023-11-05 16:36:59', '', '', 0),
('269a78d6-8acd-48d7-af6f-03d6ebccbc8b', 'nhathuequan2', '$2a$12$iNa1ZJpOfmaz.nFkrR2HruH0sydT/eupgupjUhgsP06J7iEPxlA52', '0901396167', '0901396167', '2022-08-23 05:12:15', '2022-08-23 05:12:15', '', '', 0),
('2709f6bf-f019-469a-8d01-63154a95415a', 'hoangle2706', '$2a$12$inNd/33aAKryIyaG2i0fnuidI5Cf78rdzCzV.4.LlMgvGG617FsW6', '0937554570', '0937554570', '2022-08-23 05:12:03', '2022-08-23 05:12:03', '', '', 0),
('2df0ed15-15f7-4573-8209-2e327147e125', 'nhathuequan2', '$2a$12$82Ho8FmozQHQmE8aj6A9seCzrajHUoDxdos8kKQQ5iG4ouC1KvfEi', '0901396167', '0901396167', '2023-11-05 16:37:12', '2023-11-05 16:37:12', '', '', 0),
('2dfeabf5-a29e-469c-b895-eca2bcfef55c', 'Nguyen Thi Bich Thuy', '$2a$12$buGeUrJoGhDsQnA.2v7XO.lQ921jSKNxFmJImBvejqJ6UMUEsFYRO', '0983344682', '0983344682', '2022-08-23 05:13:29', '2022-08-23 05:13:29', '', '', 0),
('30f82a09-a78b-4549-8667-5ed6eb230836', 'Nguyễn Văn Bên', '$2a$12$6OCykn66n7mqWY55eTTvp.88KmsronEGZVmVT2jkIBiCtR5EPIWxS', '0904509552', '0904509552', '2023-11-05 16:37:02', '2023-11-05 16:37:02', '', '', 0),
('3257389d-9561-4cf6-aa70-43575b2335b6', 'Bích Đào', '$2a$12$kb5HGLDobWKGx6/LJ0REpu9iWrIQnlvd73FkghgRqi.GXpEMQI9ZK', '0935101516', '0935101516', '2023-11-05 16:36:53', '2023-11-05 16:36:53', '', '', 0),
('333de4c1-43ae-4d93-83e2-b7ab06db769a', 'Trần thanh hải', '$2a$12$9Bk8vLODVtAdOAZi4utWRuY0u1GqUdX3h4NLydaxetEp/QmFoVovm', '0933598239', '0933598239', '2023-11-05 16:37:07', '2023-11-05 16:37:07', '', '', 0),
('34131a2d-7a79-4e37-b35a-458715fbad89', 'An An', '$2a$12$eMnB1p9/qpSelLd1NEGZdeW6X3htsCGv/6Xoax5zFS9CZGeDZllkO', '0777077612', '0777077612', '2023-11-05 16:37:06', '2023-11-05 16:37:06', '', '', 0),
('343e2fb8-dfa4-43fc-9eb8-caa1ef011320', 'QuanVu', '$2a$12$doiKKuaVssv2kKXKrt5AgeJPoqhiGRGVKWe/0.nwoS28vSOuWsFpu', '0911223344', NULL, '2023-11-04 07:03:16', '2023-11-04 07:03:16', '', '', 0),
('35166ebe-a338-401d-976a-1ae2945435bb', 'Nguyễn Hoàng Nhân', '$2a$12$0ir6kUWvio0Ok6HFKzm7BuVsLVdGYglWBIK8drJv2yogTPhQtyiVy', '0937475715', '0937475715', '2022-08-23 05:10:38', '2022-08-23 05:10:38', '', '', 0),
('35d35ebb-8b8f-47d5-8ff2-e30f76d549d1', 'Quan Vu Vu', '$2a$12$3ZJmSzWj0xqTdTJpLsg6hOsTR08A6HtnyJurk2ToQVOfvUuaVTG3S', '41234', NULL, '2023-11-18 16:46:28', '2023-11-18 16:46:28', '', '', 0),
('36552546-a0eb-41d6-96e3-4b63b76bb298', 'TÂN', '$2a$12$uv97PmmqwzTK2.mqmZRBxeS4A9Mp.tiovtED6iAJCAh/LZX9vzM1m', '0939273338', '0939273338', '2023-11-05 16:37:02', '2023-11-05 16:37:02', '', '', 0),
('38cd5ee3-679f-4d80-ad74-0d73a04310e8', 'hoangle2706', '$2a$12$L6hKbQgXv4flMvLa3fC3kORkiGxB.UqWeSX6k6zAzBks6HvNTyfF2', '0937554570', '0937554570', '2022-08-23 05:08:38', '2022-08-23 05:08:38', '', '', 0),
('39a3a690-3800-448b-bbd7-73e66c9cf0cf', 'Loan', '$2a$12$/SldOoZn1LH4UMhzJBZU4uDHmTZawpjC7e3GAAQsPs7MdT5JMpUtO', '0978111919', '0978111919', '2023-11-05 16:36:55', '2023-11-05 16:36:55', '', '', 0),
('3d890b6f-c7ae-43f3-80c6-f8c98616d3ac', 'thutt89', '$2a$12$.eBcei57d1XHf8ALSb5r3efT3D9cE4PO2DbH5S5vhf4gHALXs21v2', '0987878949', '0987878949', '2022-08-23 05:08:45', '2022-08-23 05:08:45', '', '', 0),
('3fb25744-881b-4b1c-ba0f-3de92a6d247b', 'hoangle2706', '$2a$12$J.5gOqgUHMDcVcBIgCnZDu8KLbgoZD8XxIBG3cgJg6BNo51QxqPc6', '0937554570', '0937554570', '2023-11-05 16:36:56', '2023-11-05 16:36:56', '', '', 0),
('3ffe8f33-6238-48f6-bb06-3a82654bfc1a', 'Nguyễn huy cao', '$2a$12$BVO4gmTePzHORbfWQ5U3d.lHZov83t985AMuPtBXlKbHqvATpgzPa', '0937114757', '0937114757', '2023-11-05 16:37:11', '2023-11-05 16:37:11', '', '', 0),
('41620914-ef14-42af-825b-711501dcfbe8', 'Quan', '$2a$12$Ck1VduQFwjabrMLVS8K9..SsQH9wdEa8rLUluJXHfjjMcfbstaKg2', '0965222226', NULL, '2023-10-28 06:41:26', '2023-10-28 06:41:26', '', '', 0),
('41a35ee4-8404-4bfd-bad2-c7def66f0ade', 'Nguyễn Mỹ Cảnh', '$2a$12$K0B3kLgTmA9tQASGD5itb.yt1empnjQP66LxGHbh3TXN0sS1vXj6m', '0858700057', '0858700057', '2022-08-23 05:08:42', '2022-08-23 05:08:42', '', '', 0),
('429f8a57-104a-4574-8d72-f6da8e97ba76', 'Nguyễn Phạm Đức Cường', '$2a$12$gQQmcm4Kt/0sUnovKvZWCOI1YsE7fFXUfXB70mnimc52xKOFUjTne', '0938864405', '0938864405', '2023-11-05 16:36:52', '2023-11-05 16:36:52', '', '', 0),
('4976ddc1-ccae-4c77-8ca5-955fb8ff3145', 'Van Helen', '$2a$12$2WPvxJ.ksYfy1InIwCKqVuLhPbL3eEzsFbqVP6VoWVL/yLbvxaM9G', '0902395366', '0902395366', '2022-08-23 05:12:12', '2022-08-23 05:12:12', '', '', 0),
('4aa27b9a-fbae-4083-ac6e-942d1268b28a', 'An An', '$2a$12$mbi/AWjzMTsUupLMLgMLaOlNX4df0vmVkEwocYekg08jP6bX6J172', '0777077612', '0777077612', '2022-08-23 05:10:42', '2022-08-23 05:10:42', '', '', 0),
('4bab3057-ee8a-47ff-af4b-6cc180a31eba', '123123', '$2a$12$JxSZyx.Mt3kyuwgwZ4uklO2zUHovcSKZWr4SQJTfHCw4Ui7KG9vaq', '1231231', NULL, '2023-11-04 08:03:51', '2023-11-04 08:03:51', '', '', 0),
('4c802a71-9792-4953-9439-3c49e15de442', 'Hoàng Dung', '$2a$12$m.eY4C9sW8f12MLpqol2XuGunLSDPeLukSIv8eMp2cmRn8l6Qp.N2', '0979698768', '0979698768', '2023-11-05 16:37:12', '2023-11-05 16:37:12', '', '', 0),
('4cb2bd74-801c-4a80-adde-d4eb855ad6ae', 'Dương Ngọc Thủ', '$2a$12$bfu505929742JT4/Ucy9vO2gkVNs/knr164DkltjOB55YJ/DiKRjm', '0902973753', '0902973753', '2023-11-05 16:37:10', '2023-11-05 16:37:10', '', '', 0),
('4d9276a1-e0d9-4bc9-9106-a9685cb2bdfd', 'diep quoc hung', '$2a$12$5WZC.Zti/sCND0rPRfCT6uvxKLp0zg.JF86/FW1gLzF6yhQZNvb0G', '0908381668', '0908381668', '2022-08-23 05:12:06', '2022-08-23 05:12:06', '', '', 0),
('4ee0efa0-3d02-4838-81a1-45e36d114e4e', 'Quang Minh Phú', '$2a$12$nkjQZvENKCXTD1nBcZHgtuRpv1lzVjMxfRh0j5YTXZyIQkaV5P/s.', '0768919886', '0768919886', '2022-08-23 05:08:40', '2022-08-23 05:08:40', '', '', 0),
('4ee3c8ab-f67e-40b7-ae3d-bc56f1299dae', 'Hồng Nhật', '$2a$12$CgS43UB/HQszQSx353ft4Oqrnwu4dHWfZ/VOK9SIJJ8BdDVtC08r.', '0764997999', '0764997999', '2022-08-23 05:08:35', '2022-08-23 05:08:35', '', '', 0),
('4f446fd8-2bcf-4f01-9b08-1765ebe19e49', 'Anh Cảnh', '$2a$12$85hTE9BPvWIZTXHJNIHYb.DYoW4Gh1kpt9Q/.0MxfWLmnL2FADeCu', '0913635257', '0913635257', '2023-11-05 16:36:54', '2023-11-05 16:36:54', '', '', 0),
('5031756b-3785-42cd-a789-d2c848b2848b', 'Nguyen Thi Bich Thuy', '$2a$12$mWDizOShihFyjEcB6EgCH.VKLikNgcaLUvX1D2lFzViBJ7MrB2PLu', '0983344682', '0983344682', '2023-11-05 16:36:54', '2023-11-05 16:36:54', '', '', 0),
('5819ceb9-f8af-44ea-b05b-b4b6e1a96bba', 'Trương Đình Tiến', '$2a$12$RnmhTPeWn0bjMuetPpU.4OgwK1nWG9oHiQIVeCu3knyW9WPwJ7/Zi', '0974422927', '0974422927', '2022-08-23 05:10:41', '2022-08-23 05:10:41', '', '', 0),
('5917a53b-59b1-4ff9-882d-7697c360bdea', 'Trần Văn Định', '$2a$12$ybQ6oKDgWTQmRC7b8905KullEL3im8vxxZkUXjGn4r0Xr.IESdl96', '0377896738', '0377896738', '2023-11-05 16:36:57', '2023-11-05 16:36:57', '', '', 0),
('59e72025-5a8d-4640-b77e-79c82cdea9c6', 'Nguyễn Thị Liên', '$2a$12$jqOe6kfXdBOQq.qgi0H59OVzV2f2DcDzlgXnGA5Vuug0Xt1ZoTL..', '0931162255', '0931162255', '2022-08-23 05:10:37', '2022-08-23 05:10:37', '', '', 0),
('5c100d96-87dc-4d82-b0a3-94cfaeef28cd', 'An An', '$2a$12$05BlbJRqFF4P9NU6wb1EgOVoyVR8a2u7.QjXU.bWL7BjQN6gE/aIC', '0777077612', '0777077612', '2023-11-05 16:37:07', '2023-11-05 16:37:07', '', '', 0),
('5d6f4d1a-13ef-461f-9026-73b853867869', 'Dương Ngọc Thủ', '$2a$12$.5uhOnQa1tt1l/hFCvKJJ.HeR/tHrvgKZNcCpCgHPTx1tQRHfvbgy', '0902973753', '0902973753', '2022-08-23 05:12:03', '2022-08-23 05:12:03', '', '', 0),
('5eee0010-c6e1-45e0-94b5-2c9db501269a', 'Văn Chung', '$2a$12$llcmHrbT/kJF/jJMMdxEMuTkLatTxrkaIHQGcZ4Q3w8ABCvBPns3m', '0896119779', '0896119779', '2023-11-05 16:36:52', '2023-11-05 16:36:52', '', '', 0),
('5fbff5e7-9c7e-4e3d-b2af-779902190fcb', 'Đặng Ngọc Hải', '$2a$12$5LQSUAYvtcYgfJjWO9C5heLdC4FsRmH2RSqtQYyhZQr7NHS8Ezr3S', '0907852513', '0907852513', '2023-11-05 16:37:04', '2023-11-05 16:37:04', '', '', 0),
('60c6345a-22bc-429d-bd71-f2cee7af0e2c', 'Hoàng Phúc', '$2a$12$ldh6iLD8uSsNkeTDrzjkneoAp8krn6yXsdG1zxpQYxGFupceGQIuW', '0931313570', '0931313570', '2023-11-05 16:36:54', '2023-11-05 16:36:54', '', '', 0),
('633e41d4-e83a-44a1-a6ac-dff92873b4c1', 'Khánh', '$2a$12$C.GvovCKMLeVr6imddHuseaOICzozjvbtBrr4qmnXBUv8IOSh2qzK', '0949605388', '0949605388', '2022-08-23 05:12:02', '2022-08-23 05:12:02', '', '', 0),
('65ea598e-6cb4-420f-bb4d-c86b6af89eac', 'Duong', '$2a$12$Z6SH1B1TJe4p7CZ5I3LpaeQr0tP/O0sDZa8IEYqcOCJ3eIH/SG6dG', '0906416110', '0906416110', '2023-11-05 16:37:11', '2023-11-05 16:37:11', '', '', 0);
INSERT INTO `users` (`id`, `name`, `password`, `phone`, `zalo`, `createdAt`, `updatedAt`, `fbUrl`, `avatar`, `money`) VALUES
('6637c0c8-17d4-493f-9c36-426ec131f672', 'Quan Vu', '$2a$12$JOv81cquAygwS1r8VqevYeEkudGxrMK/XGflEwBvbwq.6i/R0Jkq2', '0967263389', '123123123', '2023-10-28 14:40:04', '2023-11-19 10:00:46', '', 0x646174613a696d6167652f6a7065673b6261736536342c2f396a2f34414151536b5a4a5267414241514141415141424141442f3467485953554e445831425354305a4a54455541415145414141484962474e746377495141414274626e5279556b64434946685a5769414834674144414251414351414f4142316859334e7754564e47564141414141427a5958647a5933527962414141414141414141414141414141414141413974594141514141414144544c576868626d53646b51413951494377505542304c49476570534b4f4141414141414141414141414141414141414141414141414141414141414141414141414141414141416c6b5a584e6a41414141384141414146396a63484a304141414244414141414178336448423041414142474141414142527957466c61414141424c4141414142526e57466c6141414142514141414142526957466c6141414142564141414142527956464a4441414142614141414147426e56464a4441414142614141414147426956464a4441414142614141414147426b5a584e6a414141414141414141415631556b644341414141414141414141414141414141644756346441414141414244517a414157466c61494141414141414141504e55414145414141414246736c5957566f6741414141414141416236414141446a79414141446a31685a5769414141414141414142696c67414174346b4141426a6157466c6149414141414141414143536741414150685141417473526a64584a32414141414141414141436f4141414238415067426e414a3141344d4579515a4f4342494b47417869447651527a78543247476f634c6942444a4b77706169352b4d2b7335737a2f57526c644e4e6c52325842646b4857794764565a2b6a5967736b6a61637136654d7374752b6d6372483132586b642f48352f2f2f2f3277424441416f484277674842676f494341674c43676f4c446867514467304e44683056466845594978386c4a4349664969456d4b7a63764a696b304b5345694d4545784e446b37506a342b4a53354553554d3853446339506a762f3277424441516f4c4377344e44687751454277374b43496f4f7a73374f7a73374f7a73374f7a73374f7a73374f7a73374f7a73374f7a73374f7a73374f7a73374f7a73374f7a73374f7a73374f7a73374f7a73374f7a73374f7a762f7741415243414c51417441444153494141684542417845422f38514148774141415155424151454241514541414141414141414141414543417751464267634943516f4c2f3851417452414141674544417749454177554642415141414146394151494441415152425249684d5545474531466842794a7846444b426b61454949304b78775256533066416b4d324a7967676b4b4668635947526f6c4a69636f4b536f304e5459334f446b3651305246526b644953557054564656575631685a576d4e6b5a575a6e61476c7163335231646e643465587144684957476834694a69704b546c4a57576c35695a6d714b6a704b576d7036697071724b7a744c57327437693575734c44784d584778386a4a79744c54314e585731396a5a32754869342b546c3575666f3665727838765030396662332b506e362f38514148774541417745424151454241514542415141414141414141414543417751464267634943516f4c2f385141745245414167454342415144424163464241514141514a3341414543417845454253457842684a425551646863524d694d6f454946454b526f62484243534d7a55764156596e4c524368596b4e4f456c3852635947526f6d4a7967704b6a55324e7a67354f6b4e4552555a4853456c4b55315256566c64595756706a5a47566d5a326870616e4e3064585a3365486c36676f4f456859614869496d4b6b704f556c5a61586d4a6d616f714f6b7061616e714b6d7173724f3074626133754c6d367773504578636248794d6e4b3074505531646258324e6e613475506b3565626e364f6e7138765030396662332b506e362f396f4144414d424141495241784541507744324369696967416f6f6f6f414b4b4b4b414369696967416f6f6f6f414b4b4b4b414369696967416f6f6f6f414b4b4b4b414369696967416f6f6f6f414b4b4b4b414369696967416f6f6f6f414b4b4b4b414369696967416f6f6f6f414b4b4b4b414369696967416f6f6f6f414b4b4b4b414369696967416f6f6f6f414b4b4b4b414369696967416f6f6f6f414b4b4b4b414369696967416f6f6f6f414b4b4b4b414369696967416f6f6f6f414b4b4b4b414369696967416f6f6f6f414b4b4b4b414369696967416f6f6f6f414b4b4b4b414369696967416f6f6f6f414b4b4b4b414369696967416f6f6f6f414b4b4b4b414369696967416f6f6f6f414b4b4b4b414369696967416f6f6f6f414b4b4b4b414369696967416f6f6f6f414b4b4b4b414369696967416f6f6f6f414b4b4b4b414369696967416f6f6f6f414b4b4b4b414369696967416f6f6f6f414b4b4b4b414369696967416f6f6f6f414b4b4b4b414369696967416f6f6f6f414b4b4b4b414369696967416f6f6f6f414b4b4b4b414369696967416f6f6f6f414b4b4b4b414369696967416f6f6f6f414b4b4b4b414369696967416f6f6f6f414b4b4b4b414369696967416f6f6f6f414b4b4b4b414369696967416f6f6f6f414b4b4b4b414369696967416f6f6f6f414b4b4b4b414369696967416f6f6f6f414b4b4b4b414369696967416f6f6f6f414b4b4b4b414369696967416f6f6f6f414b4b4b4b414369696967416f6f6f6f414b4b4b4b414369696967416f6f6f6f414b4b4b4b414369696967416f6f6f6f414b4b4b4b414369696967416f6f6f6f414b4b4b4b414369696967416f6f6f6f414b4b4b4b414369696967416f6f6f6f414b4b4b4b414369696967416f6f6f6f414b4b4b4b414369696967416f6f6f6f414b4b4b4b414369696967416f6f6f6f414b4b4b4b414369696967416f6f6f6f414b4b4b4b414369696967416f6f6f6f414b4b4b4b414369696967416f6f6f6f414b4b4b4b414369696967416f6f6f6f414b4b4b4b414369696f627837694f7a6d653068576134574d6d4b4e6d32683278774365777a51424e5258692f6a5055506974425a7a583133743036786a78763841734d69446143634435736c763171313844372b3776727a576d75376d61345a5569494d7368596a6c76576744313669696a2b58725141555569756a2f41485856766f633074414252586b6e7857386361336f50694f30303752373937502f52784a4d465657795759676451657772317567416f6f6f6f414b4b4b4b4143696b4a78324e4c2b422f4767416f6f6f2f412f6a51425131712b76644e30716137302f54704e537549774e7474473455767a3179665163313546652f4733784a623378746e304b307448567472527a724a7648313548387139737235782b4b772f3475646666574c2f30426141506f3147337871324d5a414e4c696d773877522f376f2f6b4b645141596f7854576b5244686e56542f7448464f7a51415555555541464646497a716e336d555a3953425141744641355545454548304f614b41475379704447306b6a716949437a4d78774142314e6552617a385a4e54764e516b745043656b6935524d6a7a586a61526e2f32676736443631302f7867314757773842547877747461376d53426a33326e4a62387775506f61712f425378746f764262336363654a626d3563534e33495841417a3666343041615077343853612f3469734c3139667445747062655655544544524667526b3542503871374b6b4178334a2b70706141476d574d634e49696e304c436f2f746c702f7a39512f392f422f6a586d76785a3847365a486f756f2b4b496e75557677305a5943553747795654703234394b3466346365424c5478736d6f4738767269332b796c4d655667377432657566705142394541676a494949395252586a5069543453587567615a4a716e682f57727553533155795045354b7556417953724c3348706a38616e2b466e784976372f5534394131796333506d72693275482b2f75417a73593938674842362f6e5142362f5252525141555555554146464e4d6b616e44534970394377706330414c525252514155556d34486f51666f63307634483871414369696967416f6f6f6f414b4b516b4471515071615767416f6f6f6f414b4b4b50774e4142525252514155555555414646464641425252527a33474b4143754c386366456d7a38475863466e396a6538755a6f2f4d4956776f526334363450504272744b347a7876384144617938615855463239374c5a33454b655758524134644d354149794f526b3835373041626e6866784861654b744469315730523430636c476a664755596452782f6e6d7466465a50686e77376165467444683071795a336a6a4a5a70487875646a314a7256464143346f78525251415555555541464649546a36647a36554b513635586b656f6f4157696a384350714b4b414369696967416f6f6f6f414b4b4b4b414369696967416f6f6f6f414b4b4b4b414369696967446b2f69662f795472562f2b75532f2b687258432f41502f41492b39632f3349763574586466452f2f6b6e57722f3841584a662f41454e61345834422f77444831726e2b35462f4e7141505a575a5555737877414354394b3848477036723856664778307874526c734e4e58657978524537566a58766a507a4d66552b76705876444b4855717779434344587a627232693639384f50465032753138364a5935474e72654b4d6f362b687a786e4842426f4136627864384d707643476a7672576761766679506275444b6d63454b546a6343766f63663546647a5a572b722b4c6668707077683169625474516e676a4d6c30464a633763676734495050577553304c3436466e53447842706168656a5846715478376c442f4145503456367a5961686136725a5258316c4d7339744d75364f52656a442f5048316f412b5976476d6d58656b654c6276546237555a4e526e683241334d6d63746c4177366b6e6a4f4f74657257587773385257393942504c3434757045696c566d5169516267434352392f76586e7678574f506966716631682f3946705830686e4e41432b76316f4f6470436b416b63456a4e4646414867507844755048656861696b657361394c4c4463376a4131724c35614d46786e35526a485564632f5531717a3637343538666164625733687933754c537a6767524c6d3638775265644b4647373579656d65772f4770666a332f7239432f334a2f77436156334877744750687a70482f41467a662f7742474e51426a6154344d38564e38507a6f397a724d326e616b4c7070524f6b786b4c706a415173446e4858386138323841586c2b33784c30793175623261626263736a68356d594568573954583066587a5a34472f354b33592f39667376386e6f41393438576150715775364d31707065737a6156636267336d7866786a2b36534f515070586850677537314966456e544c5337767269637833757839307a4d43526b4871612b6b50382f72587a6634562f354b39612f774459556638413943616744365146664f5078562f354b6466384131692f394257766f345638342f46582f414a4b64662f574c2f774242576744364d672f314366376f2f6c586c7678502b49643970326f4c34623046326a764841382b6450764b573649766f65684a39363953672f314366376f2f6c587a4266367249506950507173304275585456444a354b39583279634b5079416f413948672b4368764e4f383755664546303270754e7a4837794b7835414a504a35787a584f2b455047577365432f467a65483961755a4a724a5a7a627a78794f5745527a674f7037447637673131352b4c75705a2f774352493150386d2f38416961387838577271336958784e643676483464763759584f302b56354c746768514f753064635a6f412b6d715771326d744c4a70646f3877496b6142437759594f646f7a6b65756173304165656646483467532b463449744d307831476f334362326b50506b4a6e4763657035786e307a57446f66776f7576456d6c786176346931792b4e7a647235794970336c5650494c46753536344853754b2b4a567a4a6566457256504d504333437841657971414b2b6c5931574f4e5552634b6f41413941426967447744566f2f4576776d3132453275705358466e4d4e30572f506c7a4b4f717370344247653372587466686a7844612b4b4e427439577442735355454e47546b787550764b666f667a4744584866472b326a6d384677334444353765385462376867774972502b4174784b2b696172624d784d6356776a71505173707a2f36434b414d4c346f65472f454f6d61594e523158784a4a7146724e64346a74666d437835444545416e48413436556e67587758346c317a77306c3570666975625462637a4f766b497a675a48553845446d75732b4f662f496d57763841312f4c2f414f67505676344d66386b2b692f362b706635696744716644656d33656b61426257462f667666334d51627a4c683835636c6965357a7743422b46616c46464148486646762f6b6d32702f574c2f305974636a38412f7561332f76512f77447331646438572f38416b6d32702f574c2f414e474c586c487733385a58486852645146766f6c7871663267786b2b5354386d4d396341396636554166516c3055577a6e4d6f7a474932332f54484e664d5067574e376a3467364f6b42795074714e2f7741424279663042727639633863654d504674684c70476965466279315764646b737856697855395143514176317a585166446634617434575a74543152306b314a3032716963724170363450636e706b6359346f417a5069716647326e436256624c58504b30674d712b56627435556b6565506d37746b2b2f34567a336872786c3473314877762f776a756751584e3171786d64354c7774754d5552782f4565687957355051645062304834762f41504a4e74512f3636512f2b6a46726d6667442f414d6557742f38415853482b54304161337732384d2b4b394631692f75764563377a4a5045465174642b6353323750727858502b4f504865726549504567384b6546353267694d76325a706f7a68706e7a672f4e2f436f395231775458727571544e626154655843666568676b6b5836685352587a31384a51732f784a73476b4263685a6e79546e356847787a2b644148634e38446f337379386e694b37612f49795a436f325a392b63342f477562384f2b4e396438412b4a4a4e453136655335733435664c6d6a636c6a474f7a7873656363673436455637316d7642766a6a6178772b4d4c5764514130396d70664137686d582b516f4139306135675331613661565243716559583762635a7a2b5665472f323772337855386144537258555a744f3033356e455557527469582b49342b3878794f76484e656c6547466e3176345657635266393963366130414a35357779412f77417138692b466570522b486669434964535032587a556b74574d76796848794d5a2f4663666a5142762b4d50686c6365474e456c31725239627635487467444b736a37573235775742553976543072493842364e71766a5635315069793774354c526b5a6f57655239364875447648706a385258726e78443143323037774c71727a79715050746e686942504c7377774d65765850304665642f416654702f7743303954315061526270454c634d5239356951782f4941666d4b4150536647566e346c76644c565044476f78576479474a634f426d516567596737542f6e4e654c654676486574614a346c754a722b6138315364345a4c635737796d54644a6e43385a3952323572364c4272357438442f386c61732f2b7638416b2f6b39414856576e6876346d36743467737458315353534f4a4c6d4f575346727349455465435145423434376461322f697a34703133534a394d30765137677753332b38735931486d4d647756564250544f65334e656d6d73507848712b6761426270714f744e41724963514578423557506f67786e503036554163484e384772753774504d75764656354a714251466a494379422f544f633472432b4848696e57744538616a7731714e7a4c4e627a544e6276484b35667970426e6c53656e49785859512f454c784a7255516c384c2b433535726469646c7a6479424550766a67662b505635726f556c2f4c385a4c575455346b68764731556d654e446c56664a3341636e6a386141506f54553076704e4e6e54545a6f6f62786b2f63764d705a56623149727748586646586a6e77373470534c5774576e6561326b535577787934696c584f527775426767656c665246664f2f786e2f77435367532f396530502f414b445142324e336f48784b385a776d39756458683065316d4165477a696c59454b526b62746f3634783150344375496838522b4c506837346c617a75377961553237677a573073786b696d5538384535786b64434f522b6c6651656b6a2f695557662f4146776a2f774451525867337874343866663841626e462f374e514231317a6f66784838625734765a745774394773356c44513263557a4435534d6a63564754786a716677726878726e69373464654a6a61336c354d35695a544c4138786b696d5138385a395165764246665147686638674454762b76574c2f304156346438636638416b6549502b7643502f77424365674433564c687237535675724a6c427549424a4337726b446375564a4866714b38493862613338516441316b5775736133497064664d694e6f34534a31795230584863642b613975384d2f38697070482f586a422f364c5776482f4149382f386a4670662f586d662f51326f41334261664554782f59785873576f7761467073364234595935574479416a37784b6a4a7a376b66537549314b37385a2f447278434c6562564a2f4d4b695254357a53777a7239472f45646a58742f67542f6b5139442f414f764b502b56655a66487a2f6b4c364f66384170336b2f394346414773735878452b49566c486632312f623644706379376f59343557447944314a586e38795070584561704c34302b484f764a484e71383564674852684d306b55793536454e31397858732f77362f354a2f6f762f414637442b5a727a33342b442f5439462f7743756376384136454b41505666447572727233682b78315645324336685679763841646275507a7a586a6e7848762f482b6758366662395a644c4f355a76494e6b336c7177474f43426767386a726e366d765476686e2f77416b3630622f414b346e2f7742434e635a3866542f6f47692f39647066354c514231667770756269382b48746a4e64547954536d53554635474c4d66336a647a575438554a6648466a6253366a6f75704a44704d4d594d715134535a4f6d574a504a47665138656c582f4149516e2f69322b6e2f38415853622f414e47477448346a66386b383176384136392f2f414759554165592b422f46486a72584c4b35306252356c6c6e38337a704c2b386d3347424468646f7a6e766b394433346f38552b435048576a61664c72643134686b7668434e387068757041364c2f65414f426a3656592b416638417946645a2f7743766550384139434e6572654b762b5251316e2f72776d2f384151445142777677663862366a7233326a5274566e2b30533238596b686e632f4f793577515433786b5632486a6a784d6e6850777a5071586c704c4d5745634562394763394d2b7777536670586b58774c2f7743527a75762b76462f2f41454a61377a3430365a50662b4342504370595764797373674179647543756677334367446b504358687257666957627256396431363957335354796b45546665624753414f69675a48516436782f484868765676414e314174727246354a5933655448494a475137683144414847634548382f5375302b4275745772614a64614c4a4b71586364795a6c526d47585667426b447667727a395256583437616a617662365a7071537131776b727a4f674f536934774d2b6d542f4b67432f384144487733664f746e346e6c3853546168424e41362f5a354e2f77416a6e673579784842423756366658482f4372544c6a532f41466c4863715665646e6e436b5949566a6b66707a2b4e64686967416f6f6f6f414b4b4b4b414369696967416f6f6f6f414b4b4b4b414369696967416f6f70736759784f714e73636737574979416578785142793378502f354a31712f2f414679582f7742445775462b41663841783961352f7552667a61746256666870347631794e347453386376504335473648795756442f7745484656644b2b4566694c515a586c306e7868396a6151415035554444666a706b5a356f413953763768725454726d3552513777784d3671656a45416b44394b354c77483432683864615a647265576b4d4d3044596b743837315a434f447a37354662326861667164706f35737462314a64547543574454694d4a6c4430474236632f6e586e302f776276384154623972337776346c6c735749495553426c5a51653239656f2f43674348347565437443302f77386461302b326a73726c5a30526f3468684a51336262304248586a3372592b434458503841776855776d42386f586a2b546e30777566317a564266684e726d7333455238552b4c4a7279434938526f58592b2b4333412b754b394a307a54625052394f67302b7768454e7462727452416334483954373041665050785a426a2b4a75706c6831386b6a33486c4a58305a424e46633238647842494a497056444936394742475152584565503841346151654d4c6c4e5174377a374a664b6e6c735751736b6f375a7830493966384b352f53506739724670504639753854464c57463166794c634f51634849344a41483547674431796969696744787634392f362f51763841636e2f6d6c6478384c2f38416b6e4f6a2f7744584e2f3841305931637634682b466e6962785064726361723470743567686279554e755149775479414239422b56616e686677623476384f4730746f2f466b456d6d774f4e31716262494b6273734154794d382f6e514236414b2b6150436c784670767856745a6274784773656f4f6a6b6e41556b73764a2b707236584665582b4d6667366d7661764e716d6c5836576b74775338304d79456f573773434f6d653478514236624a496b4b47535231534e526c6e5934436763357a587a663451645a76697a5a537873475239535a6c4b6e49494c4e79445866365438474c686a4750455069476537746b78693167647470782f744d6542394253366c38476a4a3469665574473170644b6a3371304d4d55427a43514230594e366a50343041657043766e4834712f386c4f762f414b78662b6772587549304c5746384a6e53463852544e714247427154786779416273394d3838635a7a6d754475766768645831323935642b4b355a37687a6c705a4c5973785075533941487138482b6f6a2f33522f4b766d6e787270393134572b4964323671554b3350327133626b41715733416a38636a384458752f6858514e58304a4a34745238517a3676477755524357506159735a7a7a6b6b352f70532b4b76426d6b2b4d624e59645256306d69356875496a68347a2f496a322f6c514261384e2b49374c784e6f384f6f324536767655655a486b626f6d37717739522b74616331776c736d2b655a496b3958594b50317278312f676a72466c636c394c3851786f42305a6c654e774f33335361314e4a2b446b33327947363137784450652b533463524a7535493957596e39425142366c5252525142383966474c524a744e3862533332776944554657564841343341414d50726b5a2f4776612f436d765165496644646e714d4d67646e6a43796a504b79415959456575616d385265484e4e385561572b6e616e44766a504b757077386265716e74586e456677683851614e64764a3463385750624a4a31423352746a333235426f4175664844566f5966446c707051594734755a784c734235387463382f544a48362b6c585067746f6b326d6545487662686472366a4c35714139664c4177702f486b3156306e34506954556c314c7854713875727a5a3346506d416339747a45354939686976533430574e41694b4656526741444141374367447a6e34352f3841496d57762f58386e2f6f4c56632b44497838506f762b7671582b59717434782b482f6954786266536962784a436d6e69546442614741346a48624f4f70355050765547682f4437786c3462746862615a3476743462666476386b327539636b38384e2f5367443079696d7147327147494c4141456759796535785471414f4f2b4c582f4a4e3954487159762f41455974636c3841782b35316f5a50445264442f414c316444347a3843654950466c354d6f38546931303139757979454a4b6a474f75434e787a7a7a574e6f2f776f38533641306a3656347a466f5a4d622f4c746a68735a786b45383954514236766d6971756d773355476d3238563763693675556a416c6e436252493363343756616f41346e34766a50773376783679512f2b6a46726d666746785a61313779512f79657567386265432f45666932356b686a38517857756c6e62747447684a795233596a3733504e592b68664448785a3459387736503474743755544547525262466c596a4f4f446e316f4139507559557562615343514170496856676651676a2b74664e576753792b4250694e422f6141614d574e7930552f4838422b55735062427a394b2b6b375a4a307449567570466c75466a5553794b75413734354948624a37567a506a50346561523479437a546c725339526471334d5179535052682f454b414f7057574f52466b6a64585231444b796e4959486f51653472775034753379363934386a736450384133386c74457473416e4a61517353562b6f4c59727072663459654e744f692b7832486a4d775758525652705678363458742b42726f7642337776307a777463727146784f326f36694d375a5a463272486e7156586e6e334a6f4136587735706e396a654862445463677461323652746a2b38423833363572794b3873394d2b4a5078587574504b72595739756b69764c43414a626c6b4f4d38386466626f4b396b315455376252394e754e5276583257397647586476596468376e70587a375a654574623861587570654966446473594c59336a2b574a4c6749366c766d4f44375a352b7441486f6c763841424851316d56727a557453756f78306a4a436a38385a7276744e3079783065786a73644f745937613269487952786a41487566552b70504a727738664472346d66382f4d762f67792f77447371792f376238612f44375856673143387551347737323830336d78796f667849776655633041665234723576384544507861732f2b7638416b2f6b3965343635623631723268322f3967616f756c537a685a476c6150633277726e615051386a387138387450677472756e36696d6f572f6961434b366a6665736f6859746b39547a51423746587a7a3857723665372b496b38467a75386931574f4f4e4f7751674d6366556b31375a3461737465734c6161505874596a315355734447365143506150513436317a2f6a7a345a32766a435a4c3633756673562b6962576370755352523033447352362f70514232466d39743967676b744e6e3255784c355a5468516d4f4f656d4d56344a5976484e3864524c464973695072444d724b5151527550494972714e4c2b432b70715667316278473332494835726531333463666a6744386a56765576677547317a37666f57722f3256456d7778524c477a4e47516f424962634f546a5034304165703138372f47662f6b6f45762f5874462f36445874396c7075725750686f325039734736314a59324358733051507a4837704b393856357871337762312f584c397233557645384e7a634d4d4753534273344851635541657136542f774167697a2f3634522f2b67697642666a627a34394239624f4c2f414e6d72324c77746f2f694852724b65323166584964543271713235454f30785948664855644b3450562f67373468312b2f612b3154785242635844414c7561426867446f414277425142366a6f592f346b476e66396573582f6f41727737343444506a69442f72786a2f39436576577643576a6549644574704c62574e6269314b4e55564c594c42744d574d6a6b3978302f4b7549317a3452654976454f6f4e663670346e743769636a6143594741566577414851633041656b65474f66436d6b6639654d502f414b4c5776482f6a79503841696f744c2f7743764d2f38416f6256365234533044784c6f634c327570362f4471454357346a74554547307845634135366b4156794775664362784a346b7642643674347067754a564731536259674b4f754142774251423366674d2f7744464236482f414e655566387138792b50662f495530622f72336b2f3841516858662b43764458694877326f73395331324c554e4f69683251514c4474614d6a47506d3634786b593936356e7850384c504550696e56487539513854514f7173336b52744151496b4a7a67592f443871414f752b48582f4a5039462f3639682f4d3135373866426d2f30622f726e4c2f36457464763449384c654966444157317639656876744e696a4b78573677344d5a7a3144486e48586a33726e764658777538512b4b645665377666456b426a56322b7a786551774553453841595036393855416454384d2b5068316f332f414678502f6f52726a506a364d3247692f77445857582b533131486772776e346a384d474f317650454d4e3370554d624b74737476677153654d4d65514f7459506962345a654a76465633357570654b6265534b4e324d45506b454c4570374144384b414e763451442f69322b6e2f39644a762f41455931614878472f7743536561332f414e652f2f7377724a384865432f452f684f5732746a346c686e30714e6d5a3751572f58494a3459386a6b2b74576647336858784634705932396c34676a73744e65494c4c624e447a49326553784855644f4b414f472b41664771367a2f3137782f38416f5272316278547a3453316765746a4d502f4847727a2f772f7744437278503459756e754e493855323175306f437944374f57446a50516735466468347738503637722b6d5257576d617a4870794f724c646e7979664f42474d656f4858696744797234466a2f697337722f414b38582f7744516c72326a7848716c726f76682b393147386a383247434573597a306b3742546e6a424a41727a6652506846346b384f582f774274306e785262323035516f57467557794432494f523272662b4a6d7457656a654248307a56355074563766322f6c4949787433794141732b4f79687348483046414844654276683959654f4c4339317161376b302b5133624b6c765a4142596867486f65652f48506175353062345038416837544c6f586432397a7163796b46667452477a49395648583861383173506868343653326875394f416857346a5754456436493241497941334935357177666835385456566d382b354f426e43366b435439506d6f4139385142564155414163414474543638502b46336a62586b38575261427164355064515847365062634d576546314250425050596a4272334367424b4b4b4b414369696967416f6f6f6f414b4b4b4b414369696967416f6f6f6f414b4b4b4b414369696967416f6f6f6f414b4b4b4b414369696967416f6f6f6f414b4b4b4b414369696967416f6f6f6f414b4b4b4b414369696967416f6f6f6f414b4b4b4b414369696967416f6f6f6f414b4b4b4b414369696967416f6f6f6f414b4b4b4b414369696967416f6f6f6f414b4b4b4b414f653865364a632b4966426d6f61625a352b304f6f654e6334337372427476343478586c50773938664a344646316f577632567a46475a7a4a6b4a3838546b41454d70776363442f36396537315276384152644c31542f6b4961646133667035304b75522b4a6f41354b342b4d7667324b466e6975726d346344496a533359452f3939594663536d6c61723857764745657258466a4a59364e466842492f654d456e617566764d636e6b6344384f66576262776c34637335504d747443302b4a2b7a433258492f4d567267414141634164414b4145534d5249714941714b4d4b6f474142546a525330414a525252514155555555414646464641425252525141555555554146464646414252525251415555555541464646464142525252514155555555414c586c487874384e616a7155466c71396c433838646f6a527a78786a4a5253636838656e592f68587139496141504c50436e786c3056644974375458466e74726d336a574e70456a336f2b426a50484950345663316234316548346263706f30567a714e32325248483552526433624a505035437578752f433368362f6b3879373053776d6b50563374314a5034347a55396a6f476a61576332476b3264713354644441716e38385a6f4138322b462f6758556f6459627858726b506b5379623367686268397a39584937634534466573306c4c51416c46464641425252525141555555554146464646414252525251415555555541464646464142525252514155555555414646464641425252525141555555554146464646414252525251415555555541464646464142525252514155555555414646464641425252525141555555554146464646414252525251415555555541464646464142525252514155555555414646464641425252525141555555554146464646414252525251415555555541464646464142525252514155555555414646464641425252525141555555554146464646414252525251415555555541464646464142525252514155555555414646464641425252525141555555554146464646414252525251415555555541464646464142525252514155567933696a34692b482f4141704e396d764a704a72764766733975753578396334412f453148344f2b496d6d2b4e4c75653173725336676b676a456a656346326b5a783142504e414857305556446433647659576b7431647a4a444245705a35484f416f487251424e5257526f766972512f454c5370704f6f785854773875695a4441644d34493656725a6f415769696967416f72682f4776784c68384736724470386d6c7a5862537743594f737751594a49783050702b746470444c353045637530723569427348714d6a4f4b414a4b4b4b4b414369696967416f6f6f6f414b4b4b4b414369696967416f6f6f6f414b4b4b4b414369696967416f726b74622b4a33686651623257787572715753366862624a4644437a4654365a3448363164384b654d394d385977334d756d70634b747379712f6e49467a6b5a474d452b6c4148515555555541464646464142525257543467385561503458746f353958752f4957556b5267497a46794f754142514272555677396a385850444f703674623662614c65764c6353724647786843726b394d354f663072754b414369696967416f6f6f6f414b4b4b4b414369696967416f7267377234705257336a6365462f37486d65513353322f6e6563414d6e484f3348546d75386f414b4b4b4b414369696967416f6f6f6f414b4b4b4b414369696967416f6f6f6f414b4b4b4b414369696967416f6f724238522b4e7442384b76484871313259354a56334a476b5a64694d347a78373041623146636834642b4a6d672b4a39585453394f53373839305a775a596771674b4d6e6e4a72727330414c52525251415555565876722b313079306b753732644c65336958644a4b357746482b545142596f724a305478506f33694e5a54704f6f5258586b34337175517967394351514457745141555555554146464646414252525251415555555541464646464142525252514155555555415158305538396a504662544343643432574f58626e59784842785869486a54784234393846367044593350695837515a6f764e56346f3141786b6a6e493971393272777634382f386a5470332f586c2f375565674475766837622b4c7271474457646331356271307572595046624b67794e3243474a774f635a3439363666784a71703050773371477141417461774d365a364676346631785650774e2f794975682f39654d582f414b4458436646485850467232477261642f5943706f594b716237424c4664796b48726a6b3448536744472b452f6869793857582b70367a727966626a45363453556b6833624a4c4d4f2f6238363967307677316f75697a797a365a706c765a79544c746b6146647534563462384f4e62385836585a3369654774456a31474a35564d7a4d704f78674f4239346471396d3848366a34673150544a5a2f45576d4a7039794a69715271434d726763386b39383041623959486a6e772f632b4a764364357064704973633867566b4c48436b715163453973347266726a50482f6a7139384852782f5a39436c76456c585032706d4b78526e7343514d352f4b67446d766866384f7463384f2b495a4e56316352327970433053527049485a7963636e615341426a763756367869764d50687638534e5838592b4a376979766f4c574b474f30615a5243687a75444b4f704a342b593130336a44552f4674676256664447697836683567627a326b4f4e6e5461414e77366a5072306f417a312b49346b2b4a41384a4a70716c504e386f33506e48494f7a63666c78363864613771766c37526452313262783548714f6e5736584f7353584d6b69784544617a6b4e75376a6a47653965782b4674562b496c31726b555069445262653230396c59764969714347776476527a337851427a487873737674486958772b63635843474566554f502f41497176593154596f556441414b356e7862345150696255644575685048462f5a747a3572686c4a4c726b486150543774644c4a496b556279534d465241575a6a30416f416452586b4d6e78453856654d74646d307a7756625132384341735a70514378544f4e784c634b4365324d3157316a78583853764135676e3178374f387435577770324b796b6a714d7267673041657a305642593351764c433375674d43614a5a422b49422f725539414252586b666966346b2b4e76436c387476663650707353533561427875634f6f4f4f6f627230727076414869547854346f4276645830327a74744d654d6d43614849615274324f68593864656f394b414f326f726876694c38513338465457567462326356334c634b306a72493558596f4941786a31352f4b7568384a6138766962777a5a3673714c475a304f39464f516a416b45666d4b414e6969764b50466e7845386165464e555731753949307859703262374b784c4f5a464234364e313548617536384c36687274786f6a586e69617a7437436663574352747773654163746b6e4866765142753056354c71587851313378447278306677525a5279594a78637a4c6b736f36747a77712b353571767247712f466a77706166326e667a327433616f503368534e4a46543359414167652f536744324b69754f384266454731385a514e424a454c58556f56335351427371362f336b397655645278576a34783851332f414963306a375a59614e4c716a456b4d455045512f764e6745342b6c4148515556354234572b4d6c7a6661374a467271576c6c594c42493438704347334b4d675a4a354a7752696f562b4c2b763672346874494e4d30324f33734a626c49397a786d52325573415357364134502f3636414f692b4d756d574c2b43626a554874495465525378424a396744714332434d2b6d4f315a507743482f4573316e2f7274462f36433164443859762b5363586e2f58614c2f77424446633938425038416b4761782f7742646f76384130453041657455563568385166466e6a54776e665063775361614e4d6d6b435779736f61583775546b5a4236352b6e465365417645586a37784e6432313566573970486f374d64386869324e494d48376f7a6b383435786a72514236565252525141564265575672714673317465573856784333336f3555444b66774e634634332b4b7365673667644930573158554e5256747370624f794e76377542797a65332f36717a525038593559686470465a6f434e3332597245475034662f587a514277476c775257767863677437654d52785261747352423055422b414b2b6c612b592f443074314c38547247532b585a64507161744d754d596666794d6475612b6e4b414446474b38313861664653585474562f73487731624a656167584554794d43796f354f4e697150764e2b677168636e347957747362387a57306f52647a573853784d77482b376a6e3641304165733059727a547746385631312b2b54534e6169697472312f6c686c6a42564a572f756b4837702f513133327236684c706d6c7a336b466a506679524c755733674758666b64507a7a51426478526976476f2f6a68657472647646646154425a57596d437a6c7937794b68505070795070576c7158784c385461714866776c3456754a724e654675353447626637685277507a4e414871654b4d5634726f66786e31653231526250784c5a512b547632534e484759354966637165755054673137544736795272496a426c5941676a6f5251423431715667582f614b7467423936534f66386f74332f7374657a47755875504344532f45573338562f615543513268684d4f77376932434d352b682f536e654d645338565745567150432b6b5261673868627a7a4977416a4178742f6948584a2f4b67444c756669537350784854776c48707979713079784e632b6467676c5154786a6e485472586431387657656f6139632b506c314b3374306c317037786d454a48792b627a6b59794f4239613968384d6172385362727842625136396f747462616332377a7055565156777049364d66346742306f4139416f6f72443857582b766166704b792b48644d54554c787051706a63344370676b7431486f422b4e41474434762b4a502f434d654a37545134394e57364e77714d386a5462646d35696f474e70394d39653964754b2b597645757061376638416a6157353157316a6931564a59314d436762565a646f55645437643639573072577669704e71396e48714f675730466d387972504971726c554a47342f663841536744306b55566b654a664574683456306554557451593741647363612f656b63394648355635787033696e346a2b4e6a4c632b486f62585437474d375664774d452b6d3573376a39426967443136697646377234676550664257707732336965316876495a4f51647172356742354b4f764766596a384b3958304c584c48784670454f7036664c76686c4851384d6a4471704859696744526f727944787838517648486872566e6862543757307447646862796d507a424d756544757a6a4f4f33624e64313850646276664558673631315055475272695635417852416f77474948413968514230744665522b4f6669463434384f616b305230793073374e6e5a62615970356f6d5564393263413437597a586166446e5862377848345067314c55575270336c6b553745436a416241344641485555566a654b66453968345430647452766d4a79646b55536e357058374b50366e74586d2b6d2b4a2f69583433383237304f4f7a734c4a574b71785541452b675a736c6a3767596f413968724b38513654702b716154637833396c426371734c73766d6f474b6b447144324e6559782b5066472f68587852613654346f6874726c62683047384b41536a4e74334b793448356a745872656f6a4f6d5866384131786b2f39424e41487a2f38476a6e34685166396530332f414b445830526d766d447742726b6e682f7741554a6651324d392f4e354d6b635676434d7337734d44384b377657504650785768746e314a74492b77576944633279335669692b7079533336554165795556356e384e666962632b4a74514f6a617646457434554c777a526a614a4d6451563748485046656d554146637a3851764464333471384a7a616459757133416b5756417877484b2f77414a50624f613661754838666550373777684c4844426f4d6c796b696769376c596945482b3777447a2b496f417866685838503962384d367664616e72437062373444444843736763746b67376a673448336631723149563578384d76694471766a48574c3232763462574b4b47454f6f675167353359354a4a7261385a367834773032654650444f69773338526a4c545379592b5167394238773755415574502b4a4931483468792b466f394e555278795048397038374a4a51632f4c6a3142485775377235663841436d6f612f7744384a6d74396f3043584f724f38722b573447474c4137757048716539657a2b4564542b494e3372666c654a744a67744c48796d627a454367372b4d44687a3730416478525252514155555555414646464641425252525141555555554146464646414161384c2b50482f493061642f3135662b31487233513134583865502b526f30372f72792f3841616a304165712b422f77446b5264442f414f76474c2f3047732f347166386b32316636522f77446f78613050412f3841794975682f7744586a462f3644576638565038416b6d32722f53502f414e474c5142792f77452f354132736639664d662f6f4a723169764a2f674c2f414d67625750384172356a2f415051545871346f4157736a786541336733576777795073452f482f41477a4e61395a4869372f6b5474612f36384a2f2f52625541654d2f416e2f6b6462772b6d6e502f414f68783137344f6f727754344666386a6e65663967352f2f526b6465396a714b41506d337741662b4c7332482f58354c2f3643396653517235743841632f466a547a2f414e506376386e72365378514143714f7557636d6f364666324d57424a6332306b536e304c4b515031712f56505674537474483075343147374c4333746b3379465679515070514238362b4350466b33674c784463473673326c6a64664975594438726f51653265344f526a7658723048696e774e38513756644b7570566b4c754757317567596e4c647345486b38396a537a2b48664233784c3079505745684a61544b693569486c536767347777372f6944586c586a2f414f486376677279623232764775624765547931597269534e7575446a6a31354870514239447757385672625257304337596f55574e467a6e4141775030715375572b476d723365742b42624337766e615364643054534e31666163416e33786975716f4138372b4e4f692f32683450585555584d6d6e796869663968766c623963476f50676871787650436c787072456d537875447455396b666b66714772763958303650563948764e4f6c55464c7146342b653252782b7465412f44585878344f3853616e48664e35616d316d526c626a3937486c6750726c53423961414c6e6a6132755047766a7658337458506b614e5a6b67376335387641492b7059742b56645238434e5838375274513068322b65336d4530594a2f6859595035466631717838474e4b4d2b686170724634675a3955754752736a377944722b425a6d2f4b754d3846586f38432f453237737279545a624b5a7265546363444179796e366b71507a6f4136445855486933343557576d484432326d42504d4855595162327a39535174645238587453665450414e7973623757764a55742f2b416e4a6239464e59487761744a7453315458504656307558757044456850636b3733782f77434f697472347936664a652b41704a59314c473075493569414d386371542f7743505541632f38426253453265723378554759764843446a6f7543542b7550797231693474347275326c74356b563435554b4d7244494950424665522f416255593975726159787849536b366a31484b6e38766c2f4f7659435176336a676576705142383065473570664450784e746f6b5a7633476f665a6d7766764b583245483844583078587a54703842313734726f4c59466c6e315579676a2b344a43785035437670616744356d3057787474532b4b63566a65524361336e314a316b6a626f7733486731394c5177785738537851787247696a41564267443842587a6834572f77435377326e2f414746482f7744516d7236534641484566474c2f414a4a7a6566384158614c2f414e44466342384b50462b6a65464e4831647456756a484a4936504645716b744a7455384433354857752f2b4d582f4a4f627a2f414b3752662b686975422b4648672f522f46656836796d6f32776156585649706754756979447976342b7441452f687a53377a3473654b5a6464317554627074704946573156755055526a3048636e762f4c32714b4b4b434e593459316a5246437169444155446f414f31664f656e33327366437678704a464d705a554f79614d634a6352646d58333767396a6b65746651656c61705a36317073476f3245776c7470304449772f554564694f343961414c745a666966556d3062777a714f704952767472646e5450393747422b7046616c632f343874704c7a774c724d4551793757724566687a2f5367447948344e3243367034376b76726f6956376146353876795335494737395366787233327641506772714d566c343165326d634c3973746d6a544a786c7751774834674776663641506d367a2f414f5379722f3247542f364d723642385236672b6c65484e5276347a3839766253534c7a33436e48363472352b732f2b5379722f414e686b2f77446f797666664656692b702b46645573592b5a4a3753524648716470782b74414869587762746c7676486e326934784939766279544b5747666e4f426e39545830446d766e6e344f587932486a364b4b596842645153516a4a2f697875482f6f4e66513141487a6438546249614638527278375045516430756f396f78745a6743636638437a583050704e3864513065797653422f704e76484c782f744b442f577641766a424b74393852706f6266393438634d554a43383562485436383472336e51374a744f3047777357484e746252784848717167476744352f3841692b4150694c6641444837754c2f30415639465779684c574a4641415641414277414d656c664f2f7867482f414263612b2f3635786638416f4172364a6750376950384133522f4b674477483432517878654f456b6a514b30316f6a766764546b6a50354156376834614c50345830706d366d7a697a2f33774b38542b4f50506a65482f414b386f2f7744304a713972384d482f4149705853663841727a692f39424641476e523666555555656e314641487a643458502f41426436322f37436a2f38416f5456394a5638322b46782f786436322f77437771342f38656176704b67424b4b4b4b41506d37786e2f79566d392f374343667a5376704b766d33786e783857723066395243502b6156394a6634346f41384a2b4f657053792b4a725454413249626132456d30482b4e69636e3867425871336761796a735042476a777844673269534534786b74387850356d764a506a68595044347474623342456431614144367153442f4d5636763841442b2b545566416d6b5449775970624c452b44305a506c492f5367444d2b4c656d78582f414943753532514757795a4a346a6a703877422f516d754f2b4132704f4c76564e4b4c2f41434e47747767505a6764702f504972752f696663783276773731597948486d52724776757859442f5030726750674e595366327071326f7343496f344667334563626d62642f374c2b7441476838664f4e5030582f72724c2f4a613662345166386b3473503841666c2f39444e637838664f645030622f414b36792f77416c727076684356507735734d484f4a4a51662b2b7a51427a3378382f35412b6b663966442f41506f4972642b44762f4a4f37582f72764e2f364657463865786e5239492f362b482f3942466233776447506831612f396645332f6f5641486e3378753157613538587761647578465932366c564839352b536679322f6c587350684b7768307a776a70566e4175424861786b2b354b686966784a4e654b2f4769306b673864764f772f64334e7647364848584177663556374c3449316144576643476d58634c68735779527941486c58556253442b496f41504566672f532f464432636d6f435553575437345869594b51654f4477636a675672582f2f4143444c762f72672f774436436173565731482f414a4274332f3177662f3045304166502f774147762b53685164662b506558742f733139454651366c57414b6b59494979434b2b65506730502b4c687766384158764e2f36445830503666584641487a62384e77452b4b656d716e4146784b422f7742385058306e587a62384f6550697470332f414638792f77446f4431394a64364143756538652f7744496861333757626e3875613647756638414876384179495775663965556e387141504c76674a7a3467315038413639562f394372323634482b6a7966376a66794e65492f41502f6b5964552f3639562f3943723236342f31456e2b3433386a514238362f43626a346d5750384132312f394161766f32766e4c34542f386c4d73502b32332f414b4331665231414355555555414646464641425252525141555555554146464646414252525251424664537951576b73734d4a6e6b5243795241344c6b4467412b3534727772786e6f666a33786c716b56376365466e74684446355563636367504753655354796566617665365367446866682f652b4b376533746445316e7730624b3174625949743535773532674141727a7961722f41424e6d385361705958486837535044553133627a6f686538336a3144595566686a4a72304b675541654c65416f2f47766769433768506779347649376c31646a3567526c774d6364613968302b346d75395067754c693165306c6b514d38446e4c526b2f77414a50714b7345557441425848655074533851727038756c614a34646c31464c3632654f57344434455734466359376e485057757870434b4150426642476a654e5042657453616976684736752f4d674d4a5175454f43516367382f3366537663374365573573594c69653265316c6b514d384c6b45786e304a465742525142344a346c2b48336966773934726b3162772f615333554175445062535777334e476335326c65764830775258622b4439542b49326f367a6274727468466136596759796b784c477a6e61647647633963656c6568306c41426d732f77415136582f62666837554e4d444b6875726434316475696b6a676e3863566f557441486948682b302b4976773845397261364975705773736d37435a6c546430334b5649497a394f31576457306e34672f456d6132743951307950534c4346793258473041394d6b456c6d4f4f3353765a63556f6f417a39413061323850614c613656615a4d56756d304675724871536671613061536c6f41516e466543664566774a724c2b4e4c7937307253626d3574727a4577654b4d6c5178487a413439386e386139374e464147523457306761463458303754416f56726542512b4f376e6c76314a72796a34722b436457752f4744616a704f6c334633466451713068676a4c425848427a6a3141422f477662714b414f633841364966442f677a54374353505a5035666d7a41395137636b48334854384b33726d326776625757327549316b686d516f364e305a54775255314a696744784855666878346e3848612b4e5738496b3363555a4c526853504d5654315231503368394f74614e3534692b4b4776574d6d6d77654744594e4d75783577724951447763463277763136313635675a7a514b414f432b4858773358776b4831432f654f58564a56326778387243766341397965352f41652f54654a7455315053644d38375364476b31573564396f6856746f5566336966543272596f4641487a78706e68667874703369714c5831384c33447952334a75504b4a41556b6b6e47632b3965322b4774593154574c615a3956304762534a49324371736b67667a50556a67644b327a53596f4138302b4a71654d4e65536651644c384f6d62546955593351646430684744786b6a4142342f7772482b484f6d654e2f434e3431704c345a5a374b396d6a382b5635564451714f437777334f416334783272324d306d4b414f4f2b492f676d5078666f75364256585537554672647a787648644366513976512f6a58452b413750346865454c6e374d76682b575777754a464d7355736967496568646565446a72363446657a34705251416c424159454d4151656f50656c6f6f41384c3857664372584e4931683951384e7876635770667a596f346e416b6750584744317832497258307255766937715561575174493756534e72586c33627247796a3135366e364c587270704b41504237373465654d6446385952366e70317332734e46496c7a3971596f6f6c6b36746b466766765a723266514c6e56727a536b6e3175776a7362307351384d556d385948513535362b6c61517061415049504733777031442b31323176776f527665547a47744e77526f354163376f79546a727a6a49782f4b574c786638414652626357622b452f4e7564753337513044444a48632f4e747a2b6c65745547674479767754384d622b50572f774468492f4672724c65655a3579572b37642b384a7a7663394d6a734258704f705863396c7073397a6257636c374e47685a4c654d344d68394d39717447675541665058697a777a343238562b495a39586c384c7a327a54425235614d47436851414f536661765a66437573617a714e6e4b4e5938507936564a62716f514677776c47446e4137597833396574644453596f413844386236463430385936392f6152384b334e757178694a4644426a74424a424a4a36386d76542f41414c714f7579324b6162725068325854425a5779496b375367695848485473636657757446426f414b4b4b4b41504366475077353853615434726b316a5162615334686b6e2b30777662637643784f6345646570366a6a46646834513154346c616e7264722f62656e52576d6d7154396f6434466a5a2f6c4f4d444f633578327230656b7851415555555541654c2f41424f2b48657458666957585874467458753472674b3871526b623433417877436551634470576a3464315834713339375a323931703677576953526934754c6d4259335a415275366e6b6b5a3643765678536d67446e764766684b303859364b62476468464e4764384534584a6a6236647765342f77727a4452644f2b493377356e6e6773744b2f744f796c664a5250336b62486f47474475553478587435464641486a4f71366238512f694e4a62326d706162486f2b6e78747649624b4c6e31494a4c4d66515636643458384f575068585249744c73515371664e4a493333705850566a2f6e675972584e4641484966456e77664c347538504c445a736f7662562f4e68444841666a425850596b645070586d6e68694c346e2b452f4e302f54644675436a76764b5451426b44656f6249483547766578533041654f654a66412f6a6678466f54616a725635397031474a78396e307932436849775341787a774d343537394f74612f7778742f4757687877614a7165677042706974493575476c4739435154304448634d38644f39656d55684641484c655066424674347a3078496a49494c79416c7265596a49476571746a73634436592f43764b394c3062346d6542626956644c735a33685a737373494538556839636631344e652b3055416552572b7066462f576c454b3263576d6f774f5a3369574c622b5a4a2f495632766979353855322b6c7757756761544671553030544a6354535367435035514d675a4753636e38756c645053304165432b466642766a7a7770726b6571322f68315a335247545a4a4f674242474479473631363571656f654a492f44455631702b6978796173345466614e4d437352504c664e6b5a7878333731756d6c4641486747682b422f48326865496f4e626838504c4a4e42495a416a7a70744f5151527732653572334852626a554c7253494a3955303857463477506d57367942776e4a7879505559503431654e46414331773378487650456478595436486f766832572f69764c66624c646277416d546a6142335048723372756151304165452b41394c386165437454754c7365454c6d3857346938746c387749514d3579447a3656376a62537650615253797774433869426d6959354b456a6b452b335370545251423444712f6744785a3453385574715767326b317a44464f5a4c616133416371442f4379396568776578723044775671507843314c57466678465978576d6d70473234434a5933647363635a4a2f6c58656b5555414c52525251415555555541464646464142525252514155555555414646464641425252525141555555554146464646414252525251415555555541464646464142525252514155555555414646464641425252525141555555554146464646414252525251415555555541464646464142525252514155555555414646464641425252525141555555554146464646414252525251415555555541464646464142525252514155555555414646464641425252525141555555554146464646414252525251415555555541464646464142525252514155555555414646464641425252525141555555554146464646414252525251415555555541464646464142525252514155555555414646464641425252525141555555554146464646414252525251415555555541464646464142525252514155555555414646464641425252525141555555554146464646414252525251415555555541464646464142525252514155555555414646464641425252525141555555554146464646414252525251415555555541464646464142525252514155555555414646464641425252525141555555554146464646414252525251415555555541464646464142525252514155555555414646464641425252525141555555554146464646414252525251415555555541464646464142525252514155555555414646464641425252525141555555554146464646414252525251415555555541464646464142525252514155555555414646464641425252525141555555554146464646414252525251415555555541464646464142525252514155555555414646464641425252525141555555554146464646414252525251415555555541464646464142525252514155555555414646464641425252525141555555554146464646414252525251415555555541464646464142525252514155555555414646464641425252525141555555554146464646414252525251415555555541464646464142525252514155555555414646464641425252525141555555554146464646414252525251415555555541464646464142525252514155555555414646464641425252525141555555554146464646414252525251415555555541464646464142525252514155555555414646464641425252525141555555554146464646414252525251415555555541464646464142525252514155555555414646464641425252525141555555554146464646414252525251415555555541464646464142525252514155555555414646464641425252525141555555554146464646414252525251415555555541464646464142525252514155555555414646464641425252525141555555554146464646414252525251415555555541464646464142525252514155555555414646464641425252525141555555554146464646414252525251415555555541464646464142525252514155555555414646464641425252525141555555554146464646414252525251415555555541464646464142525252514155555555414646464641425252525141555555554146464646414252525251415555555541464646464142525252514155555555414646464641425252525141555555554146464646414252525251415555555541464646464142525252514155555555414646464641425252525141555555554146464646414252525251415555555541464646464142525252514155555555414646464641425252525141555555554146464646414252525251415555555541464646464142525252514155555555414646464641425252525141555555554146464646414252525251415555555541464646464142525252514155555555414646464641425252525141555555554146464646414252525251415555555541464646464142525252514155555555414646464641425252525141555555554146464646414252525251415555555541464646464142525252514155555555414646464641425252525141555555554146464646414252525251415555555541464646464142525252514155555555414646464641425252525141555555554146464646414252525251415555555541464646464142525252514155555555414646464641425252525141555555554146464646414252525251415555555541464646464142525252514155555555414646464641425252525141555555554146464646414252525251415555555541464646464142525252514155555555414646464641425252525141555555554146464646414252525251415555555541464646464142525252514155555555414646464641425252525141555555554146464646414252525251415555555541464646464142525252514155555555414646464641425252525141555555554146464646414252525251415555555541464646464142525252514155555555414646464641425252525141555555554146464646414252525251415555555541464646464142525252514155555555414646464641425252525141555555554146464646414252525251415555555541464646464142525252514155555555414646464641425252525141555555554146464646414252525251415555555541464646464142525252514155555555414646464641425252525141555555554146464646414252525251415555555541464646464142525252514155555555414646464641425252525141555555554146464646414252525251415555555541464646464142525252514155555555414646464641425252525141555555554146464646414252525251415555555541464646464142525252514155555555414646464641425252525141555555554146464646414252525251415555555541464646464142525252514155555555414646464641425252525141555555554146464646414252525251415555555541464646464142525252514155555555414646464641425252525141555555554146464646414252525251415555566e612f726c6e3463306962553735694959734168657245394150656744526f726d4e5a386436647058672b50784c466d6547645235456537615a436533743050355672614272455776364a61367041686a53345463454a7956396a51426f305555554146464646414252525251415555555541464646464142525252514155555555414646464641425252525141555555554146464646414252525251415555555541464646464142525252514155555555414646464641425252525141555555554146464646414252525251415555555541464646464142525252514155555555414646464641425252525141555555554146464646414252525251415555555541464646464142525252514155555555414646464641425252525141555555554146464646414252525251415555555541464646464142525252514155555555414665632f4661427456762f4141356f4c4d7977333134664e5a5477514d66346d76527134543471574e30644d734e6573304c7a615063724f79714d6b70786d67447a3337426372346d3033774271694d316a62366737784d536376472f542b76503172756668646574706a366c345276584333656e33444e43702f696a4a7a6b4876362f6a566278314e46714f68615034373056556b65776c575232412b62797a31552f512f7a4e6157762b46597647554e6c346e38505835734e544342345a3036534430624870307a7a2b4e4148643056353264562b4b476b787239703065783152554743304434592b2f774261743658385574506d76303037584c4735305738596741584b2f495366527653674475614b5257444b475567676a494937307441425252525141555555554146464646414252525251415555555541464646464142525252514155555555414646464641425252525141555555554146464646414252525251415555555541464646464142525252514155555555414646464641425252525141555555554146464646414252525251415555555541464646464142525252514155555555414646464641425252525141555555554146464646414252525251415555555541464646464142525252514155555555414646464641425252525141555555554146464646414252525251415555555541464e6c6a57574a346e554d6a715659455a4242474b64525142356a7158687a5776424d39354c6f566a2f4147746f46356b33476d4d53576a7a3937622b487058492b4850694350426d6f7957734d63382b6b79535a46725038414c4e624875426e726a39613939727a4c347252365a656659744674644f743539623147514c453277426f6c7a7978492f7a316f41374c77393475305478504476307538456a675a614668695250714b6d38516548644e385361664c5a616a627049726a6838664d68374547764c3776773542384c3961384f6172444d3574324c5133383535556b6a3037442f41417231564e633071533346797570577068497a763835656c4148462b417465665234645830445862734c2f4147472b466e6c505749394f66383963564a4a38574c61366e614c5164443144567470507a787074552f51344e635a6652615a346b38583639346e766d493043774b712b336a3755342b366f39636e2b6c65692f44362b3158557446613876724333734c4f5667624733686a326c592f66363855415a5a3866654c52303842586e2f667a2f77437456765250694e3973316d4852745a3057353065386e4837727a6a6c5850706e46647361383738537974727678523048534c584448537962713566384175653266793439364150524b4b4b4b414369696967416f6f6f6f414b4b4b4b414369696967416f6f6f6f414b4b4b4b414369696967416f6f6f6f414b4b4b4b414369696967416f6f6f6f414b4b4b4b414369696967416f6f6f6f414b4b4b4b414369696967416f6f6f6f414b4b4b4b414369696967416f6f6f6f414b4b4b4b414369696967416f6f6f6f414b4b4b4b414369696967416f6f6f6f414b4b4b4b414369696967416f6f6f6f414b4b4b4b414369696967416f6f6f6f414b4b4b4b414369696967416f6f6f6f414b4b4b4b414369696967416f6f6f6f414b4b4b4b41436b5a67716c6963416461624c4b6b4d5479794d4652464c4d78364143764d6f704e652b4b4e31636d432b66532f4463556e6c6a79682b387563646561414e72784238526f4c61364f6b2b48625a7459315a766c325135614f4c335969706642336736353036386c312f5835686436356444356d367241442f43762f414e617476515044576b65473751572b6c326951672f656671372f5539613171414b313959576d70326a326c3962783345456777794f4d69754b762f4149516547577472687253316e57556f786a6a3838374e324f4d2b3164395144696744786e56764375706142384d394c736269304a59616d73743748454e2b5650547039503172324732574e62654d5249456a434b455564686a6759726c50476d732b4b394a4453614a7074744a6152776d5761356e63664c6a746a5031726e64463162346e654b4e4a6a7662542b7a624b326e7a746d5a634d414f34484e414861654c764631683454307872693459506375434c6533422b61527533487058433652344538594464346d68317357577333784d6b30456b65564b6b3541502b474f4b3650772f384f6f62485578724775586b7572366d4343736b352b53502f4148562f7872744b41505042346b2b496d69726a56764455477049765357796b776678484e53772f4633536f6d3236747057703661332f54534449392b6137366d53775133455a6a6e6953564431563144443961414f627376695434517673434c5734455939466c796e3836334c6656394e757a69333143316d502b784d726631724f752f425068692b7a396f304f7a4a5055724746503656693348776838497a4d5769745a37596e2f6e6a4f774641486267354752306f727a382f4367572f2f494d38556176614564414a6477706738472b50645035735047706d41364a63785a7a2b6441486f64466565744c38567242695444704f70714f794859782f6c537438517645576d4d527250676d385564354c5669362f316f4139426f726a4c443472654637715551334e784e7038702f677534696d507836566f33507842384a32696b79363761484855492b382f70514230564663624c3857764273655175707449665249574f6630716e4a38583948352b7a6158717478365974694d3041643952586e6e2f43313535503952344f3165556469462f2b74546838536462626c66416572456575302f34554165673056352f2f414d4c4831332f6f5139552f582f436d6e346c3630764c2b424e55556576502b4641486f5646656566384c5a4d582f4835345531613348727333663071654c347765484375627133314331502f54533350394b414f386f726b7258346f2b44727067427245635a502f505257582b597261742f45756858662f487472466c4c6e6f466e586e3961414e4f696f6f376d4358506c54787966376a67352f4b704d30414c52525251415555555541464646464142525252514155555578356f6f786c35455431334f4269674239465570645a307544506d366a624a6a2b394b7638416a564734385a2b4762622f573637596a3654416e394b414e756975536d2b4b586779467476397452762f755273663656576234752b44316241765a6d487173444566796f41376169754948786538486e2f6c386d482b394177715a506976344e64736632747439326959442b5641485930567a6c76385176434e7a2f414b76587254506f37626635314871507848384a616247476b316d4356694f45677a49782f4c702b4e41485430563532337853753952665a3465384b3668665a2b374a4944476e342f77443636566237347161686e79644f307a545659352f657348492f5530416568305635363368543468583433586e6a4b4b33423670627738666e517677783153582f6a37386236752b65757838412f72514236435743395342395454544e45502b5773662f66517268423849394e662f5836317130333175434b502b464e2b476d3565625548507162673041643135385038417a316a2f414f2b7852396f6837536f666f777268662b464d2b467637392f38412b42426f2f7743464e2b4731356a6e3142443669344e41486567676a494f61577650322b46747a61722f784b50467571326d4f6973355a616a4f6d2f45375241426261725a3633454f436b36424749394d38554165695556774548785066543531746646656833576b536e6a7a647065496e3239425862574f6f3265703279334e686378334d4c64486a5945554157614b4b4b414369696967416f6f6f6f414b4b4b4b414369696967416f6f6f6f414b4b4b4b414369696967416f6f6f6f414b4b4b4b414369696967416f6f6f6f414b4b4b4b414369696967446d7669486648542f4175717a4932317a4155552b6d346866354770764174696c683449306d4646786d33567a376b6a4a2f6e584e6646485557314e4c5477647036656466366849724f422f77417330484f543961373679747861574d46737653474e55483444464147523475763959302f5257625174504e3566537549303479735766346d3968584a4877563436613161386b385a54666238626841692f4a6e476475663841363162336a4c784672656e756d6d36426f38393165334d6555754d66756f75652f76586b576e6131342f3144785248704d6572333064343075786c6b596c5550636b597742785142374e3447385158666948772b73326f514e446557376d4763465375356c376a4e6448574434547566454531704e48346973593765346866617373522b576366337364713371414b2b70574547716164635746794359626844484941634842394454644e303633306a544c665472525373467447456a44484a774b743055414a52525251415555555541464646464142525252514155555555415564513050537457526b314454726135422f353652676e38367a592f4166684f4967706f466b43502b6d6464425251426e77614470467352354f6c3261593949467a2b654b767169494146554b42304170614251415946474252525141594647425252514156484a6251544445734d636e2b386f5038414f704b4b414d6934384a2b4872766d34305779633979495648387178377634576544377345485356697a3368646b2f72585830554163413377613850712b2b31753952746a36706348696b623458586b482f4868347931654831387839396567555541656548775434377432503258783149366a6f73735a703865692f4536337835666962547078367977352f70586f46464148424e6166465656797570364a49665152456630706f672b4c482f50356f6e346f66384b372b6967446752622f4142584c41472b30526666797a6a2b564b644e2b4b626a483975364f767549546e2f304775396f6f41383966773538533563372f41426461522b79516e2f436d6a774e34336c49467a34396e5544736b522f787230536967447a3466432b2b6d482b6d2b4d39576d4236684732672f72536a344f61473737727255645475542f414e4e4c6976514b4b414f4b672b4550672b44725979792f39644a6d4e614d5077373849776663304730507275556b2f7a72704b4b414d714477723465747a2b363053785836774b663531615853644e5159585437554430454b2f3456626f6f417174704f6e4d753174507453443677722f6856615877316f6332664d3069786250584e7576384168576e525142675365426643306f496b304b7962302f6459785437507756345a734a444c62614a5a6f2f7235514f507a72636f6f415259315251714b46413641436c6f6f6f414b4b4b4b414369696967416f6f6f6f414b624a7638414c6259514778775430427031464148426547664653367663586e686a786446436d7052794d42464c48684a3037597a55476f2b414e51385033626178344775327470426c704e506b624d553373503841412f6e5852654b76424f6c2b4b6f416268544465526a393164522f66512f314874584b32336950784234447549394f38566f312f704c4862447155665666514e2f6e3836414f6a3849654e7266784b4a4c533469617a315733474a37535471434f7058314664534b34627862345969385177512b4a6644633678367443504e676e684f524d6f2f684e6248677a7854483470305662686c38713868506c33554a47436a6a7278364767446f614b4b4b414369696967416f6f6f6f414b4b4b4b414369696967416f6f6f6f414b4b4b4b414369696967416f6f6f6f414b4b4b4b414369696967416f6f6f6f414b7776462f696d31384b614c4a657a6b4e4d3379775135356b633950773961314e52314731307254357236396c4555454b466e592b6c65642b477450752f48336949654c645a694b36626248627074713352734837352f7a2f41436f41312f682f34587562564a764565746a66712b702f4f32376b776f65696a30375632394e7052514159726a2f4664743477754e514e76346568734c57336d6a437958736e2b7458505846646a534367436e704e6e6361667056746133563439354e4567447a7639357a366d726c4c525141555556786e6976564e53307a786e345a38696556624b366d654b346a555a4445394361414f796f6f6f6f414b4b4b4b414369696967416f6f6f6f414b4b4b4b414369696967416f6f6f6f414b4b4b4b414369696967416f6f6f6f414b4b4b4b414369696967416f6f6f6f414b4b4b4b414369696967416f6f6f6f414b4b4b4b414369696967416f6f6f6f414b4b4b4b414369696967416f6f6f6f414b4b4b4b414369696967416f6f6f6f414b4b4b4b4146717666575674714e6e4a61586b4b5451536a61364f4d676972464641486d4f6e5050384e764663656b547a4754772f71626e374c49352f31442f33632b6e2f414f75704e597834482b49317272555079615a725a454e326f48416b374e2b75667a72706669426f533639345076494658392f41766e514d4f4372727a77653370584d58546e787638467a63685139334244767a30496b6a366e38682b7441487065366c72433847617132746545644e763548335353514153483159634531754367416f6f6f6f414b4b4b4b414369696967416f6f6f6f414b4b4b4b414369696967416f6f6f6f414b4b4b4b414369696967416f6f6f6f414b624a496b55624f374256555a4c45344148636b3036764e7646657358766a505847384736424c7374302f35435632703456633871505767437664797a66464c7846396b746938666872547050337367342b314f503466702f546e7658707476627732747648623238617878524b46524647416f48515655306252724c51644d68302b776945634d5178376b39796655316646414252525251415555555541464646464143317a2f4149793851782b463945477176614c64464a6b5255593478754f4d35726f4b346e34764c752b487432632f636c6a62386d6f413746706c537a4e30774f77522b59514f546a47617a7644506947323855614c48716c70484a4647374d757954475151616b676b2b306547456b3635744d352f3442584d2f422f7744354547486a2f6c356c2f6e514232394646464142525252514155555555414646464641425252525141555555554146464646414252525251415555555541464646464142525252514155555555414646464641425252525141555555554146464646414252525251415555555541464646464142525252514155555555414646464641425252525141555555554146464646414252525251417956424a47794d4d686c49492b6f78586e2f777069442b4664573034347848657a52626532434b3944727a2f414f4678326168346f74656769314a73666a6d67412b4430726a777a6432546e6d30765a45783663394b3941466342384d5657505576466b4b6664545658782b74642b4b414369696967416f6f6f6f414b4b4b4b414369696967416f6f6f6f414b4b4b4b414369696967416f6f6f6f414b4b4b4b414369696967446a766946346d6e30797969306253515a4e583152764b6843395931505676384b742b457443302f7768706b576d6d346a4e37506953346b6467476d6b5055386e4a41365679614e6433507858385258454d55647871566c59676164484b32426e414866362f72586d33694851664674724e4a71327443525a6432387950634c757a36415a7a5142394e556f724e384f797a3350687a5470376e506e535773624f54314a4b6a4a72537851415555555541464646464142525545743761572b54506477524164533867474b773733346765453744496e317931794f716f32382f6b4d3041644a5845664632366a693843543278493832366c534b4a633873633971717a2f4651583068742f444f68582b707a6446646f396b593938306d6d2b454e643851617a62363734306c695032646739747030584b526e7475375541644e4d7236583445644a446872665473452b346a726c664274332f596e7758652f5a734d734d30692f553578585166454b36467034433169516e4261334b4c3957342f72523452306942766839706d6d33734353787957712b5a473479477a7a2f57674376384c3470342f414f6e766353504a4a50756c79375a4f474a497272615a46444842436b4d4b424930554b71676341446f4b665141555555554146464646414252525251415555555541464646464142525252514155555555414646464641425252525141555555554146464646414252525251415555555541464646464142525252514155555555414646464641425252525141555555554146464646414252525251415555555541464646464142525252514155555555414665652f446b2f77444657654d462f77436e38483954586f5665642f44303438622b4d45485437597638326f416d2b47662f41434750462f38413246572f396d727671344834592f4e71666932516448315a38666d61373667416f6f6f6f414b4b4b4b414369696967416f6f6f6f414b4b4b4b414369696967416f6f6f6f414b4b4b4b414369696967416f6f6f6f41344878336f577032657232336a505156615339736c32334675762f41433269376a38732f77435255656b616234483866587639762b5130742b32505074704a546c47474f713578586f56635834672b48467066337638416175695854364e716f4a595451634b352f774270522f53674473315655514967327176414137436c466563782b4b504850686e454f752b486a71304b384337732b546a33412f384172564b2f78576559626248776c71383070364b385730666e514236413768464c4d514141535354307168702b76365471724d746871467663737077566a63456731773178706e6a6e78763841756457322b48394a663738455a33545344332b7461567838492f4444775269305735735a3431774c69336d49596e315072514231326f57306c377038397444645357736b7146566e6a2b39476655653963493377706d756d7a652b4c64576d2f33583230355042586a5453686a5366476a796f5075706570752f586d6d69483474512f4b732b6a7a6a2b3832416636554157726634516547553576477662357657613450386857315965425043326d734874644574566366784d75382f726d7562492b4c682f36417635696c466c38575a666c6655644b684839344b442f53674430474b474b464e7355617872364b6f412f536e59727a30792f465854766c61485374535538376764702f4c696f322f3457784b78767a2f4147624549756c6b702f31672b7638413965674473764558682b30385336532b6d3372534c43374b784d62594f5163316f77777832384b51784c74534e51716a30414742584736423851323144573030545764496d306e554a464a5154484379456467542f774458727461414369696967416f6f6f6f414b4b4b4b414369696967416f6f6f6f414b4b4b4b414369696967416f6f6f6f414b4b4b4b414369696967416f6f6f6f414b4b4b4b414369696967416f6f6f6f414b4b4b4b414369696967416f6f6f6f414b4b4b4b414369696967416f6f6f6f414b4b4b4b414369696967416f6f6f6f414b4b4b4b414369696967416f6f6f6f414b38392b485a2f347244786d2f635867782f774350563646586e7677792f65367634747568306c3145676668752f77416141462b464c65592f6953582b2f71622f414e613942727a33344f444f6a61744c31387a55584e656830414a525252514155555555414646464641425252525141555555554146464646414252525251415555555541464646464142525252514155555555414646464641425252525141555555554146464646414252525251427866784e385053616a6f716178702f79616c704c666149575563736f36722f577476776c7238586962773561366e46674d36375a467a3978783146624a415945455a42366731356e6f5262774e38523574446b2b5853745a4a6d737965697964782f5438714150544b4b4b4b414369696967416f6f6f6f414b4b4b4b414369696967416f6f6f6f414b4b4b4b414369696967416f6f6f6f414b4b4b4b414369696967416f6f6f6f414b4b4b4b414369696967416f6f6f6f414b4b4b4b414369696967416f6f6f6f414b4b4b4b414369696967416f6f6f6f414b4b4b4b414369696967416f6f6f6f414b4b4b4b41436969696741727a763456444f6836376466383964526d4f50702f2b757539764a44485a54755034593250354375422b465a2f347437657a486b535845374530415366426a6e7770647633612b6b7a2b6c656856775077624248676c69527731374b522b6c643951416c46464641425252525141555555554146464646414252525251415555555541464646464142525252514155555555414646464641425252525141555555554146464646414252525251415555555541464646464143317948784a384f76726e687733467038742f703766614c64674f636a7150792f55437576704341526730415950677678436e6962777a6136674f4a5375796466377367345038732f6a5739586d6d6c4f504133784e754e4b64746d6d6132504e747a325358755036666c58705a6f414b4b4b4b414369696967416f6f6f6f414b4b4b4b414369696967416f6f6f6f414b4b4b4b414369696967416f6f6f6f414b4b4b4b414369696967416f6f6f6f414b4b4b4b414369696967416f6f6f6f414b4b4b4b414369696967416f6f6f6f414b4b4b4b414369696967416f6f6f6f414b4b4b4b414369696967416f6f6f6f414b4b4b4b414b57737965566f642b344f43747449522f7742386d754c2b473062526643546365725233446a3966384b366e78624e396e384a61724c6e473231632f705850654530467038476f69772f35634a5a4d66554d663630414f2b4543592b483973784f5338736a483836376975522b4673657a346561576637794d332f6a7872727141456f6f6f6f414b4b4b4b414369696967416f6f6f6f414b4b4b4b414369696967416f6f6f6f414b4b4b4b414369696967416f6f6f6f414b4b4b4b414369696967416f6f6f6f414b4b4b4b414369696967416f6f6f6f414b4b4b4b414f512b4a5767507250686c726d31474c37546d2b3032376a71434f534239636670577034503139504576687130314a534e374c746c486f3434623961322b4343434d673951613832384e377642767848767644724862702b725a754c50505257366c66352f705142365452525251415555555541464646464142525252514155555555414646464641425252525141555555554146464646414252525251415555555541464646464142525252514155555555414646464641425252525141555555554146464646414252525251415555555541464646464142525252514155555555414646464641425252525142792f77415372735766674456585057534952442f67524172493032344d587751456e64644d624835592f72576438616232656577302f51625146357270326d64462f756f4f2f77434f667970594a475037506b682f366357582f7741666f41366e34626f592f68396f366e76426e39545854317a336752416e676252782f77424f7156304e41435555555541464646464142525252514155555555414646464641425252525141555555554146464646414252525251415555555541464646464142525252514155555555414646464641425252525141555555554146464646414258442f414253306957625249646373562f3037534a524f6a4472737a387772754b6a754959376d435343565130637146485539775267304155394331574c586445744e546759464c6d4d5067667774334835316f59727a763463545361447265722b44626f342b7a536d34744d2f7852743666702b64656930414a5252525141555555554146464646414252525251415555555541464646464142525252514155555555414646464641425252525141555555554146464646414252525251415555555541464646464142525252514155555555414646464641425252525141555555554146464646414252525251415555555541464249414a4a774279545258472f45665835644e30524e4d73634e71657174396e676a7a79416547622f414f7651427a6c6a472f6976582f456e6957564339725a57736c6e5a456e494f464f342f3539616873356a2f414d4d37796b646f58552f392f635633476e6142443464384350706357415972522f4e5944377a6c53574e656532446766733933532b6a4f502f4836415053664267322b43394839374f4d2f2b4f317541316b6545314b2b45644956756f733467663841766b567230414646464641425252525141555555554146464646414252525251415555555541464646464142525252514155555555414646464641425252525141555555554146464646414252525251415555555541464646464142525252514155555555416565664561326c305056744c386132696b6d796b455632462f696a5939542b6f727637573569764c534b36676350464d67644748634870566656394e68316653626e5472685130567847555948333731787677763147653168767643656f75546561524b56516e2b4b496e676a3666316f41373669696967416f6f6f6f414b4b4b4b414369696967416f6f6f6f414b4b4b4b414369696967416f6f6f6f414b4b4b4b414369696967416f6f6f6f414b4b4b4b414369696967416f6f6f6f414b4b4b4b414369696967416f6f6f6f414b4b4b4b414369696967416f6f6f6f414b4b4b4b414369696967416f6f6f7942795467657441454e3164513256744c63334468496f554c7578364143765038417764627a2b4d504656783431765939747045576830794a75675563462f774450636d6f6645476f3348784431372f684664496b5a644c743344616c654a30664838436e76332f4776524c437974394e736f624f316a45634d4b424555644142514161694e326c33593959482f41505154586a6d6e6a2f6977576f6a307548482f4149384b395338586137626548764456356633484f49796b61597958636a41482b6653754f30507766655466434735307934594a6358697663786f50344d3868542b583630416476345a2f354666532f2b76534c2f77424246616c6366384d746258562f423174457849754c45665a353062717058702b6e396136385541464646464142525252514155555555414646464641425252525141555555554146464646414252525251415555555541464646464142525252514155555555414646464641425252525141555555554146464646414252525251415555555541466564655037656277313469303378745a787379524d494c3955422b614d39436366353656364c5662556450747456302b65787534784a444f685231396a51424a61334d4e356178334e75346b696c554d6a447544557465632b4374546e384a61314c34483171624b71786654626875466b512f772f5776526330414c52525251415555555541464646464142525252514155555555414646464641425252525141555555554146464646414252525251415555555541464646464142525252514155555555414646464641425252544a706f37654635706e574f4e426c6e5934436a336f4166584d2b4a6648326965476e2b7a7979746433704f46746263626e4a392f537562763841786472506a58555a64453848715962524d4a63366d334141373766366436365077763443306677306f6d524775373967444a65542f4d3748327a3933384b414d464e5a2b4a50695162394e307133305733492b5753364f58492b682f77715250412f6a473835314c783150482f73577159582b5972304b6b464147525034664e33345a476933477058544d596847393072625a477833724b384f66442b33384f616f4c2b50574e527569464b2b58504c6c546e766975734e416f414b4b4b4b4143737255764647686152646d313144566261336e43686a473763344e61745a576f2b4674423169374e31714f6c57397a4d51427664636e464147527150784f3849366645572f74614f35662f414a3532366c32726d376e5766465078464a737448744a4e4730567a2b39765a75486b587546482b483530795451744b73766a54706c6e5a6166627851697a643369435a584f447966664e657068516f4141414136414367444c38502b48374477317063656e36664874526557632f656b6275536657744f6c78526967447a6a58596e38586645363030535435394f306c42633343394e7a6b38412f6f4b394878774f423037563537344559585078433858335844447a6c6a446533502b4665685541655a336b662f43432f45794b2f6a79756c612b78696d412b37484c6e722b6638414d31365943434d6a6d75472b4c39716b336757613450456c704d6b735a3938342f725858615449302b6a574d7a2f656b74343262366c51545142626f6f6f6f414b4b4b4b414369696967416f6f6f6f414b4b4b4b414369696967416f6f6f6f414b4b4b4b414369696967416f6f6f6f414b4b4b4b414369696967416f6f6f6f414b4b4b4b414369696967416f6f6f6f414b4b4b4b414369696967416f6f6f6f41352f78663453745046576e434b512b5264516e6662334b2f656a59644b357252504856356f463275672b4e6f7a625471646b4f6f592f6454447353663631364c564c564e48302f57725272545562574f3468622b4678795063487361414c554d3056784573734d695352734d71364e6b48386166586e6266446a5639426e4d33672f78444e6149546e374a6335655050706e2f36314566695434693656386d7065466f7239564743396c4a676e33786b2f7741714150524b4b38362f3457386b4a4b586e6862563448484278486b6630702f384177755053502b675071332f666a2f363941486f56466564743859744f34386e5164586c50744150386164463854645776546a5466424f71536b64354473483871415051714b383862784c385362722f6a31384a577473703665664c7a2f4f685238574c6f2f77444d497442324a2b62483836415051364b3443545150695a634c6d54785a597765766b77486a394b692f34516e78374e3830336a755250614e4467554165695556353450687834696c2f342b76486d6f4e2f75706a2b745058345753762f414b2f78647245685055712b32674430436975412f77434652325466367a784672622f57352f384172554834526163464f7a584e5956757a66614d342f53674476364b383754774a34783035674e4b38625373716e4b78334b456a386148765069707062596b734e4e31524637786e61542b484641486f6c4665657638544e5630774264623847616a41782f6a672b6348386356647450693134547543466e7570374e2b3633454c4c6a3861414f316f724c7350453268616e4876737457745a7659534148386a576d474444494f523630414c5252525141555555554146464646414252525251415556683635347a3048772b702b333668474a6563516f647a6b2b6d42584d6632393478385a6a5a6f5667326961652f427662762f414668487171397638383041644e346b38593652345869483232626663742f7137614c35704850734b35574c5276456678416c5335385146394a3058377957456266764a6832332f414639363366447667445374436b2b327a627452314e755875376f37327a37447458553041656236464246344e2b4b46316f735a5744547458685757315563414f6f365a39654458704972692f69586f4e786636544272476d35585564496637524552315a5279792f706e384b33504376694b323855614642714e75514379346c54504d62397761414e6969696967416f6f6f6f414b4b4b4b41436755566d654974626738506144643670634d41734d5a4b672f784e30414834304163666f54663274385a745a764647553036315732567666674776524b346634566154505a2b485a4e5676682f706d72536d34636e72745033663861376967424b503539714b4b4150483951736454384d624e45744c7a4f756549645238365357337a6c4967632f5876587273515a596b566a754b714157376e3372797a58702f4b2b4a657533704a45756e614b58746950344351426b652f4e61656b2b4d5a744338466547704c754f58554c6a564a4245435847345a50586e72316f4176384178514d5635344d3153796875454e7a626f73377768766d4b42686e6a30726f504339374671506862544c7148377232796365684177663142727a505870516647766a56777534523654355a347a79514d667a727576687a43385067445231635950326348387961414f6d6f6f6f6f414b4b4b4b414369696967416f6f6f6f414b4b4b4b414369696967416f6f6f6f414b4b4b4b414369696967416f6f6f6f414b4b4b4b414369696967416f6f6f6f414b4b4b4b414369696967416f6f6f6f414b4b4b4b414369696967416f6f6f6f414b4b4b4b414369696967424341656f422b6f70766c52663841504e502b2b5254364b4147694e423052422f77455536696967416f6f6f6f414b4b4b4b414369696967416f6f6f6f414b4b4b4b4143714e376f6d6c616c4759373354726134553970496c4e58714b414f4f76766858345276636c4e4e2b79502f4148375a796e36644b7a312b465273584c364c347031577762734e2b38442b566567304367447a74664433784c30334a7450464674656a2b3563526a6e38534b5674612b4b46677969667737596167423161336b786e39654b3945704d554165664c3852396374567a71586766556f79423878672b63667970462b4d576b707864365471647366526f633136485454484533336f315034554163442f414d4c6b384f39725855536654374f61542f686179542f38672f77787139326634534963437539386944502b70542f766b564941414d41596f4138394869583469366b775778384977574b48704a65533578515042666a485732502f41416b5069743459482b3962574337415236452f2f7272304b6967446e4e442b482f687a514857613273466c7546482b766e506d4f667850394b3649486a48474236557446414355555555414241494949794431466561363170462f34423175587846346668616653707a6d2f735548432f37536a36313656534d6f594545416a474d455a464147646f657636623469302b4f39303235575647487a4b4438794830493747744b764e664633685348776f6c7a3472384f366c2f59383051335377597a444e3759374531712b424c37556f6643313134673854333556627076744369586859592b7839732b6c41486130567847676646505164627537794f61614c54345957416865346b436d59633834375630482f43572b485038416f4f36662f77434243304161394663727158784b384b3659694d327152334264776d32334f38726e7566616e2b4e50467a65472f4379367a5a573658676b5a417535734b413351356f413337362f74644e73354c75396e5343434a647a753577414b3832323366785438517779694f5744777859536267574744644f4f6e3466307a5752345a5650695871706b3855363538304c356a306c5033595a6655656f2f57765a4c5732677372614f32746f6b68686a473145515943696742796f73617169414b6967414b4f314f464c5251416c464646414746346a3062546e3076564c34326b517558737049336e322f4d56786b445031727976546d4d2b6b6644314a51646f753358424858446b563670347930665564653042394d3036366a746a634f717a534f442f414b762b4c474f396366342f306c5044576b2b4762717a552f5a64477534316231326e71543963554154654356696d2b495869373757413130306f554b526e4d582b6356364d694c47696f696856555941413441724c747444306b363633694f3269786433454951794b6547583178363171304146464646414252525251415555555541464646464142525252514155555555414646464641425252525141555555554146464646414252525251415555555541464646464142525252514155555555414646464641425252525141555555554146464646414252525251415555555541464646464142525252514155555555414646464641425252525141555555554146464646414252525251415555555541464646464142525252514155555555414646464641425252525141555555554146426f70484c4254744f44673450765142357072652f783938515638506838615270424574305650456b6e39332b6e35317a336a2f77415572722f694f79384e5751596156426452785468506c45725a786a506f426b663546516158346e506876542f45756d65524d66454e2f6573734b62446b687541632b335846614e333458547739636543644f6250326965384d317a4965535a4f4d2f6c306f4174613734593053663472615070423032464c4e7251744a456937512b4d347a6a364375712f34565a344e2f3642432f392f472f78724c3154412b4f576b483173472f6d6139436f41356a2f41495631345453326d68693061336a4d71464334424c4450635a50577555384e577a332b6a6135384f7457597663326566737276314b486c546e324a483531366c586e6e6a7058384f654c3947385851714243376931765064543050355541633934613065323861364664615266514e6161396f6637754f38694f44675a32672f54474b37503458362f65363734572f346d4c2b5a63326b7251504a2f6678304a3936356278797570654666466936746f4b7073312b493237715468544952393750546e49503172752f424868722f6846764463566849346b7543786b6e64546b467a3147666167446f4b4b4b4b41436969696742616a754c614337676143356853614a76764a496f5948384455676f6f416171684643714141426741446f4b57696967416f6f6f6f414b4b4b4b414369696967416f6f6f6f414b4b4b4b414369696967416f6f6f6f414b4b4b4b414369696967416f6f6f6f414b4b4b4b4143756238526174346f734e5168693062773948714e75773353537463424e70394d56306c416f4153504a6851734e70494249394b347a565045486a7132314b654854764355567a616f3249355463344c44317832727461514367446d2f4465712b4b4c397031317a5149394f456141784f732b2f6565654d64717835664566784257567848344c674b686a676d3637647137796b464148412f384a4e38525038416f536266384c6d6a2f684a76694a2f304a4d4834334e642f52514277482f43542f455874344b74762f41716a2f684a2f695032384577662b425038413965752f6f6f4134482f684a76694f6576676d33502f6231516645337846482f41444a46762f3446563331464148416a784e3852542f7a4a467638412b42564238546645556638414d6b572f2f6756586655554163422f776b2f78462f77436848672f384371582f41495362346b66394356622f415067562f7744587276714b414f42506966346b663943564166384174362f2b76522f776b3378492f7743684c672f38437638413639643952514277502f435466456a2f414b4571332f3841416f663430663841435466456a2f6f5334503841774b7276714b414f422f345362346b66394358622f774467534b502b456d2b4a482f516c572f3841344569752b6f6f4134452b4a2f6951502b5a4b672f7744416b556e2f41416c4878492f36456d442f414d4361372b69674467502b456f2b492f6277524150384174352f2b76536e78503853422f77417956422f34452f3841313637366967446752346e2b4a422f356b71442f414d436144346e2b493436654359502f41414b2f2b7658665555416343504533784850587754622f415067562f7744586f506958346a6a70344a74782f774276566439696a4641484166384143546645633966424e7638412b42582f414e656c2f7743456d2b4933627754626a2f74362f77447231333946414841487850384145676638795641662b336e2f414f765150452f784837654359422f32396638413136373669674467662b456d2b4a482f41454a56762f3446662f587044346e2b4a482f516c51662b42503841396576514b4b415050763841684a2f69522f304a4d482f67542f3841586f2f345366346a6e7234496750384132382f2f41463639416f6f41382f38412b456d2b49763841304938482f67542f4150586f2f7743456e2b493436654349422f32382f7744313639416f6f41382f2f7743456e2b4a482f516c512f68632f2f586f2f345366346b663841516b77662b42502f414e6576514b4b41505038412f684a2f69522f304a4d482f414945436a2f684a2f69522f304a4d482f67542f41505872304369674467502b456f2b4a482f516b7766384167542f39656a2f684b5069522f77424356442f3446663841313639416f6f413441654a2f6951662b5a4b742f2f41722f414f765166452f78492f364571332f38436137366967447a2f7744345366346b66394354422f3445436a2f684a2f69522f77424354422f34454376514b4b4150502f3841684a2f69522f304a4d482f67534b502b456e2b4a482f516b7766384167514b39416f6f4138334f72654f6e7578644e3850724d33436a43792b634e772f47736e785244385166457a324578384c4a5a3346684e3573557154686a6e30786b653335563639525142343562577678475878576e694f39384f7064585563426852424b71496f2f50363130763841776b7678462f364579442f774c2f38417231333254526b304163416645337846482f4d6c776e3658662f31367a6645567a34383853614a50706435344b69574f5a65474679435559644748505556366a6d6a4a6f41385176744a2b4a6570364e702b6c586d69724c4259756a6f323551376252786b35727278346c2b49366a482f434651483633517230484a704b414f422f345362346b66394352622f77446755503841476a2f684a7669522f77424352622f2b42512f787276714b414d50777a7157763668627a7472326a70706b694e694a456c333778332f5773473438522f45424c69524c66776243385373516a4e645a794f782f4b75366f4e41475a346575395676644c4532733663756e3352636777724a7641485935714c784c6636317039696b6d68365175707a73323134326c324256396665746967304156724753346d73594a627541573977364270496732344978375a37315a6f6f6f414b4b4b4b414369696967416f6f6f6f414b4b4b4b414369696967416f6f6f6f414b4b4b4b414369696967416f6f6f6f414b4b4b4b414369696967416f6f6f6f414b4b4b4b414369696967416f6f6f6f414b4b4b4b414369696967416f6f6f6f414b4b4b4b414369696967416f6f6f6f414b4b4b4b414369696967416f6f6f6f414b4b4b4b414369696967416f6f6f6f414b4b4b4b414369696967416f6f6f6f414b4b4b4b414369696967416f6f6f6f414b4b4b4b414369696967416f6f6f6f414b4b4b4b414369696967416f6f6f6f414b4b4b4b414369696967416f6f6f6f414b4b4b4b414369696967416f6f6f6f414b4b4b4b414369696967416f6f6f6f414b4b4b4b414369696967416f6f6f6f414b4b4b4b414369696967416f6f6f6f414b4b4b4b414369696967416f6f6f6f414b4b4b4b414369696967416f6f6f6f414b4b4b4b414369696967416f6f6f6f414b4b4b4b414369696967416f6f6f6f414b4b4b4b414369696967416f6f6f6f414b4b4b4b414369696967416f6f6f6f414b4b4b4b414369696967416f6f6f6f414b4b4b4b414369696967416f6f6f6f414b4b4b4b414369696967416f6f6f6f414b4b4b4b414369696967416f6f6f6f414b4b4b4b414369696967416f6f6f6f414b4b4b4b414369696967416f6f6f6f414b4b4b4b414369696967416f6f6f6f414b4b4b4b414369696967416f6f6f6f414b4b4b4b414369696967416f6f6f6f414b4b4b4b414369696967416f6f6f6f414b4b4b4b414369696967416f6f6f6f414b4b4b4b414369696967416f6f6f6f414b4b4b4b414369696967416f6f6f6f414b4b4b4b414369696967416f6f6f6f414b4b4b4b414369696967416f6f6f6f414b4b4b4b414369696967416f6f6f6f414b4b4b4b414369696967416f6f6f6f414b4b4b4b414369696967416f6f6f6f414b4b4b4b414369696967416f6f6f6f414b4b4b4b414369696967416f6f6f6f414b4b4b4b414369696967416f6f6f6f414b4b4b4b414369696967416f6f6f6f414b4b4b4b414369696967416f6f6f6f414b4b4b4b414369696967416f6f6f6f414b4b4b4b414369696967416f6f6f6f414b4b4b4b414369696967416f6f6f6f414b4b4b4b414369696967416f6f6f6f414b4b4b4b414369696967416f6f6f6f414b4b4b4b414369696967416f6f6f6f414b4b4b4b414369696967416f6f6f6f414b4b4b4b414369696967416f6f6f6f414b4b4b4b414369696967416f6f6f6f414b4b4b4b414369696967416f6f6f6f414b4b4b4b414369696967416f6f6f6f414b4b4b4b414369696967416f6f6f6f414b4b4b4b414369696967416f6f6f6f414b4b4b4b414369696967416f6f6f6f414b4b4b4b414369696967416f6f6f6f414b4b4b4b414369696967416f6f6f6f414b4b4b4b414369696967416f6f6f6f414b4b4b4b414369696967416f6f6f6f414b4b4b4b414369696967416f6f6f6f414b4b4b4b414369696967416f6f6f6f414b4b4b4b414369696967416f6f6f6f414b4b4b4b414369696967416f6f6f6f414b4b4b4b414369696967416f6f6f6f414b4b4b4b414369696967416f6f6f6f414b4b4b4b414369696967416f6f6f6f414b4b4b4b414369696967416f6f6f6f414b4b4b4b414369696967416f6f6f6f414b4b4b4b414369696967416f6f6f6f414b4b4b4b414369696967416f6f6f6f414b4b4b4b414369696967442f2f5a, 124000);
INSERT INTO `users` (`id`, `name`, `password`, `phone`, `zalo`, `createdAt`, `updatedAt`, `fbUrl`, `avatar`, `money`) VALUES
('663955a0-24c5-4903-a83e-a78bc51daf74', 'Quan Vu Hong', '$2a$12$.8LHyjI9E/gJBe6B2ci1Y.IBAEUqjEC2fvW./RnrWL/CpIL2wtjNq', '09263472363', NULL, '2023-10-29 13:49:02', '2023-10-29 13:49:02', '', '', 0),
('66d588b8-1294-48f6-813a-9ec50897bdf8', 'Cao thi cuc', '$2a$12$nwxzQoTDnQgW.yOaA5FxI.2GzHWCtsuqxJWER1..iuX.mFfBgX83q', '0909634270', '0909634270', '2023-11-05 16:36:56', '2023-11-05 16:36:56', '', '', 0),
('68c2f67b-6728-42d4-b2df-5cba1a52d8fc', 'Nguyễn Thị Liên', '$2a$12$YE.z4SZZPd29cKbZ0wUVFOtl9SmCr./q/8G3hXGp6wbYJRs7LOUY6', '0931162255', '0931162255', '2023-11-05 16:37:01', '2023-11-05 16:37:01', '', '', 0),
('69872723-7a2f-4136-a700-928eec35e0a4', 'Chị Đoan', '$2a$12$WkIrK9t7tro.YgLTucdYVuqKIxD.2CVPlDejfKPWL1nblijU7ZrPK', '0903934756', '0903934756', '2023-11-05 16:36:55', '2023-11-05 16:36:55', '', '', 0),
('69f288c3-0240-422a-b04b-6167dd530df7', 'An An', '$2a$12$H75Y73ckq/ThMINzAGXZTeIF1UaLSPdhykdfbUPaxB9aBp5MYZuzC', '0777077612', '0777077612', '2022-08-23 05:10:44', '2022-08-23 05:10:44', '', '', 0),
('6cce1d4f-bf0c-4282-a13e-7769f1b82e8a', 'Nguyễn Hoàng Nhân', '$2a$12$lQ.ZDULQYANK0ciS8RjMz.qItB7QzTl/2ksrEd9pg2b/1rYxeWdUm', '0937475715', '0937475715', '2023-11-05 16:37:03', '2023-11-05 16:37:03', '', '', 0),
('6d74587e-e6e8-4c0b-9a28-9c195043fe69', 'thutt89', '$2a$12$ihgjeFECHwuce7CqTdQYee0JJF5uWqgtgoP/IWlC5EncDrQO8/WKW', '0987878949', '0987878949', '2023-11-05 16:37:01', '2023-11-05 16:37:01', '', '', 0),
('6e1b457c-4278-419c-b763-c50837e346bf', 'ThuecanhominiQ7', '$2a$12$afu3McWGEgho.7QstwL6L.j2lsHz7EHs0LJIYLC1uThi7zd9xkwgy', '0988373731', '0988373731', '2023-11-05 16:36:54', '2023-11-05 16:36:54', '', '', 0),
('6ecff9d7-c6d0-4180-b3c0-7854f003eb79', 'Loan', '$2a$12$72S52FR7Ad87gfF6fRfuyuRIvBRjznUt42OsBCcP1euYP9FTYS3em', '0978111919', '0978111919', '2022-08-23 05:13:33', '2022-08-23 05:13:33', '', '', 0),
('6ef48626-eb13-4d23-923f-534afe490c0d', 'Văn Chung', '$2a$12$RpF9nchOlEmJJ.nU67uezew76TVn4fkSbaMTJslpM6LUm5neZb59y', '0896119779', '0896119779', '2022-08-23 05:13:27', '2022-08-23 05:13:27', '', '', 0),
('6f476d4d-1cfc-403b-b72f-6f160644f2de', 'thuyngocnt78@gmail.com', '$2a$12$4vLXni6i8fApFD5O2HdW3uKY5KuE84.TW1zjlgwxj.1.IE6XGs5.e', '0907667248', '0907667248', '2023-11-05 16:36:56', '2023-11-05 16:36:56', '', '', 0),
('700d12fa-44f6-4f1f-80da-493b697f1eaf', '111123', '$2a$12$MBJ6q0eP.O/POU.HliAOAuDz8bminndlxymXaHGfYiS/j4FUa5AP2', '1111', NULL, '2023-11-04 08:04:10', '2023-11-04 08:04:10', '', '', 0),
('715922d0-9862-4847-b2ec-3551f11afb80', 'Hoàng Dung', '$2a$12$qHWwie8m23lo0fwW69uFu.5G2ZRlVMiuf1/JybroBJwEmhNCc6QbW', '0979698768', '0979698768', '2022-08-23 05:12:11', '2022-08-23 05:12:11', '', '', 0),
('718634f3-ed15-4dc1-a0ea-d6f51f0391ef', '1231231231', '$2a$12$TNMvYqkCctLLMzb/aD3P/.QZtIQUqULy.nrsHMH2UfOH8H/Lb2Mwq', '123123123', NULL, '2023-11-04 13:35:55', '2023-11-04 13:35:55', '', '', 0),
('71abd1b1-8f01-42c8-a8a7-93e2b4fccb08', 'NGUYỄN AN', '$2a$12$9KeiR4Asdw.MBL8LQBzobey.l8KpBJFD8HIbGAN9KCewNdHjSmE/S', '0979144859', '0375174435', '2023-11-05 16:36:58', '2023-11-05 16:36:58', '', '', 0),
('72b21778-2c17-4d61-ab67-463beaf873df', 'BÙI HÀ PHIẾU', '$2a$12$2Ee0wb0e3catpvLwV5uYruGVmWtQarf00l8w7zy3D5WvfDrPdTmga', '0583165215', '0583165215', '2023-11-05 16:37:05', '2023-11-05 16:37:05', '', '', 0),
('733adf61-162d-48f4-8d65-d5994dbe78be', 'Tài Megas', '$2a$12$g0PTFhoJqhoDaSFc14nGhO9jkQt6oz3ymbJY/zPdBtBzgucfaZ87O', '0862421728', '0862421728', '2023-11-05 16:37:04', '2023-11-05 16:37:04', '', '', 0),
('73a7ae50-eeae-4248-866b-0bc7e3e98f02', 'hoangle2706', '$2a$12$lGlf0jw16ukHfwnFDNGW2eONnxlB6SRfij.qeVgPhIdB5BAYZgDpS', '0937554570', '0937554570', '2023-11-05 16:37:09', '2023-11-05 16:37:09', '', '', 0),
('7425bed9-0704-4e1c-9e95-109fb6d3d517', '123412341234123412341234', '$2a$12$6GdPNaiij1NouLndP3yW0uGYFbODskqMkayLWuKpY6ekOSu1Hqkk6', '123412341234', NULL, '2023-11-08 13:22:22', '2023-11-08 13:22:22', '', '', 0),
('7485495a-02dd-410f-a4cf-f7265e56c7e4', 'Khánh', '$2a$12$i1kJulJzZspI3W1MXAdf3e1jf/WWeitEbKOk3ICCh/2fOFFstU9PW', '0949605388', '0949605388', '2023-11-05 16:37:08', '2023-11-05 16:37:08', '', '', 0),
('74d1e5f5-e3ba-4956-a920-3b0314c7fdc7', 'Thùy Trang', '$2a$12$xtHwXzSchP5ZZFoa6kaGxe.hWoJzTlp7iqSdrd6YzmB6Qm1GVOZWS', '0707142793', '0707142793', '2022-08-23 05:10:41', '2022-08-23 05:10:41', '', '', 0),
('75137a77-21a5-4db7-be2e-f419b019bfdf', 'huỳnh thị mỹ trâm', '$2a$12$AnxW66gHWK/UBOlMOFFD0uR6TBYMQ.WTLKkTFCMMdBKSf13Sfghiq', '0916668326', '0916668326', '2022-08-23 05:13:23', '2022-08-23 05:13:23', '', '', 0),
('772e5461-92a4-45d0-a63d-0fb819390189', 'thuy phan', '$2a$12$l8uPRVyThtdPvYKUbDg9s.othz6iDIrtYFnj.b8oX6V0s609np6Ti', '0913609230', '0913609230', '2023-11-05 16:37:00', '2023-11-05 16:37:00', '', '', 0),
('7882952d-b225-4303-aaf9-6def2f70a8fa', 'Manh Nguyen', '$2a$12$zNSz3Ji4YHuX8ruITy9vWurXPqz0c/sFE/SfgqXZLTLXwynkhSEGi', '09672633891', '', '2023-10-29 07:11:05', '2023-11-18 20:42:01', '', '', 2100),
('7979fc02-7b79-4361-85d9-b22f70615b78', 'van528', '$2a$12$.tmNQJFTz9CIZLhQDrw4NepogdAu7KKrVNKCi7KkTk71yIPrtAGcG', '0919990528', '0919990528', '2023-11-05 16:36:55', '2023-11-05 16:36:55', '', '', 0),
('79aa6c85-a97b-4d70-a968-15b845a0d166', 'Co Van', '$2a$12$Vkzxowi2P66Wp6gkKvCLy.ozhwrJH0wTFxnp1uZ2jbVCuqxjseykS', '0344268548', '0344268548', '2023-11-05 16:37:00', '2023-11-05 16:37:00', '', '', 0),
('7a5d4733-f03f-413c-90a8-28ced645d203', 'vylost297', '$2a$12$MuploIvI0F22.KPzT780GuS7mpMUmwudEExqx.ydzqYyLFv0CwZVG', '0767326068', '0767326068', '2023-11-05 16:37:01', '2023-11-05 16:37:01', '', '', 0),
('7b2974a5-84c7-4d0b-ac12-fc4cca18d6f3', 'hongngan123', '$2a$12$I4FEpos5Gj54DiihxMogceyIJSzP3pm1Y8POqZ2o9NsqkG9N55jD.', '0973241157', '0973241157', '2022-08-23 05:12:01', '2022-08-23 05:12:01', '', '', 0),
('7bebb0eb-e8e3-4d97-8c27-5825170f5ee4', 'Zin Tân Bình', '$2a$12$nOCdZwnrAy0wQElU8EpsiuKbzSaUU7PPrM.oGU3mwZ/ZMsdE7aQSm', '0396042732', '0396042732', '2023-11-05 16:37:06', '2023-11-05 16:37:06', '', '', 0),
('7d6c4128-45fb-494a-911f-6f2ff444868e', 'Văn Chung', '$2a$12$2zECr6gICuihJgCfs7tYBO7fcaUm5yhgD58VD/EX2RgQy6b.jamjq', '0896119779', '0896119779', '2022-08-23 05:13:25', '2022-08-23 05:13:25', '', '', 0),
('7dde9632-1d69-4c69-b2f9-3a56ade31ebf', 'lê thị tính', '$2a$12$fv0yxl12j4sOYxRRjyxBt.eS8RC7Pat/4JcEwZZ1yRFsZY2/DadMS', '0974810740', '0974810740', '2023-11-05 16:37:11', '2023-11-05 16:37:11', '', '', 0),
('7f63aaec-460c-4cdb-b175-937718025b67', 'Văn Chung', '$2a$12$2WQQ4J1vCJDz8hEcyLHCk.e3Wf40pisra3BxtKB7hQr3uTcGy5cB.', '0896119779', '0896119779', '2023-11-05 16:36:51', '2023-11-05 16:36:51', '', '', 0),
('801b4444-8a57-4b44-9c75-58c76192d784', 'Hồng Nhật', '$2a$12$I0TeOShisgU7h.i2kJMwRe2WcpRUh1vpl./tmA.YPhnzO1hwTp3ny', '0764997999', '0764997999', '2023-11-05 16:36:56', '2023-11-05 16:36:56', '', '', 0),
('80e9082f-dbbd-4411-8979-1eec7f71c0d9', 'Nguyễn Hoàng Nhân', '$2a$12$ISwQmx4O1YZFGx0NqNrj7eAARXtjl/04R/9n6GUSC36.fDnLAiSj2', '0937475715', '0937475715', '2022-08-23 05:10:40', '2022-08-23 05:10:40', '', '', 0),
('828d689d-a807-4b53-8840-e62df3a78b45', 'Trương Quang Cường Quốc', '$2a$12$y0bmh/KYJXHUuVbuOahgTOqcedh1O4FOfIKjfl5cUI.KefAJr2qsC', '0822141489', '0822141489', '2022-08-23 05:08:39', '2022-08-23 05:08:39', '', '', 0),
('83dd1fee-df9e-4aa2-ba03-977a113baa8b', 'QuanVuuuu', '$2a$12$TKCTP7uk1gNL5ndXS1c.m.Oqu1QMPoSN8ek/TR0Y7VNfkYwnZCcs6', '09123456', NULL, '2023-11-04 08:28:09', '2023-11-04 08:28:09', '', '', 0),
('84bb51ab-c0f0-4e10-bfe2-442382c95206', 'VINH NGUYỄN', '$2a$12$T4YYNsgYmzG/cxUNO/F3suwPB6Y0SoZg6DMWZ.MaCf0eSx88ZsgS2', '0938662616', '0938662616', '2022-08-23 05:13:24', '2022-08-23 05:13:24', '', '', 0),
('84eeaf90-8011-47b9-9095-28fb69238fe8', 'Huỳnh Hoàng Vũ', '$2a$12$wNAFAwaN4NlauKWps51BSOmXHy/HB1Jh21gphuIp8fkfzMi.np2YW', '0902995422', '0902995422', '2023-11-05 16:36:58', '2023-11-05 16:36:58', '', '', 0),
('85e5b2cb-450e-43fd-b410-4cd948ad8a20', 'Trần thanh hải', '$2a$12$AdeqS685Xmau9EZR8LWrVuSO7dUOE5Itk2bt/hFanpQz9qkifPWvq', '0933598239', '0933598239', '2023-11-05 16:37:07', '2023-11-05 16:37:07', '', '', 0),
('8a7c7fa1-2bd9-4570-84bb-f4704da84417', 'Kim Cúc', '$2a$12$EHzUA3OfRrDJli2fvm3HYu6skEvPg.2ShFzqKJ369fYJmOBRgkt7S', '0973018340', '0973018340', '2023-11-05 16:36:58', '2023-11-05 16:36:58', '', '', 0),
('8ace7110-17a7-467a-967c-ef9c645101ab', 'Nguyen anh Tuan', '$2a$12$PB3j7fbqq1Rv5t/hGTc69ukflKOWveCF3beCHlH/p8o5ZUdKqJSVa', '0369259945', '0369259945', '2023-11-05 16:37:09', '2023-11-05 16:37:09', '', '', 0),
('8aecbbd6-7414-4639-9fc9-ed7cae9d10ef', 'huỳnh thị mỹ trâm', '$2a$12$eIKCV/AgpdX8Iq4JEFNFWesnIx8YTZMQe2GxQGrrUuN.usnf7veEu', '0916668326', '0916668326', '2023-11-05 16:36:53', '2023-11-05 16:36:53', '', '', 0),
('8e4d509f-1adc-4204-8fb9-aec8b252667f', 'Dương Ngọc Thủ', '$2a$12$R.MaW1cvHEDHsGiNe3A6AuhIPwjUxx5FjE6Owtcwp2v1IUWfA2nlS', '0902973753', '0902973753', '2023-11-05 16:37:10', '2023-11-05 16:37:10', '', '', 0),
('8e88a1fb-a8b0-47b6-8668-751347ac021d', 'Zin Tân Bình', '$2a$12$.TidJE6iIxPSTs7Jdp0gee8/xZBA8rKZwnX3DTMv03C1VxKW/vvyi', '0396042732', '0396042732', '2022-08-23 05:10:42', '2022-08-23 05:10:42', '', '', 0),
('91b45832-63cf-4d08-9311-cdaebbed3a91', 'An An', '$2a$12$zsk5pyZaviPZ1Q8OPlXuQu2PTtV1CFXLpTOfxuESSVJkR4qYfpyR2', '0777077612', '0777077612', '2023-11-05 16:37:05', '2023-11-05 16:37:05', '', '', 0),
('91e71137-1cae-46dd-bb90-6078904e769c', 'hongngan123', '$2a$12$KV1KQbNz5rTa1WeQxJRyZ.L7XEj/E7WLQS057wITdxFnuHkM5gxKm', '0973241157', '0973241157', '2023-11-05 16:37:08', '2023-11-05 16:37:08', '', '', 0),
('9246be9b-53c3-4547-b10c-ce20e379bcb5', 'nhathuequan2', '$2a$12$3/t5rM4TBRW7bJysjK0CRuOYNR.VKvIGqdEqIQWuxW3JDb6Rjwy2m', '0901396167', '0901396167', '2022-08-23 05:12:14', '2022-08-23 05:12:14', '', '', 0),
('94af8253-7f9a-41dd-84b9-fda7a443f5d8', 'nhathuequan2', '$2a$12$8/UGS3kHpDEIx/uv7WIrV.sg2F2a83.oAPs/TDYFwZY.Q4vZ4aa0e', '0901396167', '0901396167', '2023-11-05 16:37:13', '2023-11-05 16:37:13', '', '', 0),
('97877e69-99f8-40f5-b1ef-aa1005b6c277', 'Đặng Ngọc Hải', '$2a$12$YRiL798JJYI87/TErH4VmOTvGmY8pIF9KO19sy0O5onUxJJK2tPVC', '0907852513', '0907852513', '2022-08-23 05:10:40', '2022-08-23 05:10:40', '', '', 0),
('98132fe4-bc5a-4646-8a72-8097e145f5e3', 'Nguyễn Xuân Công', '$2a$12$wBx.7cSFDeJ3nmqvnTIvbumALwm3KVQ6MI6ephfsfYhJpQaDyKTzm', '0936481998', '0936481998', '2023-11-05 16:37:10', '2023-11-05 16:37:10', '', '', 0),
('99fdc74c-c886-480d-8a9d-448ff9677837', 'Hoàng Phúc', '$2a$12$bLJvhvD0AAVcaaRlpYkFe.vaAlwkdTAh7Craya/TTL5biwGT307UG', '0931313570', '0931313570', '2023-11-05 16:36:53', '2023-11-05 16:36:53', '', '', 0),
('9a7bc860-cd93-45d7-a0f0-e63472f8732d', 'Nguyễn Mỹ Cảnh', '$2a$12$Fb3MpoSp1crsJDjpQ/kOWugOutAmXsW1KUVIRGpHAMgxOCioMBQQS', '0858700057', '0858700057', '2023-11-05 16:36:57', '2023-11-05 16:36:57', '', '', 0),
('9a97d74c-3580-4b44-9893-b386e2323adf', 'Ngô Trúc Quân', '$2a$12$ybrcWbZ0BzwMjEEM0LswOOPwAAKOBJVfOGHtQSWwR82UDPOgla.LO', '0336643754', '0336643754', '2022-08-23 05:10:47', '2022-08-23 05:10:47', '', '', 0),
('9b456969-1eb0-43e1-9fc3-c7042e60e494', 'Văn Chung', '$2a$12$FXEYLNxccANdAhBnwmkNLOHgUm8RV/TnsyuZ.A7TbftbnCEOHDpVS', '0896119779', '0896119779', '2022-08-23 05:13:28', '2022-08-23 05:13:28', '', '', 0),
('9c6df2b9-e787-444d-a70f-90a53a1b9422', 'khang275 (*)', '$2a$12$lfN0FzYFwcPWZ3eqS5V8c.ucU3pefTByuv2JQubU8o8JJPSYnuw0C', '0938297275', '0938297275', '2022-08-23 05:13:25', '2022-08-23 05:13:25', '', '', 0),
('9ca2066d-09cc-4b1e-aca0-91e6f034f9bc', 'Quan Vu', '$2a$12$7GGgi1JXQCoz2wYnvM.dKu1TVeIx/yTYROt5mcZ4KOpTrGh.ilLmG', '0912341234', NULL, '2023-11-04 13:35:37', '2023-11-04 13:35:37', '', '', 0),
('9eaff78c-f075-4a37-b4ef-53c4e6aa3292', 'Hoàng Phúc', '$2a$12$WeMIP0xRBrfeOrYpxXaPc.Lfqp/ZNiwrqVIwltjSlfIYwEBhqd6m2', '0931313570', '0931313570', '2022-08-23 05:13:31', '2022-08-23 05:13:31', '', '', 0),
('a0b30d54-d648-49da-9cbb-4fc2ccd9106e', 'Toan Nghia', '$2a$12$kB4DRD/luxmgL8yiGsb8VeKbNyYzZpe.J6rp63mUuNBwrHMJdg8Wa', '0999899987', NULL, '2023-11-14 03:58:55', '2023-11-14 03:58:55', '', '', 0),
('a1aa02fc-727f-4a31-99ce-bc443880fcfc', 'Nguyễn Trọng Đức', '$2a$12$mekkp4EVdG7G9AV7yZVojebJtF8/uZiBJqdQl.7R3rhzvKfZgjXES', '0384015119', '0384015119', '2023-11-05 16:37:09', '2023-11-05 16:37:09', '', '', 0),
('a2a9ef4b-105e-4936-98d1-992998fe83a9', 'Co Van', '$2a$12$nWQX2R7NofbJoxaP4DQ8SeXZ3VpvGAzj.p9WETrL3UhSAde.f9tUy', '0344268548', '0344268548', '2022-08-23 05:08:41', '2022-08-23 05:08:41', '', '', 0),
('a309208c-4b49-4342-bf67-0adab6965087', 'kenshin8522', '$2a$12$fJL1ZRLO/KHxll8FL5bYEu9qD1ZrSx.GGYfiUk3Es0ubFPoMQSoAa', '0906878018', '0906878018', '2023-11-05 16:36:52', '2023-11-05 16:36:52', '', '', 0),
('a9776327-bde3-4df4-be44-f260c5c87428', 'huỳnh huệ bình', '$2a$12$pvyAAXZ1u4EqSNEajALmfe2tVTIo8lm6UEvC/G.EWEwnWFdt6/MN.', '0909488724', '0909488724', '2023-11-05 16:37:02', '2023-11-05 16:37:02', '', '', 0),
('a99aea17-24b4-4d4a-ac68-2de477d1927e', 'Nguyễn Trọng Đức', '$2a$12$ROjMkTrCp/fwDZr9Ktgi9eJchzXm7DRZ6i6rPGk.OPPRBji0ylZfe', '0384015119', '0384015119', '2022-08-23 05:12:08', '2022-08-23 05:12:08', '', '', 0),
('ac65a4ed-cb9a-4bca-901a-7e3814546082', 'Nguyễn huy cao', '$2a$12$uuvyJHejQWh/m28hqBiLEOm1YJLa27CRsP1dgWtwE4tSnMLx7DTqC', '0937114757', '0937114757', '2022-08-23 05:12:10', '2022-08-23 05:12:10', '', '', 0),
('af0e1b6f-52ca-4aa6-b942-f1d1339bf140', 'huỳnh huệ bình', '$2a$12$aOSpDz.zN9J.M3p9W8WgzuDWBBd10SeewqlM4zPZ1RfQXacgMT6.2', '0909488724', '0909488724', '2022-08-23 05:08:45', '2022-08-23 05:08:45', '', '', 0),
('affd4ebe-6ef5-4df2-9bce-e07f9ab228a2', 'nguyen thi phuc', '$2a$12$FoAIzwUlulxZqbIXrB5Y8OARwa/1IBgiEZuBTw8b4wkNA7FryQMfO', '0397077772', '0397077772', '2023-11-05 16:37:12', '2023-11-05 16:37:12', '', '', 0),
('b1f19e42-b9a3-4fae-8e51-08d6d4af2aad', 'quantssssssssss', '$2a$12$Jrvx6NhV9hiYdViRHnflk.CiqRvrCTTVv/xdB.0RygSdSETNBU2v6', '1234', NULL, '2023-11-04 08:05:22', '2023-11-04 08:05:22', '', '', 0),
('b2113df7-527a-48c0-a460-d28b80c977e8', 'BÙI HÀ PHIẾU', '$2a$12$3FV1WSBeEfzUJu0bJ9tBk.YfMsFesjNWlY2sEPZyuNgTTbeQMMTXu', '0583165215', '0583165215', '2022-08-23 05:10:39', '2022-08-23 05:10:39', '', '', 0),
('b541b795-9de7-424e-a1e2-5053f1eec7d9', 'Trịnh Phuc', '$2a$12$LQclHOIzxCO20RJ2CJIeP.QMAECDEqSs9nUB0vXzQFPe54/pjlOCC', '0931610338', '0931610338', '2023-11-05 16:37:03', '2023-11-05 16:37:03', '', '', 0),
('b587d542-5ce0-4502-8775-71d434da821c', '12345157', '$2a$12$wXiSanHkUzYRGXgCTfIQU.E.hjGp6CYm.4L12uDsen.m8xxn815nW', '123465765346345', NULL, '2023-10-28 14:19:00', '2023-10-28 14:19:00', '', '', 0),
('b7a7e695-0431-4294-abf4-f3c143ce09fe', 'hoangle2706', '$2a$12$G00SjTL15Bznmy7WFWPDKez31BpQcwWGvwoe77lzWGY54EN1bT9TS', '0937554570', '0937554570', '2022-08-23 05:10:43', '2022-08-23 05:10:43', '', '', 0),
('ba6ffe46-14b1-4fc1-a33b-6cec5996d21b', 'Duong', '$2a$12$t38A8n.Mtgs7PggoFyk1juA3tq2/FCIkLYmwsniA4dV5OHjmX4eIK', '0906416110', '0906416110', '2022-08-23 05:12:09', '2022-08-23 05:12:09', '', '', 0),
('bacaa9d9-0161-42b8-9e3e-5e3bbd0b4e7a', 'Nguyễn Hoàng Nhân', '$2a$12$IId4PPp61px4hR5ipXta2..kfb9UQud9gV3.OSp0Eitok0Ds/.44q', '0937475715', '0937475715', '2023-11-05 16:37:04', '2023-11-05 16:37:04', '', '', 0),
('bb173cac-d6ce-445e-9127-2c107714a3b0', 'nhathuequan2', '$2a$12$0p.R01SwrcL1oBAevGwj2OFtSA5NHxnRtqPoQeLb21pGMVcij1NFm', '0901396167', '0901396167', '2023-11-05 16:37:13', '2023-11-05 16:37:13', '', '', 0),
('bcded2aa-9423-47c3-9091-ebd6f329a0a2', 'Trương Đình Tiến', '$2a$12$0eIn36X0Z6Tl5YtKta/ouOc9onpYSNDtkaB7OnvV/c1C6e.1MPVbm', '0974422927', '0974422927', '2023-11-05 16:37:05', '2023-11-05 16:37:05', '', '', 0),
('bcfd3743-3d36-4627-836c-0abf20f12807', 'An An', '$2a$12$SniZLilJKM2tmWTQVGnyHO.knU7Klhh.h2d0qoGwoHxdTyxDFCLCK', '0777077612', '0777077612', '2022-08-23 05:10:44', '2022-08-23 05:10:44', '', '', 0),
('be203860-a034-4e2b-8ea5-1e45f8d2c13e', 'Mr Bình', '$2a$12$UCLj6mSg3nfwxNkjfnS8wezitCkwEsG9kp58ADBEJWkBNzkrP0x3G', '0936456678', '0936456678', '2023-11-05 16:36:52', '2023-11-05 16:36:52', '', '', 0),
('bf4d4b2a-8452-4543-889a-63c24969fb60', 'lê thị tính', '$2a$12$j0UrxEKoCsgIPDkdVVMA7.rm5Wt6QiVDTn69TEInOzVo/S8YAuJEK', '0974810740', '0974810740', '2022-08-23 05:12:07', '2022-08-23 05:12:07', '', '', 0),
('c05b621c-15ab-4b27-8887-b0dbe3413b30', 'Anh Cảnh', '$2a$12$ZwHe6YqUOSPFQPsrZ6ZCjOkPxZjcGGUogznYMg2L1.jZXBUBrRKPa', '0913635257', '0913635257', '2022-08-23 05:13:32', '2022-08-23 05:13:32', '', '', 0),
('c0d41ad2-8e16-4a84-87e5-e30db2317b46', 'thuyngocnt78@gmail.com', '$2a$12$PJ.FhqnFlnJhxQaTOtmbFOv4uf8UQWXPod11l8sTEQrutpb9jMVie', '0907667248', '0907667248', '2022-08-23 05:13:35', '2022-08-23 05:13:35', '', '', 0),
('c441dbb1-ae89-476e-9b23-649dc03c099f', 'Bích Đào', '$2a$12$D6C14qen/vCAr8o66iTK3.hiJ6/S7A4Crl0fzIX7kVlEc93.8drTq', '0935101516', '0935101516', '2022-08-23 05:13:26', '2022-08-23 05:13:26', '', '', 0),
('c52a99cd-126d-410d-988c-83429df90c57', 'Phạm Tuấn Anh', '$2a$12$1QbmyMNp2Lj3O8nwSLgnzeoXz4YtWpT72V6IwSAGfaAkvmQK516Cq', '0947776788', '0947776788', '2022-08-23 05:12:04', '2022-08-23 05:12:04', '', '', 0),
('c596fa5c-98df-4f22-9885-74d83f5f07f2', 'Tài Megas', '$2a$12$qVNbCAsmWLJfTMmWEFUKTu5gPh/ybcV/6fZlsHry9ePqDetSIpgZ.', '0862421728', '0862421728', '2022-08-23 05:10:38', '2022-08-23 05:10:38', '', '', 0),
('c61f7b3f-761b-4045-8cac-6e4626f37173', 'Kim Cúc', '$2a$12$zHzfCKAAcq3gb37QMnjYqurXkqAW6ZRiUxRt4NKzg5zJ9Y16v1p1W', '0973018340', '0973018340', '2022-08-23 05:08:37', '2022-08-23 05:08:37', '', '', 0),
('cbfe1d7e-929a-4d50-b882-a2c2dbf88a1b', 'Nguyễn Hoàng Nhân', '$2a$12$MTc0dqZOMA0Qj6lhIgZaj.bbnwMEw1lpYdforbLFxs4qRQJ56ssmy', '0937475715', '0937475715', '2022-08-23 05:10:35', '2022-08-23 05:10:35', '', '', 0),
('cec624e7-8208-485c-b0c8-233233839e34', 'Trịnh Phuc', '$2a$12$fioPdXVT.6v7ArVVqk6QYugxBDhEXd.W05GJ4F4VFLOxKFxygqJ3m', '0931610338', '0931610338', '2022-08-23 05:10:36', '2022-08-23 05:10:36', '', '', 0),
('d280e337-ccb3-4779-b51a-899a41e5a336', 'Dương Ngọc Thủ', '$2a$12$BwTEGTP5Z4pP55AH2xhbgObdxyOGl/yAHXTKWptblXeElD37mKCsW', '0902973753', '0902973753', '2022-08-23 05:12:09', '2022-08-23 05:12:09', '', '', 0),
('d63d8d86-48f0-4cea-82d4-930376b7a6b6', 'Trương Quang Cường Quốc', '$2a$12$Irt3R8aaogMRy6GaC6CvK.0iVV4m33KzT3S1euY1Y/XJgFU7WI4q6', '0822141489', '0822141489', '2022-08-23 05:08:34', '2022-08-23 05:08:34', '', '', 0),
('d75a3fd3-82a7-4890-99ae-71d46ee576c5', 'Huỳnh Hoàng Vũ', '$2a$12$gRZwFdJb7BGhIfPGvaEKhOXvrfelulEXUqm3gc0Xr2RtcAAhr87kS', '0902995422', '0902995422', '2022-08-23 05:08:38', '2022-08-23 05:08:38', '', '', 0),
('dadb9e3b-e72e-485c-9e6d-4966c4df8c49', 'Trịnh Thị Ánh Tuyết', '$2a$12$iuOr5p/hcxImiICsORNYLeE4GYQ0BNBwMaVdmFzBl.HMBf28tkjha', '0983612733', '0983612733', '2023-11-05 16:36:58', '2023-11-05 16:36:58', '', '', 0),
('dc05e7d4-a15c-4840-ae1d-84511fd0812b', '213123123', '$2a$12$HCM6YEHmFzrFs6Lq/2nIEOe/wCL7LKPTAbara22UpLa7pvSauzBjK', '123123123123', NULL, '2023-11-13 15:26:06', '2023-11-13 15:26:06', '', '', 0),
('de58a76d-2232-4d7d-8c9b-ba4e8dc96cab', 'Thanh Thơ', '$2a$12$c4//zLCP3XJzWkqVzOfgJOZTF4qv4oyGu6Xi5WdgxrleeRmBvI52u', '0986411535', '0986411535', '2023-11-05 16:37:04', '2023-11-05 16:37:04', '', '', 0),
('deed9cef-c1fc-4d01-a674-7a219fd5a9d9', 'Nguyễn Xuân Công', '$2a$12$Fyz9PepqMc65pnzyUfPMU.thyim/6JY4ejEfoIxk3kQOHlmNf.Ria', '0936481998', '0936481998', '2022-08-23 05:12:08', '2022-08-23 05:12:08', '', '', 0),
('dfabfae5-4ff2-4372-8b0d-449f4ccce174', 'Nguyen anh Tuan', '$2a$12$p8IAKdas3Q9tdotL3.JCjedJMp11wcBXaJqheLHZsBxPbxj0NlgpO', '0369259945', '0369259945', '2022-08-23 05:12:05', '2022-08-23 05:12:05', '', '', 0),
('dfc2fecc-6fdb-470e-bcf0-01d45c126813', 'Phan Trọng An', '$2a$12$Lp1llBJy7inP7EEX7p169uNvpTaRCNcONW9Tne/NkYaxKbfBML/va', '0393995122', '0896430001', '2022-08-23 05:08:43', '2022-08-23 05:08:43', '', '', 0),
('e2b97ebf-3722-4825-b3fe-c91dc8a5bed2', 'diep quoc hung', '$2a$12$c.tvC.RXZYEQngA7t8JXaOPKfRlUBlsf214/41MQRaBul4RGWMEh2', '0908381668', '0908381668', '2023-11-05 16:37:08', '2023-11-05 16:37:08', '', '', 0),
('e453c193-e10c-4759-aeba-ef044ab9f656', 'Quan Vu', '$2a$12$TMy1Wn.G80zFILsC8DBZoup0HqRYHnsTA4UjyvOPngA.7xn/7GKNy', '0123456789', NULL, '2023-11-16 01:09:48', '2023-11-16 01:09:48', '', '', 0),
('ea738783-d078-406c-9962-5a9dae2b7b34', 'nhathuequan2', '$2a$12$yecbcvPK1qX/HUBHNpLQf.iE6bV2uDgqKR.lG0dQDSjAE/e24MyV6', '0901396167', '0901396167', '2022-08-23 05:12:13', '2022-08-23 05:12:13', '', '', 0),
('eac11b7c-fad2-47c2-9d4c-6a13165bfb7b', 'thuy phan', '$2a$12$5Fh647XpeEGZZ7asUi4jC..NSYdwkfvrTbgJYa5Qv92G3917Veveu', '0913609230', '0913609230', '2022-08-23 05:08:42', '2022-08-23 05:08:42', '', '', 0),
('eb89fb71-c541-41d2-9766-9d83e215ee60', 'Lê Đức cường', '$2a$12$j/XaIINfNsXbSA9cerS//O5HyUYTEHhFugwtKrXRS1.oICwty4AcW', '0888880132', '0888880132', '2023-11-05 16:37:00', '2023-11-05 16:37:00', '', '', 0),
('ed203f9f-cfc3-4f3b-9a8b-e7ee1ec9d985', 'van528', '$2a$12$s/qOlKNgnk7is/hc6PTFEOQCyFc/SxhEVfb/OtTpb3GM.B2eTovBO', '0919990528', '0919990528', '2022-08-23 05:13:35', '2022-08-23 05:13:35', '', '', 0),
('ee3066be-4424-492f-ae8c-917aaf21d556', '12323141234', '$2a$12$Z2qDvDOMTvyCZiaisPFiweaWbwE47PbxYQb/vBOz9RcCmVmz5PGzi', '09123', NULL, '2023-11-04 08:21:27', '2023-11-04 08:21:27', '', '', 0),
('eeef7ca4-9ccf-431f-bd03-ce255f6a766f', 'Trương Quang Cường Quốc', '$2a$12$SbfQlJtga/0VDlpqn/8.fObp2UBT3O.kdaWZFSUQjjYROdaCmFw/a', '0822141489', '0822141489', '2023-11-05 16:36:59', '2023-11-05 16:36:59', '', '', 0),
('efdd9fea-2611-46f9-9ad2-60666dd0da49', 'Nguyễn Văn Bên', '$2a$12$Oq5rJVHihXvFTAipr/AVeOL.O0zruif/XXurt6hy2J.x7RuNpDKwy', '0904509552', '0904509552', '2022-08-23 05:08:44', '2022-08-23 05:08:44', '', '', 0),
('f1067b9c-4e9c-497b-91be-8a4871f4b772', 'ThuecanhominiQ7', '$2a$12$uQAGTY5ZKOIXfO2vpQGenutFtAjhNNt1vz1GHa7MF02C2OEyzW1/a', '0988373731', '0988373731', '2022-08-23 05:13:32', '2022-08-23 05:13:32', '', '', 0),
('f327e622-d10d-452b-bf85-333b94383dbf', 'Văn Chung', '$2a$12$WXrfXFWw6Ow8unlC4m.yxeYOO9kqKI/L83tqnP/QaiD9qkLbCbQtW', '0896119779', '0896119779', '2023-11-05 16:37:02', '2023-11-05 16:37:02', '', '', 0),
('f3845526-2637-46bf-a69c-3137f2225cb3', 'thuy phan', '$2a$12$DSQsqYTw8VS5JpaiNb8vmejlOQ0Z6.nixYorGYPqQYXEoVicNBBA6', '0913609230', '0913609230', '2022-08-23 05:08:41', '2022-08-23 05:08:41', '', '', 0),
('f62951c4-f552-4d17-97cc-fd36c514d793', 'Mr Bình', '$2a$12$Cl3W.JCqry3rHsgnP3TpH.fhU0c8EInfSb01S1o256Y/MGgac3bcK', '0936456678', '0936456678', '2022-08-23 05:13:22', '2022-08-23 05:13:22', '', '', 0),
('f7b554c6-976d-4c62-9145-044a754bd152', '3123123', '$2a$12$QEmwZectSvyFfMFNJlD9hengiRTH5aL0jZNccl3yioiRqmBLm4flu', '0967263389123123', NULL, '2023-11-12 02:57:54', '2023-11-12 02:57:54', '', '', 0),
('f8cef115-b3cf-43e8-b5f1-7c121de7a2b6', 'NGUYỄN AN', '$2a$12$wDyoLKPv233lqWmhw.pqWO2dppCJT3DS1K/ZKVieMG/glPimCJPJ.', '0979144859', '0375174435', '2022-08-23 05:08:36', '2022-08-23 05:08:36', '', '', 0),
('fa1a7c6c-04ca-425a-9241-e9b988b41ccf', 'Chị Đoan', '$2a$12$Nl14IBq28SEEqwTGXX8ENuhYU2IMY8.6BFbFflRJqXPvRydnxkCQC', '0903934756', '0903934756', '2022-08-23 05:13:36', '2022-08-23 05:13:36', '', '', 0),
('fa375b9a-4e21-47ee-a029-dd23053dcb26', '123', '$2a$12$z5jNmN7J8mJ/SSiwuDc0oOGD/xl7DVsGzpHslDrQuQW5ob9jClE2e', '123', NULL, '2023-10-28 13:39:48', '2023-10-28 13:39:48', '', '', 0),
('fbdfae13-1402-454c-86cf-0a9ad30182c1', 'Trịnh Thị Ánh Tuyết', '$2a$12$e2b2PQ0qr4BVn0ot9FvW2.9RQnR6meEAYx4ncempMJVraLfwKvXgO', '0983612733', '0983612733', '2022-08-23 05:08:36', '2022-08-23 05:08:36', '', '', 0),
('fdd96f36-0298-4fce-a3f3-d89b4df24591', 'VINH NGUYỄN', '$2a$12$nb6mDbklIEJlHTtQq4c6Du9Z0tIuQeXxeVsUDXcLZBZAG.3mJvhMO', '0938662616', '0938662616', '2023-11-05 16:36:51', '2023-11-05 16:36:51', '', '', 0);

--
-- Chỉ mục cho các bảng đã đổ
--

--
-- Chỉ mục cho bảng `areas`
--
ALTER TABLE `areas`
  ADD PRIMARY KEY (`id`);

--
-- Chỉ mục cho bảng `attributes`
--
ALTER TABLE `attributes`
  ADD PRIMARY KEY (`id`);

--
-- Chỉ mục cho bảng `categories`
--
ALTER TABLE `categories`
  ADD PRIMARY KEY (`id`);

--
-- Chỉ mục cho bảng `historytransactions`
--
ALTER TABLE `historytransactions`
  ADD PRIMARY KEY (`transaction_id`);

--
-- Chỉ mục cho bảng `images`
--
ALTER TABLE `images`
  ADD PRIMARY KEY (`id`);

--
-- Chỉ mục cho bảng `labels`
--
ALTER TABLE `labels`
  ADD PRIMARY KEY (`id`);

--
-- Chỉ mục cho bảng `overviews`
--
ALTER TABLE `overviews`
  ADD PRIMARY KEY (`id`);

--
-- Chỉ mục cho bảng `posts`
--
ALTER TABLE `posts`
  ADD PRIMARY KEY (`id`);

--
-- Chỉ mục cho bảng `prices`
--
ALTER TABLE `prices`
  ADD PRIMARY KEY (`id`);

--
-- Chỉ mục cho bảng `provinces`
--
ALTER TABLE `provinces`
  ADD PRIMARY KEY (`id`);

--
-- Chỉ mục cho bảng `sequelizemeta`
--
ALTER TABLE `sequelizemeta`
  ADD PRIMARY KEY (`name`),
  ADD UNIQUE KEY `name` (`name`);

--
-- Chỉ mục cho bảng `users`
--
ALTER TABLE `users`
  ADD PRIMARY KEY (`id`);

--
-- AUTO_INCREMENT cho các bảng đã đổ
--

--
-- AUTO_INCREMENT cho bảng `areas`
--
ALTER TABLE `areas`
  MODIFY `id` int(11) NOT NULL AUTO_INCREMENT, AUTO_INCREMENT=7;

--
-- AUTO_INCREMENT cho bảng `categories`
--
ALTER TABLE `categories`
  MODIFY `id` int(11) NOT NULL AUTO_INCREMENT, AUTO_INCREMENT=5;

--
-- AUTO_INCREMENT cho bảng `labels`
--
ALTER TABLE `labels`
  MODIFY `id` int(11) NOT NULL AUTO_INCREMENT, AUTO_INCREMENT=71;

--
-- AUTO_INCREMENT cho bảng `prices`
--
ALTER TABLE `prices`
  MODIFY `id` int(11) NOT NULL AUTO_INCREMENT, AUTO_INCREMENT=11;

--
-- AUTO_INCREMENT cho bảng `provinces`
--
ALTER TABLE `provinces`
  MODIFY `id` int(11) NOT NULL AUTO_INCREMENT, AUTO_INCREMENT=15;
COMMIT;

/*!40101 SET CHARACTER_SET_CLIENT=@OLD_CHARACTER_SET_CLIENT */;
/*!40101 SET CHARACTER_SET_RESULTS=@OLD_CHARACTER_SET_RESULTS */;
/*!40101 SET COLLATION_CONNECTION=@OLD_COLLATION_CONNECTION */;
